competenciamov,grande_grupo_cbo,linhas_mov,linhas_for,linhas_exc,meses_for_possiveis,fracao_for_sobre_mov_pct
202101,1,63008,9618,516,12,15.264728288471305
202101,2,146391,18458,814,12,12.608698622183057
202101,3,216253,23774,1158,12,10.9936047129982
202101,4,563720,56683,2518,12,10.05516923295253
202101,5,784656,111605,3894,12,14.223430394975633
202101,6,147759,26226,573,12,17.749172639230096
202101,7,759136,74298,3177,12,9.787179108881675
202101,8,97282,8138,333,12,8.365370777738944
202101,9,64886,8647,314,12,13.326449465215918
202102,1,62488,7706,364,12,12.331967737805659
202102,2,177889,19952,988,12,11.215983000635228
202102,3,240785,23299,1109,12,9.67626720933613
202102,4,585658,50160,2556,12,8.564725488254236
202102,5,815374,100109,4190,12,12.277678709402066
202102,6,162852,26334,564,12,16.170510647704663
202102,7,807387,67502,3175,12,8.360550764379411
202102,8,105632,7471,321,12,7.072667373523175
202102,9,74870,7709,285,12,10.296513957526379
202103,1,65986,7678,406,12,11.635801533658654
202103,2,180066,18115,853,12,10.060200148834316
202103,3,260302,24000,1190,12,9.220059776720886
202103,4,577269,46982,4124,12,8.138666722100096
202103,5,803248,92660,3652,12,11.535665199290879
202103,6,190417,26339,670,12,13.83227337895251
202103,7,817721,69035,2873,12,8.442366039272564
202103,8,107500,7760,300,12,7.21860465116279
202103,9,74931,7739,284,12,10.328168581761888
202104,1,61235,6584,341,12,10.752020903078305
202104,2,157775,13808,835,12,8.75170337505942
202104,3,230732,18490,1189,12,8.013626198360003
202104,4,501955,39112,2050,12,7.7919335398591505
202104,5,676274,74874,3160,12,11.071547922883328
202104,6,173041,24202,513,12,13.98628070804029
202104,7,717975,58743,2892,12,8.18176120338452
202104,8,93583,5897,270,12,6.301358152655931
202104,9,66130,6648,320,12,10.052926054740663
202105,1,63005,4823,341,12,7.654948019998413
202105,2,155781,11006,741,12,7.065046443404523
202105,3,230718,14765,867,12,6.3995873750639305
202105,4,538534,30523,1580,12,5.667794419665239
202105,5,757069,59712,2841,12,7.887259945923027
202105,6,174760,27340,759,12,15.644312199588006
202105,7,752590,50048,2516,12,6.650101648972216
202105,8,95572,4738,285,12,4.957518938601264
202105,9,69898,5229,225,12,7.480900741079859
202106,1,65393,3996,290,12,6.11074579847996
202106,2,161900,8842,511,12,5.461395923409512
202106,3,236475,12957,698,12,5.479226133840786
202106,4,559069,28938,1605,12,5.1761052750197205
202106,5,783327,49975,2453,12,6.3798388157180845
202106,6,165281,24071,525,12,14.563682455938673
202106,7,770181,41360,2292,12,5.37016623365157
202106,8,97349,4101,185,12,4.212678096333809
202106,9,70485,4163,210,12,5.906221181811733
202107,1,67300,5362,522,12,7.9673105497771175
202107,2,169913,11438,590,12,6.7316803305220905
202107,3,243679,16353,796,12,6.710877835184813
202107,4,579735,33729,1648,12,5.818003053119098
202107,5,825084,67280,3014,12,8.154321256987167
202107,6,155792,21861,481,12,14.032171099928108
202107,7,796483,53444,3049,12,6.709998832366793
202107,8,103421,5129,201,12,4.9593409462294895
202107,9,73970,5232,252,12,7.0731377585507635
202108,1,69060,4402,270,12,6.374167390674776
202108,2,192247,10589,622,12,5.5080183305851325
202108,3,262112,14049,1108,12,5.35992247588817
202108,4,624560,29111,1593,12,4.6610413731266815
202108,5,916282,61602,3017,12,6.7230394136303016
202108,6,164729,16826,766,12,10.214352057014855
202108,7,852631,47250,2956,12,5.541670429529304
202108,8,108859,4585,222,12,4.211870401161135
202108,9,74998,4695,228,12,6.260166937785008
202109,1,70816,4460,247,12,6.298011748757343
202109,2,174550,9923,745,12,5.684904038957319
202109,3,252968,15008,987,12,5.932766199677429
202109,4,620051,28758,1636,12,4.638005583411687
202109,5,931570,63975,2643,12,6.867438839808066
202109,6,184262,17417,403,12,9.452301614006144
202109,7,847365,48314,2657,12,5.701675193098605
202109,8,106930,4603,196,12,4.304685308145515
202109,9,74429,4750,233,12,6.381921025406763
202110,1,69427,3770,279,12,5.430164057211171
202110,2,162226,8549,478,12,5.269808785274863
202110,3,244475,11324,749,12,4.631966458738113
202110,4,638810,27280,1713,12,4.2704403500258294
202110,5,956073,55812,2539,12,5.837629553391843
202110,6,174361,13900,958,12,7.971966208039642
202110,7,845546,42044,2337,12,4.972408360988048
202110,8,102530,4800,177,12,4.681556617575343
202110,9,74947,3928,196,12,5.241036999479633
202111,1,65625,3993,272,12,6.0845714285714285
202111,2,150102,9585,469,12,6.385657752728145
202111,3,239676,15466,976,12,6.452878052036916
202111,4,643411,38080,1946,12,5.918456476497915
202111,5,978555,62787,2600,12,6.416297499885035
202111,6,166578,11075,801,12,6.648537021695542
202111,7,805402,45259,2174,12,5.619429800273652
202111,8,99585,6447,153,12,6.473866546166591
202111,9,72486,4057,251,12,5.596942857931187
202112,1,61223,2531,312,12,4.1340672623033825
202112,2,183077,11977,1657,12,6.542056074766355
202112,3,249526,11729,994,12,4.700512171076361
202112,4,616410,19877,1959,12,3.2246394445255593
202112,5,995022,37318,2996,12,3.750469838857834
202112,6,151815,5939,435,12,3.9119981556499686
202112,7,719947,23805,1923,12,3.306493394652662
202112,8,90635,4016,139,12,4.430959342417388
202112,9,73976,2267,165,12,3.0645074078079375
202201,1,73965,3921,397,12,5.301155952139525
202201,2,190433,12622,694,12,6.628052910997568
202201,3,268669,13336,931,12,4.963728602853325
202201,4,665055,26388,1941,12,3.967792137492388
202201,5,990600,42798,2870,12,4.320411871592974
202201,6,187170,7311,487,12,3.9060746914569644
202201,7,843992,29520,2349,12,3.497663484961943
202201,8,100703,4672,207,12,4.639385122588205
202201,9,79527,3130,221,12,3.935770241553183
202202,1,74976,3359,292,12,4.48010029876227
202202,2,242678,16897,1128,12,6.962724268372082
202202,3,315418,16279,1204,12,5.16108782631302
202202,4,711211,23019,1866,12,3.236592234934499
202202,5,1048602,38108,3028,12,3.634171973732646
202202,6,192369,5912,350,12,3.0732602446340107
202202,7,914005,25984,2270,12,2.842872850804974
202202,8,111403,4109,198,12,3.6884105454969793
202202,9,87117,2974,184,12,3.4137998324092886
202203,1,79596,3322,318,12,4.1735765616362634
202203,2,213860,12047,1021,12,5.633124473954924
202203,3,300596,13069,1580,12,4.347695910790563
202203,4,721592,23480,1794,12,3.253916340535926
202203,5,1078324,42817,2783,12,3.9706989735923526
202203,6,227355,9995,410,12,4.396208572496756
202203,7,942438,34190,2250,12,3.62782485426097
202203,8,118258,3330,208,12,2.815877149960256
202203,9,87934,3356,247,12,3.816498737689631
202204,1,76702,1880,444,12,2.4510443013219994
202204,2,193910,5559,574,12,2.8667938734464444
202204,3,279515,5831,580,12,2.0861134465055544
202204,4,672250,8966,1694,12,1.3337300111565638
202204,5,1029648,21511,2560,12,2.0891605674949107
202204,6,203374,4038,267,12,1.985504538436575
202204,7,868031,13139,1808,12,1.5136556182901302
202204,8,105959,1131,184,12,1.0673939920157798
202204,9,82759,1446,187,12,1.7472419918075375
202205,1,77894,2254,344,12,2.8936760212596604
202205,2,187821,6446,948,12,3.4319910979070496
202205,3,282560,7349,700,12,2.6008635334088335
202205,4,695813,13814,1564,12,1.9853035226418592
202205,5,1050183,28516,2122,12,2.7153362794865274
202205,6,215892,5322,607,12,2.465121449613696
202205,7,936074,20673,1754,12,2.2084792441623207
202205,8,111402,1671,108,12,1.4999730705014274
202205,9,87263,2388,188,12,2.736555011860697
202206,1,74924,1971,245,12,2.630665741284502
202206,2,184035,5147,550,12,2.7967506180889505
202206,3,267891,5299,628,12,1.978043308659119
202206,4,673537,10883,1535,12,1.6157983896949981
202206,5,1019064,22525,2042,12,2.2103616652143536
202206,6,204793,4240,265,12,2.070383265053005
202206,7,903970,15568,1873,12,1.722181045831167
202206,8,107994,1333,119,12,1.2343278330277607
202206,9,83600,1576,169,12,1.8851674641148326
202207,1,73605,2018,257,12,2.7416615719040824
202207,2,186510,6272,579,12,3.3628223687737924
202207,3,270820,6574,498,12,2.427442581788642
202207,4,681119,11058,1482,12,1.6235048501069564
202207,5,1044858,23744,1795,12,2.272461903914216
202207,6,187408,3410,228,12,1.8195594638435926
202207,7,913522,15791,1656,12,1.7285845332679455
202207,8,111421,1356,127,12,1.2170057709049462
202207,9,84909,1770,209,12,2.084584673002862
202208,1,79235,1762,248,12,2.223764750425948
202208,2,214683,6037,615,12,2.8120531201818495
202208,3,297001,6840,628,12,2.303022548745627
202208,4,725076,9174,1449,12,1.2652466775896596
202208,5,1125954,20014,2346,12,1.777514889595845
202208,6,198726,3188,207,12,1.6042188742288377
202208,7,979534,13249,1686,12,1.3525819420254936
202208,8,117076,1082,160,12,0.9241859988383614
202208,9,87676,1380,139,12,1.5739769150052465
202209,1,73485,1651,252,12,2.2467170170783155
202209,2,177221,4261,643,12,2.4043426004818844
202209,3,269114,4654,810,12,1.72937862764479
202209,4,690912,8651,1391,12,1.2521131489972674
202209,5,1062168,19083,2069,12,1.7966084461215175
202209,6,198042,3472,228,12,1.753163470374971
202209,7,911515,13820,1908,12,1.5161571669144227
202209,8,109160,1110,124,12,1.01685599120557
202209,9,83442,1294,167,12,1.5507777857673595
202210,1,68736,1813,286,12,2.6376280260707636
202210,2,156116,4000,421,12,2.5621973404391607
202210,3,244043,4616,614,12,1.891469945870195
202210,4,672805,10339,1269,12,1.5367008271341622
202210,5,1045567,21632,1785,12,2.0689252816892654
202210,6,178665,3206,186,12,1.79441972406459
202210,7,871012,15139,1508,12,1.7380931605993948
202210,8,104771,1407,98,12,1.3429288639031793
202210,9,77755,1479,141,12,1.90212848048357
202211,1,65296,1659,310,12,2.54073756432247
202211,2,143921,3286,347,12,2.2831970317048937
202211,3,229009,4486,532,12,1.958874978712627
202211,4,673267,10885,1055,12,1.6167434316549008
202211,5,1058566,22192,1690,12,2.096421007287217
202211,6,176864,2980,196,12,1.6849104396598515
202211,7,838450,15512,1414,12,1.8500805056950325
202211,8,99179,1276,114,12,1.286562679599512
202211,9,75741,1372,161,12,1.811436342271689
202212,1,57939,2007,272,12,3.463987987366023
202212,2,180561,8123,1236,12,4.498756652876313
202212,3,243846,8341,625,12,3.4206015271933925
202212,4,605760,13754,1194,12,2.2705361859482305
202212,5,1043203,27166,1885,12,2.6040952719652837
202212,6,161473,3955,174,12,2.4493258934930298
202212,7,742051,15281,1464,12,2.0592924206018184
202212,8,89782,1338,104,12,1.4902764473948007
202212,9,72242,1698,121,12,2.350433265967166
202301,1,76845,4054,403,12,5.275554688008328
202301,2,194217,8402,514,12,4.326088859368644
202301,3,268866,7625,586,12,2.8359852119643243
202301,4,715598,14671,1779,12,2.050173421390222
202301,5,1110770,29744,2332,12,2.677782079098283
202301,6,193066,3987,219,12,2.0650969098650203
202301,7,910579,20142,1804,12,2.2119991785446405
202301,8,107524,1630,147,12,1.5159406272088092
202301,9,87690,1823,195,12,2.07891435739537
202302,1,71631,2167,507,12,3.0252265080761123
202302,2,224633,9888,590,12,4.401846567512342
202302,3,294972,8373,549,12,2.838574508766934
202302,4,690920,10928,1303,12,1.5816592369594165
202302,5,1092909,25206,1966,12,2.306321935312089
202302,6,188678,3055,282,12,1.6191606864605306
202302,7,897937,14514,1579,12,1.6163717499111854
202302,8,111184,1402,134,12,1.2609728018419917
202302,9,85039,1529,158,12,1.797998565364127
202303,1,88910,2617,424,12,2.943425936340119
202303,2,214894,7345,712,12,3.4179642056083464
202303,3,312223,7241,683,12,2.319175717355864
202303,4,786404,12545,1464,12,1.5952360364392857
202303,5,1238721,26625,2660,12,2.149394415691669
202303,6,241480,4645,244,12,1.9235547457346365
202303,7,1029507,16965,1932,12,1.6478761193464444
202303,8,132250,1551,189,12,1.1727788279773157
202303,9,97276,1615,197,12,1.660224515810683
202304,1,77728,2044,299,12,2.6296829971181555
202304,2,177639,5688,513,12,3.2019995609072334
202304,3,268539,6626,482,12,2.467425588089626
202304,4,667745,11351,1219,12,1.69990041108507
202304,5,1070616,23196,2064,12,2.166603151830348
202304,6,215640,5181,166,12,2.402615470228158
202304,7,875917,16378,1274,12,1.8698118657361371
202304,8,111587,1797,115,12,1.6104026454694542
202304,9,85142,1398,125,12,1.641962838552066
202305,1,81870,1621,302,12,1.9799682423354097
202305,2,182526,4577,482,12,2.507587960071442
202305,3,279744,4282,583,12,1.5306851978952185
202305,4,720545,8222,1385,12,1.1410807097405435
202305,5,1150295,20131,3029,12,1.750072807410273
202305,6,245775,2992,206,12,1.2173736140779168
202305,7,970766,11933,1544,12,1.2292354697218486
202305,8,120041,996,131,12,0.8297165135245458
202305,9,93572,1169,183,12,1.2493053477536016
202306,1,81136,1463,263,12,1.8031453362255965
202306,2,181435,3913,350,12,2.1566952352082014
202306,3,266755,3860,598,12,1.4470206744016045
202306,4,696787,8554,1069,12,1.2276348439336555
202306,5,1100152,18180,2007,12,1.6524989274209383
202306,6,222089,2984,233,12,1.3436054914921496
202306,7,917851,12352,1518,12,1.3457521972520594
202306,8,116322,1135,91,12,0.9757397568817593
202306,9,88535,1359,143,12,1.5349861636640876
202307,1,78558,1458,259,12,1.8559535629725807
202307,2,177237,3712,354,12,2.094370814220507
202307,3,263359,3316,421,12,1.2591177821908497
202307,4,697116,7356,1168,12,1.0552045857504346
202307,5,1098063,15646,1838,12,1.424872707667957
202307,6,190736,1989,171,12,1.0428026172300982
202307,7,914139,10819,1476,12,1.1835180426609082
202307,8,118114,858,136,12,0.7264168515163317
202307,9,86372,1055,153,12,1.2214606585467513
202308,1,84733,1268,291,12,1.4964653676843733
202308,2,207778,3615,430,12,1.7398377114035173
202308,3,293102,3693,478,12,1.2599709316210739
202308,4,754602,7222,1381,12,0.9570608082141314
202308,5,1199468,14565,2137,12,1.2142883344949595
202308,6,203955,1850,248,12,0.9070628324875585
202308,7,1013568,9894,1977,12,0.9761555218791438
202308,8,125706,917,231,12,0.7294798975387015
202308,9,94666,918,144,12,0.9697251389094289
202309,1,77518,1658,251,12,2.138858071673676
202309,2,169380,4085,401,12,2.411736922895265
202309,3,255902,4917,437,12,1.921438675743058
202309,4,691959,9688,1285,12,1.4000829528917176
202309,5,1115893,20978,2071,12,1.8799293480647339
202309,6,197050,2762,233,12,1.4016747018523217
202309,7,916958,14774,1372,12,1.6111970232006265
202309,8,114417,1333,114,12,1.1650366641320782
202309,9,83273,1303,124,12,1.564732866595415
202310,1,78164,1436,215,12,1.8371628882861675
202310,2,161759,3475,362,12,2.1482575930860106
202310,3,252885,4442,516,12,1.7565296478636534
202310,4,729642,8238,1205,12,1.1290468476321265
202310,5,1149019,18432,1892,12,1.6041510192607782
202310,6,186104,1871,164,12,1.0053518462794997
202310,7,936763,12270,1316,12,1.30982970078878
202310,8,114098,1093,119,12,0.9579484302967625
202310,9,83762,1153,141,12,1.3765191853107615
202311,1,74145,1240,215,12,1.6723986782655607
202311,2,149990,2316,314,12,1.5441029401960131
202311,3,244058,3382,511,12,1.3857361774660122
202311,4,717270,7663,4002,12,1.0683564069318388
202311,5,1149082,18165,2107,12,1.5808271298305951
202311,6,181631,1978,145,12,1.0890211472711155
202311,7,896991,11393,2703,12,1.2701353748253885
202311,8,109310,1071,96,12,0.9797822706065319
202311,9,80930,934,113,12,1.1540837761028049
202312,1,66858,1268,231,12,1.8965568817493792
202312,2,191023,4200,630,12,2.1986881160907323
202312,3,255918,5744,620,12,2.2444689314546067
202312,4,652610,9747,1298,12,1.4935413187048927
202312,5,1128880,17166,2220,12,1.5206222096236979
202312,6,176195,1503,131,12,0.8530321518771815
202312,7,786572,9813,1397,12,1.247565384987007
202312,8,98140,742,93,12,0.7560627674750356
202312,9,79089,893,128,12,1.1291077140942483
202401,1,85453,2805,377,12,3.2825061729839793
202401,2,203077,6830,790,12,3.3632563017968553
202401,3,288888,8617,991,12,2.9828168702057547
202401,4,776996,20626,1766,12,2.654582520373335
202401,5,1202118,34651,2786,12,2.8824957283727555
202401,6,197464,3556,255,12,1.8008345825061784
202401,7,983746,20838,1899,12,2.1182297056353976
202401,8,122219,2074,160,12,1.6969538287827588
202401,9,95278,2074,215,12,2.176787925859065
202402,1,85604,1448,301,12,1.6915097425353955
202402,2,247891,4430,626,12,1.787075771205893
202402,3,322685,5670,819,12,1.7571315679377721
202402,4,795038,10004,1393,12,1.258304634495458
202402,5,1257650,23001,2265,12,1.8288872102731284
202402,6,220396,2507,341,12,1.1374979582206575
202402,7,1033367,11832,1944,12,1.1449949533902282
202402,8,132093,1097,124,12,0.8304754983231512
202402,9,97305,1210,174,12,1.2435126663583578
202403,1,88381,1430,330,12,1.617994817890723
202403,2,216939,3089,473,12,1.4239025716906595
202403,3,320034,4936,616,12,1.542336126786529
202403,4,822861,7877,1434,12,0.9572698183532821
202403,5,1308002,18068,2322,12,1.381343453603282
202403,6,235086,2168,241,12,0.9222156997864611
202403,7,1056829,12092,1814,12,1.1441775348708259
202403,8,133600,1022,163,12,0.7649700598802395
202403,9,98793,1334,168,12,1.3502980980433836
202404,1,90540,1340,269,12,1.480008835873647
202404,2,209707,3132,435,12,1.4935123767923817
202404,3,318149,4697,610,12,1.4763522751918126
202404,4,819905,8138,1324,12,0.9925540154042236
202404,5,1293864,18295,2252,12,1.413981685864975
202404,6,225454,2246,228,12,0.9962120876098893
202404,7,1089555,11709,1637,12,1.0746589203849277
202404,8,132870,1032,120,12,0.7766990291262136
202404,9,100801,1423,167,12,1.4116923443219809
202405,1,87779,1294,243,12,1.4741566889574955
202405,2,195648,2696,363,12,1.377984952567877
202405,3,300686,3879,632,12,1.2900500854712225
202405,4,783152,8393,1292,12,1.0716948944777003
202405,5,1247987,17701,1980,12,1.4183641336007506
202405,6,237855,2434,172,12,1.0233125223350361
202405,7,1027245,11980,1444,12,1.1662261680514385
202405,8,126908,1140,119,12,0.89828852397012
202405,9,93581,1110,98,12,1.1861382118165011
202406,1,83704,1231,197,12,1.4706585109433241
202406,2,187942,2392,353,12,1.2727330772259526
202406,3,287881,3436,623,12,1.193548723257179
202406,4,762736,7097,1270,12,0.9304661114723837
202406,5,1209460,14952,1785,12,1.2362541960875102
202406,6,199176,1694,182,12,0.8505040767964012
202406,7,993555,10028,1380,12,1.0093049705350987
202406,8,127039,891,98,12,0.7013594250584466
202406,9,90100,985,118,12,1.0932297447280799
202407,1,87811,1085,222,12,1.2356082950883147
202407,2,200764,2146,353,12,1.0689167380606084
202407,3,306811,2965,560,12,0.9663929911248292
202407,4,828773,7148,1205,12,0.862479834647123
202407,5,1263402,14737,2008,12,1.1664537494795797
202407,6,192029,1813,146,12,0.9441282306318316
202407,7,1074496,9228,1379,12,0.8588212520102448
202407,8,135768,898,98,12,0.6614224264922515
202407,9,97391,935,98,12,0.9600476430060273
202408,1,87565,1208,194,12,1.3795466225089934
202408,2,213777,2428,352,12,1.135762967952586
202408,3,315475,3441,633,12,1.0907361914573264
202408,4,823414,7510,1283,12,0.9120563896168877
202408,5,1288282,16896,1799,12,1.3115140939638992
202408,6,194107,1966,173,12,1.012843431715497
202408,7,1076156,10699,1535,12,0.9941867164240129
202408,8,132544,993,115,12,0.7491851762433607
202408,9,98987,1055,136,12,1.0657965187347833
202409,1,84618,1155,203,12,1.3649578103949513
202409,2,187750,2603,341,12,1.3864181091877497
202409,3,298865,2916,802,12,0.9756913656667726
202409,4,807149,7681,1167,12,0.9516210761581815
202409,5,1256895,14125,1862,12,1.1238011130603591
202409,6,189437,1694,153,12,0.8942286881654588
202409,7,1035753,10235,1331,12,0.9881699594401367
202409,8,127141,868,99,12,0.682706601332379
202409,9,92432,918,118,12,0.9931625411113034
202410,1,88677,1046,238,12,1.1795617803940142
202410,2,185182,1975,294,12,1.0665183441155188
202410,3,301757,2678,692,12,0.8874690562273617
202410,4,867173,7069,1370,12,0.8151775943208563
202410,5,1344093,12830,2010,12,0.9545470439917476
202410,6,190911,1291,172,12,0.676231332924766
202410,7,1102257,8037,1436,12,0.729140300311089
202410,8,135142,831,111,12,0.6149087626348582
202410,9,98018,778,103,12,0.793731763553633
202411,1,79026,1096,218,12,1.386885328879103
202411,2,161501,1789,271,12,1.107733079052142
202411,3,261476,2912,362,12,1.1136777371536968
202411,4,774522,8207,1223,12,1.0596212890014745
202411,5,1243416,14323,1713,12,1.1519073262689237
202411,6,175045,2157,134,12,1.2322545631123425
202411,7,949016,9752,1280,12,1.027590683402598
202411,8,119859,1009,118,12,0.8418224747411542
202411,9,86256,796,93,12,0.9228343535522167
202412,1,68334,1555,216,12,2.2755875552433635
202412,2,199218,4831,436,12,2.4249816783623968
202412,3,272401,5639,484,12,2.0701098747801954
202412,4,688112,7897,1329,12,1.1476329434743182
202412,5,1205188,16084,2210,12,1.3345635701649867
202412,6,167202,1383,147,12,0.8271432159902393
202412,7,799928,8501,1273,12,1.0627206448580373
202412,8,104287,733,129,12,0.7028680468322993
202412,9,79379,843,135,12,1.061993726300407
202501,1,94939,2699,334,12,2.842878058542854
202501,2,230058,6212,594,12,2.7001886480800494
202501,3,315779,6534,622,12,2.069168627426143
202501,4,881571,13695,1863,12,1.5534766910436029
202501,5,1352530,27697,2656,12,2.04779191589096
202501,6,212396,2994,217,12,1.4096310664984275
202501,7,1078815,17271,1988,12,1.600923235216418
202501,8,136798,1595,204,12,1.1659527186069971
202501,9,103033,1910,158,12,1.853775004124892
202502,1,93984,1880,275,12,2.000340483486551
202502,2,277461,6764,476,12,2.437820090030671
202502,3,367596,7284,683,12,1.9815231939411746
202502,4,934527,11331,2063,12,1.2124850325351755
202502,5,1422837,25638,2645,12,1.80189297860542
202502,6,217535,2752,234,12,1.26508377962167
202502,7,1154300,14207,2015,12,1.2307892229056572
202502,8,150987,1690,233,12,1.119301661732467
202502,9,107162,1491,155,12,1.3913514118810772
202503,1,89678,1417,235,12,1.5800976828207587
202503,2,215344,3557,437,12,1.6517757634296752
202503,3,320020,4695,484,12,1.467095806512093
202503,4,869924,8271,1253,12,0.9507727111793673
202503,5,1354434,17836,2488,12,1.316860031570383
202503,6,223202,2089,178,12,0.9359235132301682
202503,7,1084794,11427,1433,12,1.0533797200205752
202503,8,140735,1172,176,12,0.8327708103883185
202503,9,99617,1094,138,12,1.0982061294758927
202504,1,90703,2730,302,12,3.00982326935162
202504,2,206712,6609,439,12,3.197201904098456
202504,3,316181,9141,619,12,2.8910655605491793
202504,4,847407,18809,1687,12,2.2195945985813195
202504,5,1323611,41361,2645,12,3.1248607030313287
202504,6,212339,4984,270,12,2.3471901063864857
202504,7,1075121,24010,2281,12,2.233237003090815
202504,8,137391,2471,234,12,1.7985166422837013
202504,9,97381,2393,164,12,2.4573582115607766
202505,1,89803,1462,282,12,1.6280079730075834
202505,2,201768,2892,367,12,1.43332936838349
202505,3,313655,4712,588,12,1.5022875452328195
202505,4,854888,9097,1387,12,1.0641160011603858
202505,5,1351949,20486,2171,12,1.5152938461436045
202505,6,226277,2853,247,12,1.260844009775629
202505,7,1088442,12840,1623,12,1.1796678187721532
202505,8,139543,1274,162,12,0.9129802283167195
202505,9,97133,1249,140,12,1.2858657716738904
202506,1,86705,1910,238,11,2.202871806700882
202506,2,197592,3700,301,11,1.8725454471840965
202506,3,297290,5734,483,11,1.9287564331124492
202506,4,831402,11719,1638,11,1.4095467655839173
202506,5,1259891,23542,1857,11,1.8685743449234895
202506,6,198321,3227,173,11,1.6271600082694218
202506,7,1018102,16792,1506,11,1.6493435824701257
202506,8,132401,1609,153,11,1.2152476189756876
202506,9,90039,2512,138,11,2.7899021535112563
202507,1,92944,1326,231,10,1.4266655190222068
202507,2,208940,2186,327,10,1.0462333684311285
202507,3,315234,2824,596,10,0.8958424535424478
202507,4,874507,6681,1381,10,0.7639733015287471
202507,5,1346471,14726,1942,10,1.0936737590338002
202507,6,200622,1671,170,10,0.8329096509854353
202507,7,1095726,9761,1597,10,0.8908248960050231
202507,8,142195,900,134,10,0.6329336474559584
202507,9,96466,888,131,10,0.9205315862583708
202508,1,90864,1332,238,9,1.4659270998415215
202508,2,225952,2634,345,9,1.165734315252797
202508,3,320904,3624,616,9,1.1293097000972254
202508,4,852231,7610,1255,9,0.8929503855175416
202508,5,1348866,16297,1806,9,1.2082000732467124
202508,6,191909,1930,135,9,1.00568498611321
202508,7,1069755,11289,2280,9,1.0552883604189744
202508,8,137763,1043,148,9,0.7570973338269347
202508,9,94188,1027,288,9,1.0903724465961693
202509,1,90387,1076,182,8,1.19043667784084
202509,2,207579,1862,334,8,0.897007886154187
202509,3,317896,2625,475,8,0.8257417520195284
202509,4,869623,5827,1196,8,0.6700604744814707
202509,5,1372631,12884,1901,8,0.9386353652219716
202509,6,197046,1417,133,8,0.7191214234239721
202509,7,1082995,7746,1522,8,0.7152387591817136
202509,8,138356,676,155,8,0.48859463991442365
202509,9,95469,728,115,8,0.7625511946286229
202510,1,93507,1174,193,7,1.2555209770391522
202510,2,198519,1951,189,7,0.9827774671442028
202510,3,312848,2919,286,7,0.9330409655807294
202510,4,896668,7673,1150,7,0.8557236346116958
202510,5,1422702,16624,1582,7,1.1684808202982775
202510,6,194942,1648,138,7,0.8453796513834885
202510,7,1099720,10540,1286,7,0.9584257811079184
202510,8,141319,1027,155,7,0.7267246442445814
202510,9,97548,979,103,7,1.0036084799278304
202511,1,80616,1014,138,6,1.2578148258410242
202511,2,166359,1717,171,6,1.0321052663216297
202511,3,267471,2583,230,6,0.965712170665231
202511,4,790439,6271,1129,6,0.7933566031028327
202511,5,1261794,15869,1330,6,1.2576537850076954
202511,6,169544,1453,134,6,0.8570046713537489
202511,7,932719,8329,1349,6,0.8929806297502249
202511,8,120024,844,122,6,0.7031926947943744
202511,9,84974,753,64,6,0.8861534116317933
202512,1,71563,1132,153,5,1.5818230090968797
202512,2,198620,3382,250,5,1.7027489678783607
202512,3,284292,4176,289,5,1.4689122451563885
202512,4,723332,7250,903,5,1.0023059950340922
202512,5,1239282,14836,1213,5,1.1971447983590497
202512,6,162970,1548,106,5,0.9498680738786279
202512,7,797737,8527,901,5,1.0688986470478365
202512,8,107614,818,74,5,0.7601241474157637
202512,9,79372,833,95,5,1.0494884846041426
202601,1,91213,1979,166,4,2.1696468705118788
202601,2,220795,5016,228,4,2.27179057496773
202601,3,311617,5920,280,4,1.899767984416768
202601,4,874131,12881,831,4,1.4735777589400216
202601,5,1342053,25810,1268,4,1.9231729298321303
202601,6,195905,3112,104,4,1.5885250504070851
202601,7,1032202,18194,1013,4,1.7626394833569399
202601,8,136183,1706,71,4,1.2527261111886212
202601,9,99627,1771,86,4,1.777630561996246
202602,1,90493,1416,120,3,1.5647619152862653
202602,2,260173,4818,206,3,1.8518447340807846
202602,3,352874,6003,250,3,1.7011737900780448
202602,4,898450,9637,741,3,1.0726250765206744
202602,5,1388157,20785,1268,3,1.4973090219622132
202602,6,211981,2559,98,3,1.2071836626867503
202602,7,1066884,13471,1029,3,1.2626489852692513
202602,8,142012,1293,70,3,0.9104864377658226
202602,9,97189,1294,63,3,1.331426395991316
202603,1,99107,1407,93,2,1.4196777220579777
202603,2,242915,3143,172,2,1.2938682255109812
202603,3,353461,4613,189,2,1.3050944800133537
202603,4,979226,10253,618,2,1.047051446754886
202603,5,1490536,17851,856,2,1.197622868551984
202603,6,244035,1800,68,2,0.7375991148810621
202603,7,1157348,11763,756,2,1.016375368514915
202603,8,152176,1143,65,2,0.7511039848596363
202603,9,106308,1121,75,2,1.0544831997591904
202604,1,94552,1356,65,1,1.434131483205009
202604,2,217178,3195,101,1,1.4711434859884518
202604,3,326430,4231,164,1,1.2961431241001133
202604,4,899215,9880,408,1,1.0987361198378587
202604,5,1381549,17895,709,1,1.2952852197062863
202604,6,209818,2804,70,1,1.3363963053694154
202604,7,1080585,13224,893,1,1.2237815627646136
202604,8,142053,1339,52,1,0.9426059287730636
202604,9,100042,1200,60,1,1.1994962115911316
202605,1,90001,0,0,0,0.0
202605,2,201402,0,0,0,0.0
202605,3,312339,0,0,0,0.0
202605,4,884188,0,0,0,0.0
202605,5,1342222,0,0,0,0.0
202605,6,220647,0,0,0,0.0
202605,7,1057372,0,0,0,0.0
202605,8,139783,0,0,0,0.0
202605,9,93692,0,0,0,0.0
