dimension,group_id,group_label,outcome,outcome_label,window_rule,scenario_role,role_label,t,path_status,mean_log_change,sd_log_change,se_log_change,n_cbo,path_index,ci_low,ci_high,power_status,treated_cbo,control_cbo
race_color_b,race_white,Branca,ln_admissoes,Admissões (log),strict_no_tail_binning,treated,Exposed,-12,estimated,-0.22481154213409227,0.25800602926321725,0.029791970089532986,75,79.86667196029457,75.3366233530403,84.66911584451684,adequate,75,266
race_color_b,race_white,Branca,ln_admissoes,Admissões (log),strict_no_tail_binning,treated,Exposed,-11,estimated,0.04157534592267338,0.2689551038916976,0.03105626032635907,75,104.24517033779779,98.08900312570204,110.7877049665826,adequate,75,266
race_color_b,race_white,Branca,ln_admissoes,Admissões (log),strict_no_tail_binning,treated,Exposed,-10,estimated,0.08969069788665238,0.23243986986042772,0.026839844286863902,75,109.38359056201156,103.77808165822225,115.29187756275923,adequate,75,266
race_color_b,race_white,Branca,ln_admissoes,Admissões (log),strict_no_tail_binning,treated,Exposed,-9,estimated,0.11254277467827829,0.1766631811158577,0.020399307034627206,75,111.91201258923229,107.52574624853007,116.4772066108186,adequate,75,266
race_color_b,race_white,Branca,ln_admissoes,Admissões (log),strict_no_tail_binning,treated,Exposed,-8,estimated,0.058893189125122425,0.2633335863852272,0.030407143397236096,75,106.06619444593923,99.9295436388127,112.57969559939296,adequate,75,266
race_color_b,race_white,Branca,ln_admissoes,Admissões (log),strict_no_tail_binning,treated,Exposed,-7,estimated,0.04933742470028602,0.16852283563078568,0.019459340903206633,75,105.057478082048,101.12600388695839,109.14179614273654,adequate,75,266
race_color_b,race_white,Branca,ln_admissoes,Admissões (log),strict_no_tail_binning,treated,Exposed,-6,estimated,0.02206795333698715,0.19138126934665553,0.022098805475028765,75,102.2313251707046,97.89783947437522,106.75663428602991,adequate,75,266
race_color_b,race_white,Branca,ln_admissoes,Admissões (log),strict_no_tail_binning,treated,Exposed,-5,estimated,-0.02051092871144183,0.2035806873054011,0.02350747292351647,75,97.96979895793834,93.55828493279678,102.58932722797547,adequate,75,266
race_color_b,race_white,Branca,ln_admissoes,Admissões (log),strict_no_tail_binning,treated,Exposed,-4,estimated,0.11547752714424397,0.2845417126512567,0.03285604687897604,75,112.24092905227674,105.2406740725096,119.7068174025408,adequate,75,266
race_color_b,race_white,Branca,ln_admissoes,Admissões (log),strict_no_tail_binning,treated,Exposed,-3,estimated,-0.017591179850221406,0.23487671898348553,0.02712122738629829,75,98.25626416660512,93.16959182297427,103.62064767141206,adequate,75,266
race_color_b,race_white,Branca,ln_admissoes,Admissões (log),strict_no_tail_binning,treated,Exposed,-2,estimated,-0.08771900088869768,0.21632293742002864,0.02497882123026882,75,91.60182408737056,87.22514901664564,96.19810651779228,adequate,75,266
race_color_b,race_white,Branca,ln_admissoes,Admissões (log),strict_no_tail_binning,treated,Exposed,-1,estimated,-0.13895226120979157,0.2139197428234536,0.02470132422081929,75,87.0269573083173,82.91395052159032,91.34399278649174,adequate,75,266
race_color_b,race_white,Branca,ln_admissoes,Admissões (log),strict_no_tail_binning,treated,Exposed,0,estimated,-0.48397378006747527,0.27124494811938515,0.031320668762610616,75,61.63293618147128,57.963175002069335,65.5350370681678,adequate,75,266
race_color_b,race_white,Branca,ln_admissoes,Admissões (log),strict_no_tail_binning,treated,Exposed,1,estimated,-0.08662521992771942,0.24662718056982985,0.02847805381829394,75,91.70207123276344,86.72376744883663,96.96615029253584,adequate,75,266
race_color_b,race_white,Branca,ln_admissoes,Admissões (log),strict_no_tail_binning,treated,Exposed,2,estimated,-0.1346332960706589,0.3070634449496726,0.03545663251999746,75,87.4036365498223,81.53577574928687,93.69378793455888,adequate,75,266
race_color_b,race_white,Branca,ln_admissoes,Admissões (log),strict_no_tail_binning,treated,Exposed,3,estimated,0.0032905361288233514,0.22872661598956726,0.02641107466248176,75,100.32959558858359,95.26809938815218,105.66000387975171,adequate,75,266
race_color_b,race_white,Branca,ln_admissoes,Admissões (log),strict_no_tail_binning,treated,Exposed,4,estimated,-0.08281196742762832,0.25287191701869294,0.02919913387224781,75,92.05242194849234,86.93214885617311,97.47427733096413,adequate,75,266
race_color_b,race_white,Branca,ln_admissoes,Admissões (log),strict_no_tail_binning,treated,Exposed,5,estimated,-0.06880543529787138,0.2597224851285976,0.029990169340718874,75,93.3508290172584,88.02175666783016,99.00253764640338,adequate,75,266
race_color_b,race_white,Branca,ln_admissoes,Admissões (log),strict_no_tail_binning,treated,Exposed,6,estimated,-0.14096379331226505,0.2906712618160892,0.033563826251041456,75,86.85207573882464,81.32238307390031,92.75777190749197,adequate,75,266
race_color_b,race_white,Branca,ln_admissoes,Admissões (log),strict_no_tail_binning,treated,Exposed,7,estimated,-0.09254212988468676,0.21450230599711423,0.02476859282184587,75,91.16108040973731,86.84123914291186,95.69580839115534,adequate,75,266
race_color_b,race_white,Branca,ln_admissoes,Admissões (log),strict_no_tail_binning,treated,Exposed,8,estimated,0.029967785877391896,0.26196393699697457,0.030248989908635483,75,103.04213392994892,97.11054333568883,109.33603087910492,adequate,75,266
race_color_b,race_white,Branca,ln_admissoes,Admissões (log),strict_no_tail_binning,treated,Exposed,9,estimated,-0.03818988244995759,0.20941494141228276,0.02418115455934223,75,96.25301559537522,91.79751619874202,100.9247678460663,adequate,75,266
race_color_b,race_white,Branca,ln_admissoes,Admissões (log),strict_no_tail_binning,treated,Exposed,10,estimated,-0.04676489618320596,0.2515602064465239,0.029047670581859676,75,95.43117335491866,90.14972105966409,101.02204134241465,adequate,75,266
race_color_b,race_white,Branca,ln_admissoes,Admissões (log),strict_no_tail_binning,treated,Exposed,11,estimated,-0.10915179103842496,0.3096172827765235,0.03575152431135726,75,89.65943121870208,83.59179817301016,96.16749229180611,adequate,75,266
race_color_b,race_white,Branca,ln_admissoes,Admissões (log),strict_no_tail_binning,treated,Exposed,12,estimated,-0.32194676776580033,0.32985678882445435,0.03808858116436485,75,72.47367686604909,67.26027528417545,78.09117367261587,adequate,75,266
race_color_b,race_white,Branca,ln_admissoes,Admissões (log),strict_no_tail_binning,treated,Exposed,13,estimated,0.16079044304222345,0.2959292277099983,0.034170963855889115,75,117.4438831196287,109.83569198537427,125.57908483932248,adequate,75,266
race_color_b,race_white,Branca,ln_admissoes,Admissões (log),strict_no_tail_binning,treated,Exposed,14,estimated,0.18158416750250064,0.321535374639289,0.03712770702039613,75,119.91154590158601,111.49547952823204,128.96288622057799,adequate,75,266
race_color_b,race_white,Branca,ln_admissoes,Admissões (log),strict_no_tail_binning,treated,Exposed,15,estimated,0.2592467262207189,0.25106505279882385,0.028990495163501707,75,129.59535110984874,122.43686895674169,137.17236623568687,adequate,75,266
race_color_b,race_white,Branca,ln_admissoes,Admissões (log),strict_no_tail_binning,treated,Exposed,16,estimated,0.30131783282957064,0.2904866211678772,0.033542505785451746,75,135.16388684816448,126.56356948008549,144.34861771797648,adequate,75,266
race_color_b,race_white,Branca,ln_admissoes,Admissões (log),strict_no_tail_binning,treated,Exposed,17,estimated,0.2326981230779911,0.28219448730642877,0.032585012642039016,75,126.20004530063011,118.3920629476389,134.52296579142185,adequate,75,266
race_color_b,race_white,Branca,ln_admissoes,Admissões (log),strict_no_tail_binning,treated,Exposed,18,estimated,0.19826952461461406,0.2613946294821476,0.030183251939248076,75,121.92909784699029,114.92509137799418,129.35995719928226,adequate,75,266
race_color_b,race_white,Branca,ln_admissoes,Admissões (log),strict_no_tail_binning,treated,Exposed,19,estimated,0.24416370695884865,0.2713566986992649,0.031333572608085745,75,127.655329404217,120.05141275285057,135.7408692794597,adequate,75,266
race_color_b,race_white,Branca,ln_admissoes,Admissões (log),strict_no_tail_binning,treated,Exposed,20,estimated,0.2479102955215622,0.2994767441504581,0.03458059577025993,75,128.13449846548963,119.73757987582736,137.1202734682725,adequate,75,266
race_color_b,race_white,Branca,ln_admissoes,Admissões (log),strict_no_tail_binning,treated,Exposed,21,estimated,0.20040495505083938,0.3272613889412012,0.037788890200114666,75,122.18974715377757,113.46664490553178,131.5834650961483,adequate,75,266
race_color_b,race_white,Branca,ln_admissoes,Admissões (log),strict_no_tail_binning,treated,Exposed,22,estimated,0.2587334545639762,0.3842369557786434,0.04436786197028042,75,129.5288505571628,118.74076020533593,141.29708364378374,adequate,75,266
race_color_b,race_white,Branca,ln_admissoes,Admissões (log),strict_no_tail_binning,treated,Exposed,23,estimated,0.1174589230057084,0.32203470869888023,0.03718536515114024,75,112.46354323516753,104.55840275171575,120.96635204960464,adequate,75,266
race_color_b,race_white,Branca,ln_admissoes,Admissões (log),strict_no_tail_binning,treated,Exposed,24,estimated,-0.21545166626763954,0.4167059532474355,0.04811705885606529,75,80.61772348711625,73.3622196441361,88.59079471383774,adequate,75,266
race_color_b,race_white,Branca,ln_admissoes,Admissões (log),strict_no_tail_binning,control,Not Exposed,-12,estimated,-0.43000156807162737,0.4941063729263182,0.030410145072945354,264,65.05080746792615,61.2868152138366,69.04596914466255,adequate,75,266
race_color_b,race_white,Branca,ln_admissoes,Admissões (log),strict_no_tail_binning,control,Not Exposed,-11,estimated,0.052468976181826166,0.31947429380268594,0.019662283576871005,264,105.38698665042519,101.40283875323534,109.5276729114503,adequate,75,266
race_color_b,race_white,Branca,ln_admissoes,Admissões (log),strict_no_tail_binning,control,Not Exposed,-10,estimated,0.18524019840059425,0.3599741414454641,0.022154876892263694,264,120.35074859853663,115.2365331101663,125.69193377573367,adequate,75,266
race_color_b,race_white,Branca,ln_admissoes,Admissões (log),strict_no_tail_binning,control,Not Exposed,-9,estimated,0.14589321619117507,0.3010453182880422,0.01852805854021145,264,115.70726248316714,111.5807347592933,119.98639926713214,adequate,75,266
race_color_b,race_white,Branca,ln_admissoes,Admissões (log),strict_no_tail_binning,control,Not Exposed,-8,estimated,0.07777721322655662,0.2415777017494379,0.014868079747849434,264,108.08818256694612,104.98379059018596,111.28437204397936,adequate,75,266
race_color_b,race_white,Branca,ln_admissoes,Admissões (log),strict_no_tail_binning,control,Not Exposed,-7,estimated,0.11007196439352203,0.3145198342605608,0.01935735767085252,264,111.63584056238149,107.47967171353045,115.95272575158569,adequate,75,266
race_color_b,race_white,Branca,ln_admissoes,Admissões (log),strict_no_tail_binning,control,Not Exposed,-6,estimated,0.07672888418566057,0.2996012664684764,0.018404359498885244,265,107.97492995955416,104.1494123716265,111.94096283683672,adequate,75,266
race_color_b,race_white,Branca,ln_admissoes,Admissões (log),strict_no_tail_binning,control,Not Exposed,-5,estimated,0.00723303403562508,0.279042419891485,0.01717387375546195,264,100.72592556086907,97.39183985958046,104.17414944333964,adequate,75,266
race_color_b,race_white,Branca,ln_admissoes,Admissões (log),strict_no_tail_binning,control,Not Exposed,-4,estimated,0.09959351406157618,0.3042889969964859,0.018727693164451574,264,110.47217729296723,106.49067487399961,114.60254121113186,adequate,75,266
race_color_b,race_white,Branca,ln_admissoes,Admissões (log),strict_no_tail_binning,control,Not Exposed,-3,estimated,-0.01305069413218383,0.3348883841720873,0.020572029908132547,265,98.70340969150003,94.80274013642943,102.76457274028144,adequate,75,266
race_color_b,race_white,Branca,ln_admissoes,Admissões (log),strict_no_tail_binning,control,Not Exposed,-2,estimated,-0.07559775875038931,0.2601077693610223,0.016008526572978316,264,92.71890852570371,89.8548611894686,95.67424493673803,adequate,75,266
race_color_b,race_white,Branca,ln_admissoes,Admissões (log),strict_no_tail_binning,control,Not Exposed,-1,estimated,-0.23659818498768959,0.339351013282234,0.020885611095128764,264,78.93083802636633,75.76498171531834,82.22898033491988,adequate,75,266
race_color_b,race_white,Branca,ln_admissoes,Admissões (log),strict_no_tail_binning,control,Not Exposed,0,estimated,-0.5775633092828593,0.533772892526811,0.03291384656651283,263,56.126432925619596,52.61997168111916,59.866555840135625,adequate,75,266
race_color_b,race_white,Branca,ln_admissoes,Admissões (log),strict_no_tail_binning,control,Not Exposed,1,estimated,-0.014396731124840662,0.3163007080841575,0.01946696287794881,264,98.57064062683625,94.88050024407426,102.40429981493189,adequate,75,266
race_color_b,race_white,Branca,ln_admissoes,Admissões (log),strict_no_tail_binning,control,Not Exposed,2,estimated,0.0317764157455605,0.38302038066181454,0.02352875494884338,265,103.22866764543089,98.57623833356584,108.10067419890925,adequate,75,266
race_color_b,race_white,Branca,ln_admissoes,Admissões (log),strict_no_tail_binning,control,Not Exposed,3,estimated,0.11903088976374711,0.3099092351171335,0.01907359490941627,264,112.64047121264046,108.50723249829694,116.9311525404984,adequate,75,266
race_color_b,race_white,Branca,ln_admissoes,Admissões (log),strict_no_tail_binning,control,Not Exposed,4,estimated,-0.04516182668851089,0.3643935192268357,0.02238451594669837,265,95.58427884434872,91.4813117310132,99.871265390884,adequate,75,266
race_color_b,race_white,Branca,ln_admissoes,Admissões (log),strict_no_tail_binning,control,Not Exposed,5,estimated,0.02147938382474302,0.2953567633106034,0.018212478239514107,263,102.1711726332241,98.58835118244545,105.88419820441048,adequate,75,266
race_color_b,race_white,Branca,ln_admissoes,Admissões (log),strict_no_tail_binning,control,Not Exposed,6,estimated,-0.061833094973737505,0.32119538678337967,0.01976820952742483,264,94.00397710610149,90.43138626528746,97.71770705627767,adequate,75,266
race_color_b,race_white,Branca,ln_admissoes,Admissões (log),strict_no_tail_binning,control,Not Exposed,7,estimated,-0.013730914248387294,0.29937192539064095,0.018460063739812623,263,98.6362924765178,95.13125283147052,102.27047267787748,adequate,75,266
race_color_b,race_white,Branca,ln_admissoes,Admissões (log),strict_no_tail_binning,control,Not Exposed,8,estimated,0.12013667264783168,0.29615151642541154,0.018226865856297125,264,112.7650960090472,108.80771061757981,116.86641328776517,adequate,75,266
race_color_b,race_white,Branca,ln_admissoes,Admissões (log),strict_no_tail_binning,control,Not Exposed,9,estimated,0.002180816176857318,0.32834402512786587,0.02020817780357225,264,100.21831958860443,96.32645289612503,104.2674289272795,adequate,75,266
race_color_b,race_white,Branca,ln_admissoes,Admissões (log),strict_no_tail_binning,control,Not Exposed,10,estimated,0.0214185050449566,0.35801803322331965,0.02203448675347335,264,102.16495276623571,97.84661475719376,106.67387522428096,adequate,75,266
race_color_b,race_white,Branca,ln_admissoes,Admissões (log),strict_no_tail_binning,control,Not Exposed,11,estimated,-0.10007477965279511,0.3808928571374448,0.023486859736836195,263,90.47697571378636,86.40634937540041,94.73937035284163,adequate,75,266
race_color_b,race_white,Branca,ln_admissoes,Admissões (log),strict_no_tail_binning,control,Not Exposed,12,estimated,-0.450686283904066,0.5429270972547983,0.033414852947087154,264,63.71907078070296,59.67963203885618,68.03192048021965,adequate,75,266
race_color_b,race_white,Branca,ln_admissoes,Admissões (log),strict_no_tail_binning,control,Not Exposed,13,estimated,0.2540586729849591,0.3406067114917493,0.021002709576528066,263,128.92474460447286,123.72527063204369,134.34272308654556,adequate,75,266
race_color_b,race_white,Branca,ln_admissoes,Admissões (log),strict_no_tail_binning,control,Not Exposed,14,estimated,0.33720432509812,0.3791812833014916,0.023381319572821604,263,140.1025299126715,133.82689342891763,146.6724541308795,adequate,75,266
race_color_b,race_white,Branca,ln_admissoes,Admissões (log),strict_no_tail_binning,control,Not Exposed,15,estimated,0.3356377862326037,0.324983065864912,0.020001325060173353,264,139.88322567356164,134.50553829420767,145.47591922973794,adequate,75,266
race_color_b,race_white,Branca,ln_admissoes,Admissões (log),strict_no_tail_binning,control,Not Exposed,16,estimated,0.3721667804633354,0.3199733432555634,0.01973040158602428,263,145.08749387102327,139.58383372256512,150.80815819698478,adequate,75,266
race_color_b,race_white,Branca,ln_admissoes,Admissões (log),strict_no_tail_binning,control,Not Exposed,17,estimated,0.2717853723166206,0.33394001875877777,0.02055258740334215,264,131.2305314033808,126.04922269745398,136.62482008119173,adequate,75,266
race_color_b,race_white,Branca,ln_admissoes,Admissões (log),strict_no_tail_binning,control,Not Exposed,18,estimated,0.26169955460132854,0.2954210527085501,0.018216442493618236,263,129.91361643058494,125.35698077262066,134.6358825017218,adequate,75,266
race_color_b,race_white,Branca,ln_admissoes,Admissões (log),strict_no_tail_binning,control,Not Exposed,19,estimated,0.32065849079838254,0.33151898866588486,0.020442336580976453,263,137.80348889307905,132.39126898252724,143.43696300404224,adequate,75,266
race_color_b,race_white,Branca,ln_admissoes,Admissões (log),strict_no_tail_binning,control,Not Exposed,20,estimated,0.29751250951817493,0.32832651576207406,0.02020710017660154,264,134.65052193789344,129.421792418715,140.0904957295687,adequate,75,266
race_color_b,race_white,Branca,ln_admissoes,Admissões (log),strict_no_tail_binning,control,Not Exposed,21,estimated,0.24711687062878948,0.3652354962473193,0.022521385503900652,263,128.03287368593035,122.50417867421466,133.8110823784312,adequate,75,266
race_color_b,race_white,Branca,ln_admissoes,Admissões (log),strict_no_tail_binning,control,Not Exposed,22,estimated,0.2648554886910726,0.3222175866907269,0.019831121582761988,264,130.32426288714194,125.35587300728078,135.4895713269885,adequate,75,266
race_color_b,race_white,Branca,ln_admissoes,Admissões (log),strict_no_tail_binning,control,Not Exposed,23,estimated,0.0417178785953258,0.442300543376212,0.027273419884728724,263,104.2600297394871,98.83305974720021,109.98499721735742,adequate,75,266
race_color_b,race_white,Branca,ln_admissoes,Admissões (log),strict_no_tail_binning,control,Not Exposed,24,estimated,-0.39515469708770684,0.5797543175979272,0.03568141167741723,264,67.3575830969316,62.80784097767452,72.23690434244938,adequate,75,266
race_color_b,race_white,Branca,ln_salario_real_adm,Salário real de admissão (log),strict_no_tail_binning,treated,Exposed,-12,estimated,0.002485826638700068,0.1776062782222966,0.0205082065082821,75,100.24889188674561,96.29919195649201,104.360588290927,adequate,75,266
race_color_b,race_white,Branca,ln_salario_real_adm,Salário real de admissão (log),strict_no_tail_binning,treated,Exposed,-11,estimated,0.01547511314353675,0.1406100659164954,0.016345588146405375,74,101.55954727650453,98.35741602002281,104.86592735324449,adequate,75,266
race_color_b,race_white,Branca,ln_salario_real_adm,Salário real de admissão (log),strict_no_tail_binning,treated,Exposed,-10,estimated,-0.018504092000505894,0.1841166835235375,0.02154922785754174,73,98.16660576055683,94.10673411180002,102.40162489434697,adequate,75,266
race_color_b,race_white,Branca,ln_salario_real_adm,Salário real de admissão (log),strict_no_tail_binning,treated,Exposed,-9,estimated,-0.03125880425620253,0.1944931616900309,0.022458135851456146,75,96.92247011361927,92.7486768356649,101.2840887161113,adequate,75,266
race_color_b,race_white,Branca,ln_salario_real_adm,Salário real de admissão (log),strict_no_tail_binning,treated,Exposed,-8,estimated,-0.0005769835437843863,0.1615298793555238,0.018777467061653643,74,99.94231828792111,96.33092190504624,103.68910405123914,adequate,75,266
race_color_b,race_white,Branca,ln_salario_real_adm,Salário real de admissão (log),strict_no_tail_binning,treated,Exposed,-7,estimated,0.008625701687060915,0.19606715377594697,0.022792343661675145,74,100.86630102455385,96.45946748993485,105.4744645302705,adequate,75,266
race_color_b,race_white,Branca,ln_salario_real_adm,Salário real de admissão (log),strict_no_tail_binning,treated,Exposed,-6,estimated,-0.010582522713026706,0.16128118724846227,0.018623147374624425,75,98.94732751795156,95.4007361060497,102.62576603246902,adequate,75,266
race_color_b,race_white,Branca,ln_salario_real_adm,Salário real de admissão (log),strict_no_tail_binning,treated,Exposed,-5,estimated,0.016985708767510883,0.21924062110581327,0.02548620452027914,74,101.71307861688341,96.75702449713515,106.92298998953432,adequate,75,266
race_color_b,race_white,Branca,ln_salario_real_adm,Salário real de admissão (log),strict_no_tail_binning,treated,Exposed,-4,estimated,0.02793219940784308,0.3679084557901468,0.042482409197516155,75,102.83259609487227,94.61697156181368,111.76158616219021,adequate,75,266
race_color_b,race_white,Branca,ln_salario_real_adm,Salário real de admissão (log),strict_no_tail_binning,treated,Exposed,-3,estimated,0.009952038060165199,0.15872413292446372,0.018577254605190354,73,101.0001724280539,97.38876014057205,104.74550467397191,adequate,75,266
race_color_b,race_white,Branca,ln_salario_real_adm,Salário real de admissão (log),strict_no_tail_binning,treated,Exposed,-2,estimated,-0.024361072176051397,0.15388091363010106,0.01776863738149688,75,97.59332637852854,94.25299325940556,101.05204115282082,adequate,75,266
race_color_b,race_white,Branca,ln_salario_real_adm,Salário real de admissão (log),strict_no_tail_binning,treated,Exposed,-1,estimated,0.004194891297705186,0.2730369226007772,0.03173989754221929,74,100.42037021701142,94.36355022624437,106.86595332990139,adequate,75,266
race_color_b,race_white,Branca,ln_salario_real_adm,Salário real de admissão (log),strict_no_tail_binning,treated,Exposed,0,estimated,0.029422148932056424,0.2524899445552875,0.02955171276623825,73,102.98592567079648,97.190306380581,109.12714735911106,adequate,75,266
race_color_b,race_white,Branca,ln_salario_real_adm,Salário real de admissão (log),strict_no_tail_binning,treated,Exposed,1,estimated,-0.028446085119100753,0.3079039956825236,0.03579311245788049,74,97.19546955551664,90.61045470183542,104.25904310053089,adequate,75,266
race_color_b,race_white,Branca,ln_salario_real_adm,Salário real de admissão (log),strict_no_tail_binning,treated,Exposed,2,estimated,-0.010822410347857966,0.19502425711720295,0.02251946146902478,75,98.92359412436805,94.65224829600862,103.38769179448393,adequate,75,266
race_color_b,race_white,Branca,ln_salario_real_adm,Salário real de admissão (log),strict_no_tail_binning,treated,Exposed,3,estimated,0.02544547482591161,0.31332279275505776,0.03617939974807558,75,102.5771974350133,95.55519487189618,110.11522134121418,adequate,75,266
race_color_b,race_white,Branca,ln_salario_real_adm,Salário real de admissão (log),strict_no_tail_binning,treated,Exposed,4,estimated,0.04011512226682169,0.25264761399509417,0.029369688561189607,74,104.09306015853139,98.2701892977468,110.26095757623695,adequate,75,266
race_color_b,race_white,Branca,ln_salario_real_adm,Salário real de admissão (log),strict_no_tail_binning,treated,Exposed,5,estimated,-0.020557877153083208,0.1723445556524118,0.019900635119857277,75,97.96519953651803,94.21760596882575,101.86185715019396,adequate,75,266
race_color_b,race_white,Branca,ln_salario_real_adm,Salário real de admissão (log),strict_no_tail_binning,treated,Exposed,6,estimated,0.03555108889545002,0.22666541726795864,0.02634931954228271,74,103.61905846082635,98.40352322808339,109.11102493171647,adequate,75,266
race_color_b,race_white,Branca,ln_salario_real_adm,Salário real de admissão (log),strict_no_tail_binning,treated,Exposed,7,estimated,0.02224566571053272,0.26349843711340115,0.030426178719693563,75,102.2494945565659,96.33007173105268,108.53266222268338,adequate,75,266
race_color_b,race_white,Branca,ln_salario_real_adm,Salário real de admissão (log),strict_no_tail_binning,treated,Exposed,8,estimated,0.007412112584274754,0.1361500498517187,0.01572125358641415,75,100.74396502862255,97.68701482268675,103.89657733026816,adequate,75,266
race_color_b,race_white,Branca,ln_salario_real_adm,Salário real de admissão (log),strict_no_tail_binning,treated,Exposed,9,estimated,0.006232373671926924,0.2477541596191174,0.028608186149789386,75,100.62518353224728,95.13819462168007,106.42862838802563,adequate,75,266
race_color_b,race_white,Branca,ln_salario_real_adm,Salário real de admissão (log),strict_no_tail_binning,treated,Exposed,10,estimated,-0.002335904620968954,0.1952748669998456,0.02254839940566584,75,99.76668214811788,95.45351914985913,104.2747397423563,adequate,75,266
race_color_b,race_white,Branca,ln_salario_real_adm,Salário real de admissão (log),strict_no_tail_binning,treated,Exposed,11,estimated,-0.022204028548502203,0.20181809951231686,0.023460877524071982,74,97.80406664755019,93.40854576779071,102.40642731531398,adequate,75,266
race_color_b,race_white,Branca,ln_salario_real_adm,Salário real de admissão (log),strict_no_tail_binning,treated,Exposed,12,estimated,0.00038223577162288226,0.2548299718562052,0.029623382509437777,74,100.03823088330239,94.39523470347319,106.01856830695178,adequate,75,266
race_color_b,race_white,Branca,ln_salario_real_adm,Salário real de admissão (log),strict_no_tail_binning,treated,Exposed,13,estimated,-0.024002974068214254,0.17599305179558256,0.020321927165936667,75,97.62828062219296,93.81607669610095,101.59539295296263,adequate,75,266
race_color_b,race_white,Branca,ln_salario_real_adm,Salário real de admissão (log),strict_no_tail_binning,treated,Exposed,14,estimated,-0.023277838643500012,0.17544915488598728,0.020395549975094646,74,97.69910002065015,93.87058415900535,101.68376206838916,adequate,75,266
race_color_b,race_white,Branca,ln_salario_real_adm,Salário real de admissão (log),strict_no_tail_binning,treated,Exposed,15,estimated,-0.053845700132099855,0.15269449911200245,0.017631642033217935,75,94.75783064297006,91.53912417193271,98.0897135447458,adequate,75,266
race_color_b,race_white,Branca,ln_salario_real_adm,Salário real de admissão (log),strict_no_tail_binning,treated,Exposed,16,estimated,-0.003326963864536374,0.16791938267477277,0.019389660157887165,75,99.66785643473219,95.95117690692697,103.5285019581375,adequate,75,266
race_color_b,race_white,Branca,ln_salario_real_adm,Salário real de admissão (log),strict_no_tail_binning,treated,Exposed,17,estimated,0.012704922324819883,0.22922212904221653,0.026468291581348568,75,101.2785972733123,96.15844087695486,106.67138705769136,adequate,75,266
race_color_b,race_white,Branca,ln_salario_real_adm,Salário real de admissão (log),strict_no_tail_binning,treated,Exposed,18,estimated,0.007825015994528155,0.15636351309991775,0.018055303275934617,75,100.78557114440775,97.28130252409754,104.41607058446105,adequate,75,266
race_color_b,race_white,Branca,ln_salario_real_adm,Salário real de admissão (log),strict_no_tail_binning,treated,Exposed,19,estimated,0.035832295885577625,0.21387346688278105,0.02469598073545843,75,103.6482009617214,98.75068689266921,108.78860593929593,adequate,75,266
race_color_b,race_white,Branca,ln_salario_real_adm,Salário real de admissão (log),strict_no_tail_binning,treated,Exposed,20,estimated,-0.006529048166918147,0.19231507929906635,0.022206632560508036,75,99.34922197564599,95.11780138558916,103.76888199038605,adequate,75,266
race_color_b,race_white,Branca,ln_salario_real_adm,Salário real de admissão (log),strict_no_tail_binning,treated,Exposed,21,estimated,-0.0014216069119855532,0.14485708653249246,0.016839294264711355,74,99.85794030924541,96.61592303033363,103.20874582623532,adequate,75,266
race_color_b,race_white,Branca,ln_salario_real_adm,Salário real de admissão (log),strict_no_tail_binning,treated,Exposed,22,estimated,-0.01356322951389206,0.14019468816224148,0.01618828818988515,75,98.65283366384686,95.5718109103868,101.83318174259807,adequate,75,266
race_color_b,race_white,Branca,ln_salario_real_adm,Salário real de admissão (log),strict_no_tail_binning,treated,Exposed,23,estimated,-0.0320923948925299,0.11839309447841025,0.013670856993460588,75,96.8417101151486,94.28130421447266,99.47164919030526,adequate,75,266
race_color_b,race_white,Branca,ln_salario_real_adm,Salário real de admissão (log),strict_no_tail_binning,treated,Exposed,24,estimated,-0.017807681638900376,0.16831784871410588,0.019435671052901546,75,98.2349938122821,94.56321844481508,102.04933977507002,adequate,75,266
race_color_b,race_white,Branca,ln_salario_real_adm,Salário real de admissão (log),strict_no_tail_binning,control,Not Exposed,-12,estimated,-0.011582220051612779,0.3234218103227886,0.020057769201874204,260,98.8484595652203,95.03780295591712,102.8119090984167,adequate,75,266
race_color_b,race_white,Branca,ln_salario_real_adm,Salário real de admissão (log),strict_no_tail_binning,control,Not Exposed,-11,estimated,0.014834089674748765,0.3332097776113359,0.020625167445812425,261,101.494466084735,97.47334416728688,105.68147357441948,adequate,75,266
race_color_b,race_white,Branca,ln_salario_real_adm,Salário real de admissão (log),strict_no_tail_binning,control,Not Exposed,-10,estimated,0.018732548202277793,0.32712503380893765,0.020209852081650877,262,101.89091031012984,97.93376904348929,106.00794501452013,adequate,75,266
race_color_b,race_white,Branca,ln_salario_real_adm,Salário real de admissão (log),strict_no_tail_binning,control,Not Exposed,-9,estimated,-0.013953246799484858,0.28513484829016617,0.01768331261490249,260,98.61436485568295,95.25501337342186,102.09219033717733,adequate,75,266
race_color_b,race_white,Branca,ln_salario_real_adm,Salário real de admissão (log),strict_no_tail_binning,control,Not Exposed,-8,estimated,-0.015749510767481815,0.33175526515830533,0.020495908729731192,262,98.43738642294272,94.56133713064676,102.47231415934901,adequate,75,266
race_color_b,race_white,Branca,ln_salario_real_adm,Salário real de admissão (log),strict_no_tail_binning,control,Not Exposed,-7,estimated,-0.018991830102801203,0.29167810488619916,0.018123995578081104,259,98.11873784100747,94.69444357992755,101.6668597602178,adequate,75,266
race_color_b,race_white,Branca,ln_salario_real_adm,Salário real de admissão (log),strict_no_tail_binning,control,Not Exposed,-6,estimated,0.01660716662715172,0.32589135318127493,0.020095321711045774,263,101.67458321692648,97.74778336755372,105.75913351879855,adequate,75,266
race_color_b,race_white,Branca,ln_salario_real_adm,Salário real de admissão (log),strict_no_tail_binning,control,Not Exposed,-5,estimated,-0.007767116618947899,0.2723843633975198,0.016827962169455073,262,99.22629694868492,96.00691916605707,102.55362938080373,adequate,75,266
race_color_b,race_white,Branca,ln_salario_real_adm,Salário real de admissão (log),strict_no_tail_binning,control,Not Exposed,-4,estimated,-0.03238388821778269,0.27100478502063086,0.016774775067335098,261,96.81348551688481,93.6821564774224,100.04947932840275,adequate,75,266
race_color_b,race_white,Branca,ln_salario_real_adm,Salário real de admissão (log),strict_no_tail_binning,control,Not Exposed,-3,estimated,0.016434311894291884,0.25218252931741286,0.015609706687980427,261,101.65700980287356,98.59390780912032,104.81527582889436,adequate,75,266
race_color_b,race_white,Branca,ln_salario_real_adm,Salário real de admissão (log),strict_no_tail_binning,control,Not Exposed,-2,estimated,0.019445858872566748,0.29178112084071417,0.01795788660195218,264,101.96361611148868,98.43718087607263,105.61638313900714,adequate,75,266
race_color_b,race_white,Branca,ln_salario_real_adm,Salário real de admissão (log),strict_no_tail_binning,control,Not Exposed,-1,estimated,0.013693097240234814,0.25457184647241654,0.015697572529924066,263,101.3787277076499,98.3070792228955,104.54635121768712,adequate,75,266
race_color_b,race_white,Branca,ln_salario_real_adm,Salário real de admissão (log),strict_no_tail_binning,control,Not Exposed,0,estimated,-0.0455476486837069,0.2915878991762001,0.01808351384187243,260,95.5474074405323,92.22016815370984,98.99469119803197,adequate,75,266
race_color_b,race_white,Branca,ln_salario_real_adm,Salário real de admissão (log),strict_no_tail_binning,control,Not Exposed,1,estimated,0.04515384694323537,0.3091882391910611,0.019138271545650433,261,104.61888004772928,100.7672115724097,108.6177725040668,adequate,75,266
race_color_b,race_white,Branca,ln_salario_real_adm,Salário real de admissão (log),strict_no_tail_binning,control,Not Exposed,2,estimated,0.01971830656187073,0.3378451098772192,0.02087214059293172,262,101.99139964769958,97.90318644734238,106.25032728318466,adequate,75,266
race_color_b,race_white,Branca,ln_salario_real_adm,Salário real de admissão (log),strict_no_tail_binning,control,Not Exposed,3,estimated,0.050511566473344115,0.3514660622736451,0.021755203097220434,261,105.18090290057434,100.79024290662144,109.76283036870488,adequate,75,266
race_color_b,race_white,Branca,ln_salario_real_adm,Salário real de admissão (log),strict_no_tail_binning,control,Not Exposed,4,estimated,0.050834494037014295,0.37281840448216574,0.023121215924958798,260,105.21487419813162,100.55321570009869,110.09264771348128,adequate,75,266
race_color_b,race_white,Branca,ln_salario_real_adm,Salário real de admissão (log),strict_no_tail_binning,control,Not Exposed,5,estimated,0.039731927499043,0.34945413494719235,0.021630667922129337,261,104.05317988396084,99.73393641539755,108.55947968270871,adequate,75,266
race_color_b,race_white,Branca,ln_salario_real_adm,Salário real de admissão (log),strict_no_tail_binning,control,Not Exposed,6,estimated,0.04813710784907558,0.33966551074067963,0.02110578789276142,259,104.93145147182359,100.67927302257276,109.36322022820963,adequate,75,266
race_color_b,race_white,Branca,ln_salario_real_adm,Salário real de admissão (log),strict_no_tail_binning,control,Not Exposed,7,estimated,0.022893191833970487,0.3100293511920888,0.019153677282374708,262,102.31572521612655,98.5458744630553,106.22979078060284,adequate,75,266
race_color_b,race_white,Branca,ln_salario_real_adm,Salário real de admissão (log),strict_no_tail_binning,control,Not Exposed,8,estimated,0.04052468384868865,0.3602343993745544,0.022255355517469363,262,104.13570140842413,99.69089741221573,108.77868079554125,adequate,75,266
race_color_b,race_white,Branca,ln_salario_real_adm,Salário real de admissão (log),strict_no_tail_binning,control,Not Exposed,9,estimated,0.03194888347391791,0.31124667352219,0.01919229207791272,263,103.24647279460375,99.43480238584522,107.20425735008352,adequate,75,266
race_color_b,race_white,Branca,ln_salario_real_adm,Salário real de admissão (log),strict_no_tail_binning,control,Not Exposed,10,estimated,0.047443854800261163,0.30950220848965826,0.019157705757343838,261,104.8587326323652,100.9943866429274,108.87094000719743,adequate,75,266
race_color_b,race_white,Branca,ln_salario_real_adm,Salário real de admissão (log),strict_no_tail_binning,control,Not Exposed,11,estimated,0.014774495068920888,0.28148581300053777,0.017390251603754455,262,101.48841774226108,98.08748533200242,105.00726877608312,adequate,75,266
race_color_b,race_white,Branca,ln_salario_real_adm,Salário real de admissão (log),strict_no_tail_binning,control,Not Exposed,12,estimated,0.04254300141864899,0.3324543887476467,0.020657710574219723,259,104.3460925709059,100.20559993673427,108.6576702468761,adequate,75,266
race_color_b,race_white,Branca,ln_salario_real_adm,Salário real de admissão (log),strict_no_tail_binning,control,Not Exposed,13,estimated,-0.004367333556471632,0.29228420919740755,0.0180230164364422,263,99.56421893764063,96.10849794516547,103.14419541046517,adequate,75,266
race_color_b,race_white,Branca,ln_salario_real_adm,Salário real de admissão (log),strict_no_tail_binning,control,Not Exposed,14,estimated,-0.024247797006642025,0.2717308720770419,0.016787589340846624,262,97.6043819052538,94.44510005410443,100.86934485377385,adequate,75,266
race_color_b,race_white,Branca,ln_salario_real_adm,Salário real de admissão (log),strict_no_tail_binning,control,Not Exposed,15,estimated,0.008538492775543407,0.30823247888529404,0.0190426661405275,262,100.85750496778554,97.16252123699094,104.6930048626012,adequate,75,266
race_color_b,race_white,Branca,ln_salario_real_adm,Salário real de admissão (log),strict_no_tail_binning,control,Not Exposed,16,estimated,0.025974843800861833,0.35017318469548503,0.021633771598751336,262,102.63151299609079,98.3706844540275,107.07689509662144,adequate,75,266
race_color_b,race_white,Branca,ln_salario_real_adm,Salário real de admissão (log),strict_no_tail_binning,control,Not Exposed,17,estimated,0.028528670207423796,0.3118499961151046,0.019303030163035556,261,102.89395103208312,99.07378911269691,106.86141363736242,adequate,75,266
race_color_b,race_white,Branca,ln_salario_real_adm,Salário real de admissão (log),strict_no_tail_binning,control,Not Exposed,18,estimated,0.016237603817203794,0.3176484187285986,0.01962438484675789,262,101.63701501458536,97.80189914430424,105.6225176755849,adequate,75,266
race_color_b,race_white,Branca,ln_salario_real_adm,Salário real de admissão (log),strict_no_tail_binning,control,Not Exposed,19,estimated,0.012447009170349955,0.28392215300566076,0.01754076919194033,262,101.25247955900507,97.83058786936816,104.79406124530479,adequate,75,266
race_color_b,race_white,Branca,ln_salario_real_adm,Salário real de admissão (log),strict_no_tail_binning,control,Not Exposed,20,estimated,0.010749230139963714,0.3057910681883546,0.01889183528395501,262,101.08072106767476,97.40635149774455,104.89369547731857,adequate,75,266
race_color_b,race_white,Branca,ln_salario_real_adm,Salário real de admissão (log),strict_no_tail_binning,control,Not Exposed,21,estimated,-0.023731814512867034,0.2557116204288379,0.015828151943778325,261,97.65475705286214,94.67170724916949,100.73180100105552,adequate,75,266
race_color_b,race_white,Branca,ln_salario_real_adm,Salário real de admissão (log),strict_no_tail_binning,control,Not Exposed,22,estimated,-0.020202660082468977,0.27876131904215395,0.0171891593074321,263,98.00000462903505,94.7533096469264,101.35794668363256,adequate,75,266
race_color_b,race_white,Branca,ln_salario_real_adm,Salário real de admissão (log),strict_no_tail_binning,control,Not Exposed,23,estimated,-0.030985985074253514,0.27140757692175854,0.01683198338449525,260,96.94891602994073,93.80268810901994,100.20067131185655,adequate,75,266
race_color_b,race_white,Branca,ln_salario_real_adm,Salário real de admissão (log),strict_no_tail_binning,control,Not Exposed,24,estimated,-0.014505022016771006,0.3318277519979202,0.02057908357419786,260,98.55996690218863,94.66365732485743,102.61664666541182,adequate,75,266
race_color_b,race_black_combined,Negra (preta e parda),ln_admissoes,Admissões (log),strict_no_tail_binning,treated,Exposed,-12,estimated,-0.22452489894515545,0.2930104886715076,0.03383393690197574,75,79.88956847924385,74.76357272579321,85.36701657113163,adequate,75,266
race_color_b,race_black_combined,Negra (preta e parda),ln_admissoes,Admissões (log),strict_no_tail_binning,treated,Exposed,-11,estimated,-0.004957200828067457,0.24904136625202258,0.02875681996899148,75,99.50550658141839,94.05216903185854,105.2750398204085,adequate,75,266
race_color_b,race_black_combined,Negra (preta e parda),ln_admissoes,Admissões (log),strict_no_tail_binning,treated,Exposed,-10,estimated,0.05618062871738776,0.22272136875020643,0.025717648440442713,75,105.77887335037546,100.57907396605292,111.24749519021519,adequate,75,266
race_color_b,race_black_combined,Negra (preta e parda),ln_admissoes,Admissões (log),strict_no_tail_binning,treated,Exposed,-9,estimated,0.09246129967146033,0.21446342696710124,0.02476410345815711,75,109.68706914827673,104.49025807343473,115.14234302956163,adequate,75,266
race_color_b,race_black_combined,Negra (preta e parda),ln_admissoes,Admissões (log),strict_no_tail_binning,treated,Exposed,-8,estimated,0.06830497440183053,0.2902980354355788,0.03352072978079019,75,107.06917922805384,100.26077382813574,114.33992281188713,adequate,75,266
race_color_b,race_black_combined,Negra (preta e parda),ln_admissoes,Admissões (log),strict_no_tail_binning,treated,Exposed,-7,estimated,0.0340498811601293,0.2119651243543276,0.024475624320956707,75,103.46362142956653,98.61741250975832,108.5479803910026,adequate,75,266
race_color_b,race_black_combined,Negra (preta e parda),ln_admissoes,Admissões (log),strict_no_tail_binning,treated,Exposed,-6,estimated,0.023572917054627853,0.18772328088110496,0.021676417349973134,75,102.38529543666395,98.12648650042773,106.82894186379808,adequate,75,266
race_color_b,race_black_combined,Negra (preta e parda),ln_admissoes,Admissões (log),strict_no_tail_binning,treated,Exposed,-5,estimated,0.01490473309629015,0.19291101263843338,0.02227544501528856,75,101.50163625434642,97.16543554675657,106.03134853805076,adequate,75,266
race_color_b,race_black_combined,Negra (preta e parda),ln_admissoes,Admissões (log),strict_no_tail_binning,treated,Exposed,-4,estimated,0.1177131167639273,0.350721203999577,0.040497796307933084,75,112.49213439957893,103.9081797334396,121.78521781669205,adequate,75,266
race_color_b,race_black_combined,Negra (preta e parda),ln_admissoes,Admissões (log),strict_no_tail_binning,treated,Exposed,-3,estimated,0.05154109856643181,0.2556165521222524,0.029516057035421286,75,105.28924577735506,99.37094953674045,111.56002159630685,adequate,75,266
race_color_b,race_black_combined,Negra (preta e parda),ln_admissoes,Admissões (log),strict_no_tail_binning,treated,Exposed,-2,estimated,-0.11792180442422694,0.251478787607476,0.029038269144131396,75,88.8765547431197,83.95940213043565,94.08168451146362,adequate,75,266
race_color_b,race_black_combined,Negra (preta e parda),ln_admissoes,Admissões (log),strict_no_tail_binning,treated,Exposed,-1,estimated,-0.11132474523463559,0.2678862771083204,0.030932842840139092,75,89.46481690197997,84.20186484339266,95.05672443468303,adequate,75,266
race_color_b,race_black_combined,Negra (preta e parda),ln_admissoes,Admissões (log),strict_no_tail_binning,treated,Exposed,0,estimated,-0.4139543614361628,0.25092872703019276,0.02897475361965838,75,66.1031119088426,62.45368908577663,69.96578533625996,adequate,75,266
race_color_b,race_black_combined,Negra (preta e parda),ln_admissoes,Admissões (log),strict_no_tail_binning,treated,Exposed,1,estimated,-0.0782248823216921,0.25766227924828006,0.0297522772568014,75,92.47564417827401,87.23719954582607,98.02864845167886,adequate,75,266
race_color_b,race_black_combined,Negra (preta e parda),ln_admissoes,Admissões (log),strict_no_tail_binning,treated,Exposed,2,estimated,-0.10360565857590899,0.2556121463775612,0.02951554830384459,75,90.158075797022,85.09038570322332,95.52758004613965,adequate,75,266
race_color_b,race_black_combined,Negra (preta e parda),ln_admissoes,Admissões (log),strict_no_tail_binning,treated,Exposed,3,estimated,0.014446269645594156,0.23808721667104743,0.027491943727127596,75,101.45511212955827,96.13296121978475,107.07191005682711,adequate,75,266
race_color_b,race_black_combined,Negra (preta e parda),ln_admissoes,Admissões (log),strict_no_tail_binning,treated,Exposed,4,estimated,-0.08246123727106265,0.222821984865594,0.025729266588703482,75,92.08471317127638,87.5560873417294,96.84757116590397,adequate,75,266
race_color_b,race_black_combined,Negra (preta e parda),ln_admissoes,Admissões (log),strict_no_tail_binning,treated,Exposed,5,estimated,-0.002172009216391255,0.29402096740628686,0.03395061693588278,75,99.78303478887666,93.35925121837188,106.64882056936239,adequate,75,266
race_color_b,race_black_combined,Negra (preta e parda),ln_admissoes,Admissões (log),strict_no_tail_binning,treated,Exposed,6,estimated,-0.09946972691686247,0.28812556498314745,0.033269874500686636,75,90.53173562012589,84.81661922728921,96.63194818493027,adequate,75,266
race_color_b,race_black_combined,Negra (preta e parda),ln_admissoes,Admissões (log),strict_no_tail_binning,treated,Exposed,7,estimated,-0.00204000571029856,0.29144336083619754,0.03365298056646157,75,99.79620736871159,93.42606159393092,106.60069401690218,adequate,75,266
race_color_b,race_black_combined,Negra (preta e parda),ln_admissoes,Admissões (log),strict_no_tail_binning,treated,Exposed,8,estimated,0.11720489245362266,0.2558047705829676,0.029537790631213357,75,112.43497768760452,106.11050051345944,119.13641106620372,adequate,75,266
race_color_b,race_black_combined,Negra (preta e parda),ln_admissoes,Admissões (log),strict_no_tail_binning,treated,Exposed,9,estimated,0.10173283683208498,0.28440759796400233,0.032840560648818316,75,110.70876591683995,103.80721987497374,118.06915612990511,adequate,75,266
race_color_b,race_black_combined,Negra (preta e parda),ln_admissoes,Admissões (log),strict_no_tail_binning,treated,Exposed,10,estimated,0.00926588391806279,0.3139682851180338,0.03625393478598039,75,100.93089451177197,94.00785642112652,108.36376718677201,adequate,75,266
race_color_b,race_black_combined,Negra (preta e parda),ln_admissoes,Admissões (log),strict_no_tail_binning,treated,Exposed,11,estimated,0.02873289296794784,0.32928269190123016,0.03802229016173196,75,102.91496646464589,95.52417819298843,110.87758641609142,adequate,75,266
race_color_b,race_black_combined,Negra (preta e parda),ln_admissoes,Admissões (log),strict_no_tail_binning,treated,Exposed,12,estimated,-0.1682004524647452,0.2935118794560631,0.0338918325228622,75,84.51843984074414,79.0864645383049,90.32350497414959,adequate,75,266
race_color_b,race_black_combined,Negra (preta e parda),ln_admissoes,Admissões (log),strict_no_tail_binning,treated,Exposed,13,estimated,0.25751822716606715,0.2631354092022955,0.030384259867253523,75,129.3715391530697,121.89198257484205,137.31005755491492,adequate,75,266
race_color_b,race_black_combined,Negra (preta e parda),ln_admissoes,Admissões (log),strict_no_tail_binning,treated,Exposed,14,estimated,0.3729523478534822,0.24649052098504734,0.028462273728681632,75,145.2015146545675,137.32309093549412,153.53193490149653,adequate,75,266
race_color_b,race_black_combined,Negra (preta e parda),ln_admissoes,Admissões (log),strict_no_tail_binning,treated,Exposed,15,estimated,0.395174874918391,0.34226128990114507,0.03952092957152293,75,148.46437951836378,137.3983043787786,160.4217176145671,adequate,75,266
race_color_b,race_black_combined,Negra (preta e parda),ln_admissoes,Admissões (log),strict_no_tail_binning,treated,Exposed,16,estimated,0.4650479590638359,0.2695594262413765,0.03112604146061196,75,159.20905422281163,149.78652350559108,169.22432241092793,adequate,75,266
race_color_b,race_black_combined,Negra (preta e parda),ln_admissoes,Admissões (log),strict_no_tail_binning,treated,Exposed,17,estimated,0.4960285399522835,0.31155331835064,0.03597507844333263,75,164.21864250721197,153.03820134054732,176.2158879984589,adequate,75,266
race_color_b,race_black_combined,Negra (preta e parda),ln_admissoes,Admissões (log),strict_no_tail_binning,treated,Exposed,18,estimated,0.4381874313266477,0.3218393736796063,0.03716280980594825,75,154.98953791439862,144.10158613034127,166.700155827507,adequate,75,266
race_color_b,race_black_combined,Negra (preta e parda),ln_admissoes,Admissões (log),strict_no_tail_binning,treated,Exposed,19,estimated,0.43599505838465047,0.3533512501934824,0.04080148788353957,75,154.65011525166616,142.7642014171061,167.52559752341327,adequate,75,266
race_color_b,race_black_combined,Negra (preta e parda),ln_admissoes,Admissões (log),strict_no_tail_binning,treated,Exposed,20,estimated,0.49340316032176806,0.29026214367242076,0.033516585356965986,75,163.78807168147367,153.37422330776576,174.90900261189623,adequate,75,266
race_color_b,race_black_combined,Negra (preta e parda),ln_admissoes,Admissões (log),strict_no_tail_binning,treated,Exposed,21,estimated,0.4765305688430169,0.3870003613226327,0.04468695255722088,75,161.04772583768735,147.54221346521095,175.78948687526952,adequate,75,266
race_color_b,race_black_combined,Negra (preta e parda),ln_admissoes,Admissões (log),strict_no_tail_binning,treated,Exposed,22,estimated,0.4523696011297443,0.34990011403891397,0.04040298500596954,75,157.20328663405,145.23453762051125,170.15837784481036,adequate,75,266
race_color_b,race_black_combined,Negra (preta e parda),ln_admissoes,Admissões (log),strict_no_tail_binning,treated,Exposed,23,estimated,0.34184264267474435,0.34465460766167233,0.03979728610218227,75,140.75387935471778,130.19198228715268,152.1726162038586,adequate,75,266
race_color_b,race_black_combined,Negra (preta e parda),ln_admissoes,Admissões (log),strict_no_tail_binning,treated,Exposed,24,estimated,0.023763412933608872,0.41616861329064087,0.04805501218232495,75,102.40480127134445,93.19981857265735,112.51892422138383,adequate,75,266
race_color_b,race_black_combined,Negra (preta e parda),ln_admissoes,Admissões (log),strict_no_tail_binning,control,Not Exposed,-12,estimated,-0.42732492370435476,0.4818813226935727,0.029657745242722414,264,65.22515857918788,61.5417669442519,69.12900819916362,adequate,75,266
race_color_b,race_black_combined,Negra (preta e parda),ln_admissoes,Admissões (log),strict_no_tail_binning,control,Not Exposed,-11,estimated,0.00310240362276972,0.32472470575513496,0.019985424094612333,264,100.31072210574763,96.45737089743355,104.31800987066147,adequate,75,266
race_color_b,race_black_combined,Negra (preta e parda),ln_admissoes,Admissões (log),strict_no_tail_binning,control,Not Exposed,-10,estimated,0.09750057824940811,0.3520531443119662,0.021667373218661055,264,110.2412079032274,105.6574981057157,115.02377150557538,adequate,75,266
race_color_b,race_black_combined,Negra (preta e parda),ln_admissoes,Admissões (log),strict_no_tail_binning,control,Not Exposed,-9,estimated,0.06877182717532371,0.33881058003452613,0.020852349728011182,264,107.1191764410928,102.82941062695923,111.58789972107112,adequate,75,266
race_color_b,race_black_combined,Negra (preta e parda),ln_admissoes,Admissões (log),strict_no_tail_binning,control,Not Exposed,-8,estimated,0.04881774554887371,0.3075393592729299,0.01892773913386681,264,105.00289608478019,101.17883177950932,108.9714912919567,adequate,75,266
race_color_b,race_black_combined,Negra (preta e parda),ln_admissoes,Admissões (log),strict_no_tail_binning,control,Not Exposed,-7,estimated,0.12605204600972317,0.329452661268042,0.020276409641296178,264,113.43412046800754,109.01445292713163,118.03297031588387,adequate,75,266
race_color_b,race_black_combined,Negra (preta e parda),ln_admissoes,Admissões (log),strict_no_tail_binning,control,Not Exposed,-6,estimated,0.07531329406947362,0.3287961827824947,0.020197788951692972,265,107.82218985010834,103.63714558832875,112.17623331939816,adequate,75,266
race_color_b,race_black_combined,Negra (preta e parda),ln_admissoes,Admissões (log),strict_no_tail_binning,control,Not Exposed,-5,estimated,0.058394273660737864,0.32622929063728884,0.020078024892836978,264,106.01328957990704,101.92237874220744,110.2683994059793,adequate,75,266
race_color_b,race_black_combined,Negra (preta e parda),ln_admissoes,Admissões (log),strict_no_tail_binning,control,Not Exposed,-4,estimated,0.1443025460779026,0.311402002323341,0.01916546837996484,264,115.52335670433665,111.26429576411721,119.9454492798882,adequate,75,266
race_color_b,race_black_combined,Negra (preta e parda),ln_admissoes,Admissões (log),strict_no_tail_binning,control,Not Exposed,-3,estimated,0.05862577132411402,0.33977854820756015,0.02087243029688335,265,106.03783424963883,101.78736636705166,110.46579446615435,adequate,75,266
race_color_b,race_black_combined,Negra (preta e parda),ln_admissoes,Admissões (log),strict_no_tail_binning,control,Not Exposed,-2,estimated,-0.06462993975633298,0.33626991848132903,0.02069598281868273,264,93.74142989623057,90.01498170873371,97.62214591593154,adequate,75,266
race_color_b,race_black_combined,Negra (preta e parda),ln_admissoes,Admissões (log),strict_no_tail_binning,control,Not Exposed,-1,estimated,-0.18943296722231143,0.3758472731320197,0.023131800615168403,264,82.74281798477506,79.07516766830403,86.58058060376229,adequate,75,266
race_color_b,race_black_combined,Negra (preta e parda),ln_admissoes,Admissões (log),strict_no_tail_binning,control,Not Exposed,0,estimated,-0.4941712073785856,0.5900990755332218,0.036387067801810405,263,61.007632458063256,56.808179788410975,65.51752286380098,adequate,75,266
race_color_b,race_black_combined,Negra (preta e parda),ln_admissoes,Admissões (log),strict_no_tail_binning,control,Not Exposed,1,estimated,-0.03213668485712018,0.36929856769635144,0.02272875565713797,264,96.83742109421772,92.61815122974025,101.24890207447454,adequate,75,266
race_color_b,race_black_combined,Negra (preta e parda),ln_admissoes,Admissões (log),strict_no_tail_binning,control,Not Exposed,2,estimated,0.03785190473549752,0.38428774516001246,0.023606608531092553,265,103.85774130920898,99.16182761850604,108.77603498140407,adequate,75,266
race_color_b,race_black_combined,Negra (preta e parda),ln_admissoes,Admissões (log),strict_no_tail_binning,control,Not Exposed,3,estimated,0.1388161544832285,0.42790541644140123,0.026335757853952178,264,114.8912858108138,109.1112774030444,120.97748160809087,adequate,75,266
race_color_b,race_black_combined,Negra (preta e parda),ln_admissoes,Admissões (log),strict_no_tail_binning,control,Not Exposed,4,estimated,0.0022234603370902897,0.3721884874175949,0.022863357036244304,265,100.22259340580926,95.83054414138785,104.81593649480342,adequate,75,266
race_color_b,race_black_combined,Negra (preta e parda),ln_admissoes,Admissões (log),strict_no_tail_binning,control,Not Exposed,5,estimated,0.09370522645190996,0.3617527066738701,0.022306627498672425,263,109.82359672861134,105.12545248520158,114.73170496085613,adequate,75,266
race_color_b,race_black_combined,Negra (preta e parda),ln_admissoes,Admissões (log),strict_no_tail_binning,control,Not Exposed,6,estimated,0.040336991344071725,0.38255572152808387,0.02354467707278313,264,104.11615775196302,99.42062730270744,109.03345310854266,adequate,75,266
race_color_b,race_black_combined,Negra (preta e parda),ln_admissoes,Admissões (log),strict_no_tail_binning,control,Not Exposed,7,estimated,0.08182649741216282,0.3568309092603889,0.022003136468747853,263,108.52674967744342,103.94589630314191,113.30947939687408,adequate,75,266
race_color_b,race_black_combined,Negra (preta e parda),ln_admissoes,Admissões (log),strict_no_tail_binning,control,Not Exposed,8,estimated,0.18848236924938672,0.36843354768418624,0.02267551735562578,264,120.74157951521845,115.49284052227449,126.22885503468189,adequate,75,266
race_color_b,race_black_combined,Negra (preta e parda),ln_admissoes,Admissões (log),strict_no_tail_binning,control,Not Exposed,9,estimated,0.14042848767476404,0.39588478156087514,0.024365024009177786,264,115.07667826138305,109.71029685102813,120.70555143657668,adequate,75,266
race_color_b,race_black_combined,Negra (preta e parda),ln_admissoes,Admissões (log),strict_no_tail_binning,control,Not Exposed,10,estimated,0.10096885988483974,0.3469639931416563,0.021354157615974725,264,110.62421927177763,106.0896930263175,115.35256197276908,adequate,75,266
race_color_b,race_black_combined,Negra (preta e parda),ln_admissoes,Admissões (log),strict_no_tail_binning,control,Not Exposed,11,estimated,-0.03650495766855233,0.3999641750141827,0.024662847575867595,263,96.41533139319111,91.86554558777615,101.19045250514247,adequate,75,266
race_color_b,race_black_combined,Negra (preta e parda),ln_admissoes,Admissões (log),strict_no_tail_binning,control,Not Exposed,12,estimated,-0.30056220619973606,0.5588820134219201,0.034396810156817795,264,74.04018451405958,69.213105593469,79.20391486367963,adequate,75,266
race_color_b,race_black_combined,Negra (preta e parda),ln_admissoes,Admissões (log),strict_no_tail_binning,control,Not Exposed,13,estimated,0.3124160370896153,0.4157572356031569,0.02563668941069818,263,136.67231823000432,129.97450447944016,143.71528204839845,adequate,75,266
race_color_b,race_black_combined,Negra (preta e parda),ln_admissoes,Admissões (log),strict_no_tail_binning,control,Not Exposed,14,estimated,0.4338178153776329,0.4407134008761472,0.02717555248558256,263,154.313770654528,146.3094528168265,162.75598982268667,adequate,75,266
race_color_b,race_black_combined,Negra (preta e parda),ln_admissoes,Admissões (log),strict_no_tail_binning,control,Not Exposed,15,estimated,0.4914870606637267,0.44293925714825405,0.027261026787828328,264,163.47453789025525,154.96908325418792,172.4468131143204,adequate,75,266
race_color_b,race_black_combined,Negra (preta e parda),ln_admissoes,Admissões (log),strict_no_tail_binning,control,Not Exposed,16,estimated,0.5234173217516447,0.41855247519340005,0.02580905126773138,263,168.7785512003718,160.453112711916,177.53597212191073,adequate,75,266
race_color_b,race_black_combined,Negra (preta e parda),ln_admissoes,Admissões (log),strict_no_tail_binning,control,Not Exposed,17,estimated,0.5336130128939002,0.44617816307783154,0.02746036766783507,264,170.50816751362981,161.57361807175076,179.9367714594684,adequate,75,266
race_color_b,race_black_combined,Negra (preta e parda),ln_admissoes,Admissões (log),strict_no_tail_binning,control,Not Exposed,18,estimated,0.523066658047601,0.3925412900380164,0.024205132879960407,263,168.719377064162,160.9018873025232,176.9166830429868,adequate,75,266
race_color_b,race_black_combined,Negra (preta e parda),ln_admissoes,Admissões (log),strict_no_tail_binning,control,Not Exposed,19,estimated,0.5660850024394631,0.3732817494342759,0.023017538730373276,263,176.1357823870449,168.36610629452736,184.26400966252467,adequate,75,266
race_color_b,race_black_combined,Negra (preta e parda),ln_admissoes,Admissões (log),strict_no_tail_binning,control,Not Exposed,20,estimated,0.5843122750741437,0.33383558973513794,0.020546160241231477,264,179.3756949984566,172.29566558190882,186.74665928193724,adequate,75,266
race_color_b,race_black_combined,Negra (preta e parda),ln_admissoes,Admissões (log),strict_no_tail_binning,control,Not Exposed,21,estimated,0.519733859575606,0.4040092057058138,0.024912274853657827,263,168.1580053710688,160.14441259134776,176.57259665083166,adequate,75,266
race_color_b,race_black_combined,Negra (preta e parda),ln_admissoes,Admissões (log),strict_no_tail_binning,control,Not Exposed,22,estimated,0.5121350006807682,0.3641047521751758,0.022409098408951413,264,166.88503908716666,159.71378247574117,174.37828995976196,adequate,75,266
race_color_b,race_black_combined,Negra (preta e parda),ln_admissoes,Admissões (log),strict_no_tail_binning,control,Not Exposed,23,estimated,0.3218710535002303,0.38471488250493135,0.023722535917249297,263,137.97068561166182,131.70243124938705,144.53727169323324,adequate,75,266
race_color_b,race_black_combined,Negra (preta e parda),ln_admissoes,Admissões (log),strict_no_tail_binning,control,Not Exposed,24,estimated,-0.056865895347434824,0.5371827645997823,0.03306131371149356,264,94.47207523202079,88.5443995257393,100.79658393357968,adequate,75,266
race_color_b,race_black_combined,Negra (preta e parda),ln_salario_real_adm,Salário real de admissão (log),strict_no_tail_binning,treated,Exposed,-12,estimated,-0.0123304194062583,0.1737692331201575,0.020200263036542584,74,98.77452887246308,94.94020297311113,102.7637107194751,adequate,75,266
race_color_b,race_black_combined,Negra (preta e parda),ln_salario_real_adm,Salário real de admissão (log),strict_no_tail_binning,treated,Exposed,-11,estimated,0.06270812344939136,0.21483551778216284,0.024807068804604867,75,106.47160282325927,101.41859475587711,111.77636837742664,adequate,75,266
race_color_b,race_black_combined,Negra (preta e parda),ln_salario_real_adm,Salário real de admissão (log),strict_no_tail_binning,treated,Exposed,-10,estimated,0.010317410243978604,0.2146666879471572,0.025124835422129056,73,101.03708182404216,96.18206625282379,106.13716570284726,adequate,75,266
race_color_b,race_black_combined,Negra (preta e parda),ln_salario_real_adm,Salário real de admissão (log),strict_no_tail_binning,treated,Exposed,-9,estimated,-0.023999033885297394,0.1755066815563493,0.020402237314689025,74,97.6286652962343,93.80168006251446,101.61178649648855,adequate,75,266
race_color_b,race_black_combined,Negra (preta e parda),ln_salario_real_adm,Salário real de admissão (log),strict_no_tail_binning,treated,Exposed,-8,estimated,0.04240066599330186,0.38837542825720517,0.04514772648101969,74,104.33124148237958,95.49570838295949,113.98426310010964,adequate,75,266
race_color_b,race_black_combined,Negra (preta e parda),ln_salario_real_adm,Salário real de admissão (log),strict_no_tail_binning,treated,Exposed,-7,estimated,-0.027861155863433767,0.15686913762478974,0.018235666840661028,74,97.25233865975791,93.83774024474921,100.79118859984987,adequate,75,266
race_color_b,race_black_combined,Negra (preta e parda),ln_salario_real_adm,Salário real de admissão (log),strict_no_tail_binning,treated,Exposed,-6,estimated,-0.009305860605384547,0.1672661313976099,0.019444292816785565,74,99.07373049142113,95.36899364876554,102.9223828201086,adequate,75,266
race_color_b,race_black_combined,Negra (preta e parda),ln_salario_real_adm,Salário real de admissão (log),strict_no_tail_binning,treated,Exposed,-5,estimated,-0.01371737319125252,0.21053350106867177,0.0243103147030864,75,98.63762812523281,94.04793470647287,103.45130610828919,adequate,75,266
race_color_b,race_black_combined,Negra (preta e parda),ln_salario_real_adm,Salário real de admissão (log),strict_no_tail_binning,treated,Exposed,-4,estimated,-0.009495340411596137,0.19566346504173568,0.022745415799535602,74,99.05495979855674,94.73597677262896,103.5708438858735,adequate,75,266
race_color_b,race_black_combined,Negra (preta e parda),ln_salario_real_adm,Salário real de admissão (log),strict_no_tail_binning,treated,Exposed,-3,estimated,0.010203123080248162,0.2211250182241156,0.025880725806715767,73,101.0255352423545,96.02869821051911,106.28238184203786,adequate,75,266
race_color_b,race_black_combined,Negra (preta e parda),ln_salario_real_adm,Salário real de admissão (log),strict_no_tail_binning,treated,Exposed,-2,estimated,-0.008770840930689286,0.1404737006989708,0.016554984390435287,72,99.12675106874077,95.96193243129294,102.39594523046338,adequate,75,266
race_color_b,race_black_combined,Negra (preta e parda),ln_salario_real_adm,Salário real de admissão (log),strict_no_tail_binning,treated,Exposed,-1,estimated,-0.020771080889160697,0.1455410179457539,0.01691879967656572,74,97.94431521635791,94.7496602053477,101.24668376024259,adequate,75,266
race_color_b,race_black_combined,Negra (preta e parda),ln_salario_real_adm,Salário real de admissão (log),strict_no_tail_binning,treated,Exposed,0,estimated,0.004870153127051905,0.3630176926269979,0.04219994959011808,74,100.48820315982884,92.51108155324745,109.15318256741928,adequate,75,266
race_color_b,race_black_combined,Negra (preta e parda),ln_salario_real_adm,Salário real de admissão (log),strict_no_tail_binning,treated,Exposed,1,estimated,0.05814971282226481,0.23643514566694596,0.027672640686343595,73,105.98736605098729,100.39189963386252,111.89470269408999,adequate,75,266
race_color_b,race_black_combined,Negra (preta e parda),ln_salario_real_adm,Salário real de admissão (log),strict_no_tail_binning,treated,Exposed,2,estimated,-0.02630858723080574,0.341138436852664,0.03965653776887969,74,97.40344686278537,90.11933934768291,105.27630949610803,adequate,75,266
race_color_b,race_black_combined,Negra (preta e parda),ln_salario_real_adm,Salário real de admissão (log),strict_no_tail_binning,treated,Exposed,3,estimated,0.010110218531965727,0.177107354555622,0.02058831177125546,74,101.0161499466129,97.02098675966921,105.17582732191303,adequate,75,266
race_color_b,race_black_combined,Negra (preta e parda),ln_salario_real_adm,Salário real de admissão (log),strict_no_tail_binning,treated,Exposed,4,estimated,0.0017556019949911553,0.2396642628271496,0.027674045331677603,75,100.17571439664042,94.88680540612614,105.75942262915908,adequate,75,266
race_color_b,race_black_combined,Negra (preta e parda),ln_salario_real_adm,Salário real de admissão (log),strict_no_tail_binning,treated,Exposed,5,estimated,-0.0156084533337566,0.19859576532803605,0.02293186371441227,75,98.45127272741439,94.12420875601123,102.97725983304701,adequate,75,266
race_color_b,race_black_combined,Negra (preta e parda),ln_salario_real_adm,Salário real de admissão (log),strict_no_tail_binning,treated,Exposed,6,estimated,0.021364196725428775,0.1693920687550838,0.019963046749322946,72,102.15940450999594,98.23934638060847,106.2358852572441,adequate,75,266
race_color_b,race_black_combined,Negra (preta e parda),ln_salario_real_adm,Salário real de admissão (log),strict_no_tail_binning,treated,Exposed,7,estimated,0.04168816627503327,0.2700351874929601,0.03139095292380113,74,104.25693197811083,98.03573788919249,110.87291328162372,adequate,75,266
race_color_b,race_black_combined,Negra (preta e parda),ln_salario_real_adm,Salário real de admissão (log),strict_no_tail_binning,treated,Exposed,8,estimated,0.022001488625769883,0.16298844094038667,0.018947021401856393,74,102.22453062100116,98.4979280238783,106.09212671103805,adequate,75,266
race_color_b,race_black_combined,Negra (preta e parda),ln_salario_real_adm,Salário real de admissão (log),strict_no_tail_binning,treated,Exposed,9,estimated,0.007165934986018654,0.2081310678988942,0.024194745192475976,74,100.71916717373644,96.05437336962068,105.61050247171192,adequate,75,266
race_color_b,race_black_combined,Negra (preta e parda),ln_salario_real_adm,Salário real de admissão (log),strict_no_tail_binning,treated,Exposed,10,estimated,-0.041012774872790037,0.21800447438210274,0.025342505382506885,74,95.98168683310841,91.33061920689555,100.86961292203027,adequate,75,266
race_color_b,race_black_combined,Negra (preta e parda),ln_salario_real_adm,Salário real de admissão (log),strict_no_tail_binning,treated,Exposed,11,estimated,0.010023197061957563,0.19078798196861693,0.022178652404550088,74,101.00735975522322,96.7106203587544,105.49499824191273,adequate,75,266
race_color_b,race_black_combined,Negra (preta e parda),ln_salario_real_adm,Salário real de admissão (log),strict_no_tail_binning,treated,Exposed,12,estimated,0.04857955249633534,0.2804758934195469,0.032386566513395235,75,104.97788810291841,98.52123100187264,111.85768669840705,adequate,75,266
race_color_b,race_black_combined,Negra (preta e parda),ln_salario_real_adm,Salário real de admissão (log),strict_no_tail_binning,treated,Exposed,13,estimated,0.023006257459184144,0.2313691655911791,0.026716210007249268,75,102.32729426158566,97.10692314042002,107.82830731600764,adequate,75,266
race_color_b,race_black_combined,Negra (preta e parda),ln_salario_real_adm,Salário real de admissão (log),strict_no_tail_binning,treated,Exposed,14,estimated,0.005481005235980802,0.1839914191435495,0.02124549907422191,75,100.54960534256861,96.44857965755578,104.82500800367427,adequate,75,266
race_color_b,race_black_combined,Negra (preta e parda),ln_salario_real_adm,Salário real de admissão (log),strict_no_tail_binning,treated,Exposed,15,estimated,-0.02271913278921295,0.19004550755577404,0.02194456498912104,75,97.75370033112651,93.63832041287633,102.04995013039186,adequate,75,266
race_color_b,race_black_combined,Negra (preta e parda),ln_salario_real_adm,Salário real de admissão (log),strict_no_tail_binning,treated,Exposed,16,estimated,-0.0024509168692790576,0.1409053944454636,0.01627035348267176,75,99.75520841752001,96.62421438253773,102.98765863209185,adequate,75,266
race_color_b,race_black_combined,Negra (preta e parda),ln_salario_real_adm,Salário real de admissão (log),strict_no_tail_binning,treated,Exposed,17,estimated,-0.014670276708123542,0.19232677738871556,0.02220798333954963,75,98.543680750997,94.34631948960035,102.92777787717336,adequate,75,266
race_color_b,race_black_combined,Negra (preta e parda),ln_salario_real_adm,Salário real de admissão (log),strict_no_tail_binning,treated,Exposed,18,estimated,0.026912056581699643,0.18592358705718776,0.021468606607233633,75,102.72774564998004,98.49480184316106,107.14260579082261,adequate,75,266
race_color_b,race_black_combined,Negra (preta e parda),ln_salario_real_adm,Salário real de admissão (log),strict_no_tail_binning,treated,Exposed,19,estimated,0.0031013275216382153,0.23137878495356032,0.026897237406265328,74,100.31061416132417,95.15935698308971,105.74072411197729,adequate,75,266
race_color_b,race_black_combined,Negra (preta e parda),ln_salario_real_adm,Salário real de admissão (log),strict_no_tail_binning,treated,Exposed,20,estimated,0.014888249005972168,0.20267596907272067,0.02340300506048071,75,101.49996310599718,96.94933719262181,106.26418713982531,adequate,75,266
race_color_b,race_black_combined,Negra (preta e parda),ln_salario_real_adm,Salário real de admissão (log),strict_no_tail_binning,treated,Exposed,21,estimated,-0.01109917952583828,0.15893680343574787,0.018476028108896234,74,98.89621891102179,95.37895831289805,102.54318444966846,adequate,75,266
race_color_b,race_black_combined,Negra (preta e parda),ln_salario_real_adm,Salário real de admissão (log),strict_no_tail_binning,treated,Exposed,22,estimated,0.011004956501658754,0.2049514920572208,0.02366575982201037,75,101.10657337812867,96.52386208200652,105.90686033244158,adequate,75,266
race_color_b,race_black_combined,Negra (preta e parda),ln_salario_real_adm,Salário real de admissão (log),strict_no_tail_binning,treated,Exposed,23,estimated,-0.03814370273229627,0.16526391926482098,0.019083033654975393,75,96.25746063509403,92.72366605999225,99.92593176721348,adequate,75,266
race_color_b,race_black_combined,Negra (preta e parda),ln_salario_real_adm,Salário real de admissão (log),strict_no_tail_binning,treated,Exposed,24,estimated,0.008917015204019087,0.2886826251112624,0.033558673515551446,74,100.89568902180046,94.47282255264076,107.7552230167734,adequate,75,266
race_color_b,race_black_combined,Negra (preta e parda),ln_salario_real_adm,Salário real de admissão (log),strict_no_tail_binning,control,Not Exposed,-12,estimated,-0.03134680168256874,0.2855843542106945,0.017711189788676994,260,96.91394156094306,93.60740113566118,100.33728054543478,adequate,75,266
race_color_b,race_black_combined,Negra (preta e parda),ln_salario_real_adm,Salário real de admissão (log),strict_no_tail_binning,control,Not Exposed,-11,estimated,0.02398277632166647,0.25153162922321615,0.015480701634773187,264,102.42726759955956,99.36607792982261,105.58276392192221,adequate,75,266
race_color_b,race_black_combined,Negra (preta e parda),ln_salario_real_adm,Salário real de admissão (log),strict_no_tail_binning,control,Not Exposed,-10,estimated,0.028559401455741498,0.2850207335809217,0.017575131342748327,263,102.89711314023018,99.41294434790665,106.50339311488545,adequate,75,266
race_color_b,race_black_combined,Negra (preta e parda),ln_salario_real_adm,Salário real de admissão (log),strict_no_tail_binning,control,Not Exposed,-9,estimated,-0.009856268678956025,0.23602343601790052,0.014553828543857974,263,99.01921451467298,96.23454735936538,101.88445950173252,adequate,75,266
race_color_b,race_black_combined,Negra (preta e parda),ln_salario_real_adm,Salário real de admissão (log),strict_no_tail_binning,control,Not Exposed,-8,estimated,-0.020113178121969343,0.2564098465860335,0.01581090847218678,263,98.00877425393399,95.01812161587327,101.09355633856174,adequate,75,266
race_color_b,race_black_combined,Negra (preta e parda),ln_salario_real_adm,Salário real de admissão (log),strict_no_tail_binning,control,Not Exposed,-7,estimated,-0.027977839499748393,0.23638896888242925,0.014576368265875633,263,97.24099156526599,94.50215747734927,100.05920174745793,adequate,75,266
race_color_b,race_black_combined,Negra (preta e parda),ln_salario_real_adm,Salário real de admissão (log),strict_no_tail_binning,control,Not Exposed,-6,estimated,-0.007823475862656873,0.2348301779511438,0.014480249099353847,263,99.22070478721933,96.44427900056223,102.07705797059397,adequate,75,266
race_color_b,race_black_combined,Negra (preta e parda),ln_salario_real_adm,Salário real de admissão (log),strict_no_tail_binning,control,Not Exposed,-5,estimated,0.025448040365067644,0.27446236801430934,0.016956341723417406,262,102.57746060116743,99.22438459914432,106.0438466400405,adequate,75,266
race_color_b,race_black_combined,Negra (preta e parda),ln_salario_real_adm,Salário real de admissão (log),strict_no_tail_binning,control,Not Exposed,-4,estimated,0.013493457610440754,0.24667753599949827,0.015210788492570584,263,101.3584905161213,98.38127568066757,104.42580184722543,adequate,75,266
race_color_b,race_black_combined,Negra (preta e parda),ln_salario_real_adm,Salário real de admissão (log),strict_no_tail_binning,control,Not Exposed,-3,estimated,0.03096664448266221,0.29829049782823003,0.018393380059617673,263,103.14510987277184,99.49285231498386,106.93143721505234,adequate,75,266
race_color_b,race_black_combined,Negra (preta e parda),ln_salario_real_adm,Salário real de admissão (log),strict_no_tail_binning,control,Not Exposed,-2,estimated,-0.021881982204452973,0.24679071377645156,0.015217767333267693,263,97.8355691620097,94.96053457968135,100.79764857708011,adequate,75,266
race_color_b,race_black_combined,Negra (preta e parda),ln_salario_real_adm,Salário real de admissão (log),strict_no_tail_binning,control,Not Exposed,-1,estimated,-0.003817285311903909,0.21968703210233267,0.013572310169444839,262,99.6189991259811,97.00389891970373,102.30459906644474,adequate,75,266
race_color_b,race_black_combined,Negra (preta e parda),ln_salario_real_adm,Salário real de admissão (log),strict_no_tail_binning,control,Not Exposed,0,estimated,0.030523611697439768,0.3650935349987972,0.022729730666980648,258,103.09942332852857,98.60712548486322,107.79637920088068,adequate,75,266
race_color_b,race_black_combined,Negra (preta e parda),ln_salario_real_adm,Salário real de admissão (log),strict_no_tail_binning,control,Not Exposed,1,estimated,0.07384120150881072,0.28826354528433457,0.01777509167858509,263,107.66358237763836,103.97725858797777,111.48059804422239,adequate,75,266
race_color_b,race_black_combined,Negra (preta e parda),ln_salario_real_adm,Salário real de admissão (log),strict_no_tail_binning,control,Not Exposed,2,estimated,0.043735015078777244,0.32085939751950104,0.019785038032537686,263,104.47054870059816,100.49686435082631,108.60135404527486,adequate,75,266
race_color_b,race_black_combined,Negra (preta e parda),ln_salario_real_adm,Salário real de admissão (log),strict_no_tail_binning,control,Not Exposed,3,estimated,0.06310053445415162,0.305663259620442,0.018848004027596947,263,106.5133916505632,102.65035815501635,110.52180240592611,adequate,75,266
race_color_b,race_black_combined,Negra (preta e parda),ln_salario_real_adm,Salário real de admissão (log),strict_no_tail_binning,control,Not Exposed,4,estimated,0.05865266984344467,0.34635504762092306,0.021357167167045114,263,106.04068654873431,101.6934410831922,110.57377038237941,adequate,75,266
race_color_b,race_black_combined,Negra (preta e parda),ln_salario_real_adm,Salário real de admissão (log),strict_no_tail_binning,control,Not Exposed,5,estimated,0.03516944755952388,0.27051548220907784,0.01671250230404272,262,103.57952069003167,100.24158565335566,107.02860530835537,adequate,75,266
race_color_b,race_black_combined,Negra (preta e parda),ln_salario_real_adm,Salário real de admissão (log),strict_no_tail_binning,control,Not Exposed,6,estimated,0.04243167621016953,0.29420978168849804,0.018107360344370604,264,104.33447686696876,100.69653962467311,108.10384451817627,adequate,75,266
race_color_b,race_black_combined,Negra (preta e parda),ln_salario_real_adm,Salário real de admissão (log),strict_no_tail_binning,control,Not Exposed,7,estimated,0.046382301708987356,0.2750809517474594,0.016994557954078553,262,104.7474785820804,101.3158792954034,108.29530716811516,adequate,75,266
race_color_b,race_black_combined,Negra (preta e parda),ln_salario_real_adm,Salário real de admissão (log),strict_no_tail_binning,control,Not Exposed,8,estimated,0.024833127652398628,0.2880339796284911,0.017828855751198244,261,102.51440380580992,98.99395190187403,106.16005105117648,adequate,75,266
race_color_b,race_black_combined,Negra (preta e parda),ln_salario_real_adm,Salário real de admissão (log),strict_no_tail_binning,control,Not Exposed,9,estimated,0.0628229300089611,0.3534745549257668,0.02183773093272187,262,106.48382716337508,102.02227414032565,111.14048910303325,adequate,75,266
race_color_b,race_black_combined,Negra (preta e parda),ln_salario_real_adm,Salário real de admissão (log),strict_no_tail_binning,control,Not Exposed,10,estimated,0.040460801174315164,0.254142007598757,0.015700945664416904,262,104.12904915380456,100.97340180162068,107.3833176283203,adequate,75,266
race_color_b,race_black_combined,Negra (preta e parda),ln_salario_real_adm,Salário real de admissão (log),strict_no_tail_binning,control,Not Exposed,11,estimated,0.006027452892114178,0.27018982745673953,0.01675646176865036,260,100.60456545377754,97.35411234511251,103.96354449069692,adequate,75,266
race_color_b,race_black_combined,Negra (preta e parda),ln_salario_real_adm,Salário real de admissão (log),strict_no_tail_binning,control,Not Exposed,12,estimated,0.021927818130132178,0.3160104240449561,0.019673949653816414,258,102.2169999665609,98.35044434253453,106.23556560430538,adequate,75,266
race_color_b,race_black_combined,Negra (preta e parda),ln_salario_real_adm,Salário real de admissão (log),strict_no_tail_binning,control,Not Exposed,13,estimated,0.027440364843411075,0.2769674002194162,0.017143851682587787,261,102.78203190538989,99.38573591794642,106.29438907935864,adequate,75,266
race_color_b,race_black_combined,Negra (preta e parda),ln_salario_real_adm,Salário real de admissão (log),strict_no_tail_binning,control,Not Exposed,14,estimated,0.03101874662914445,0.3057535271948883,0.018889515993633147,262,103.15048409439838,99.40132874903541,107.04104766820817,adequate,75,266
race_color_b,race_black_combined,Negra (preta e parda),ln_salario_real_adm,Salário real de admissão (log),strict_no_tail_binning,control,Not Exposed,15,estimated,0.03566674768178053,0.2953561448930859,0.01824716356982406,262,103.63104360844908,99.99023118567229,107.40442413253604,adequate,75,266
race_color_b,race_black_combined,Negra (preta e parda),ln_salario_real_adm,Salário real de admissão (log),strict_no_tail_binning,control,Not Exposed,16,estimated,0.05093419541802108,0.29955094358306883,0.018471102474451793,263,105.22536478934614,101.48398680384368,109.1046749715553,adequate,75,266
race_color_b,race_black_combined,Negra (preta e parda),ln_salario_real_adm,Salário real de admissão (log),strict_no_tail_binning,control,Not Exposed,17,estimated,0.05450853742658967,0.32635439791183823,0.020123874272310258,263,105.60214920812052,101.51798042535134,109.85062814142911,adequate,75,266
race_color_b,race_black_combined,Negra (preta e parda),ln_salario_real_adm,Salário real de admissão (log),strict_no_tail_binning,control,Not Exposed,18,estimated,0.043464227503107605,0.2783353082939802,0.0171956127729664,262,104.44226320384003,100.98086187054447,108.02231374420515,adequate,75,266
race_color_b,race_black_combined,Negra (preta e parda),ln_salario_real_adm,Salário real de admissão (log),strict_no_tail_binning,control,Not Exposed,19,estimated,0.08598018100189679,0.3472136597224168,0.02141011145733107,263,108.97847296496077,104.49994535996903,113.64893568953158,adequate,75,266
race_color_b,race_black_combined,Negra (preta e parda),ln_salario_real_adm,Salário real de admissão (log),strict_no_tail_binning,control,Not Exposed,20,estimated,0.06376703412796789,0.3242441574350932,0.01995584839001156,264,106.58440645439828,102.49599834416576,110.83589489113965,adequate,75,266
race_color_b,race_black_combined,Negra (preta e parda),ln_salario_real_adm,Salário real de admissão (log),strict_no_tail_binning,control,Not Exposed,21,estimated,0.03362012850401402,0.25542278452521106,0.015750043618095483,263,103.41916721628817,100.27538278495251,106.66151402929933,adequate,75,266
race_color_b,race_black_combined,Negra (preta e parda),ln_salario_real_adm,Salário real de admissão (log),strict_no_tail_binning,control,Not Exposed,22,estimated,0.043827132880069765,0.2847682505077075,0.0175930412701849,262,104.48017274111021,100.93885706956141,108.1457311180912,adequate,75,266
race_color_b,race_black_combined,Negra (preta e parda),ln_salario_real_adm,Salário real de admissão (log),strict_no_tail_binning,control,Not Exposed,23,estimated,0.034837116423877997,0.28459306391856243,0.017548760101636005,263,103.54510370952497,100.04416441207316,107.16855466006989,adequate,75,266
race_color_b,race_black_combined,Negra (preta e parda),ln_salario_real_adm,Salário real de admissão (log),strict_no_tail_binning,control,Not Exposed,24,estimated,-0.0016653319882107664,0.28086994917847424,0.017319183011790383,263,99.83360539076723,96.50156784358802,103.28069261500256,adequate,75,266
