section,artifact_id,artifact_type,producer,input_path,reference_path,reproduced_path,status,reference_sha256,reproduced_sha256,comparison
4-5,table_4_2_1_panel_scope,table,section4_5_final.tables.build_panel_descriptive_table,data/derived/sections4_5/backing_data/curated_tables/table_4_2a_panel_descriptive_summary.csv,tables/table_4_2_1_panel_scope.csv,tables/table_4_2_1_panel_scope.csv,PASS,adf0d46aa4eda37c7707b76c61aad11ad0e053312f976db5b7fc45d3b04b30bf,adf0d46aa4eda37c7707b76c61aad11ad0e053312f976db5b7fc45d3b04b30bf,byte-identical
4-5,table_4_2_1_panel_scope,table,section4_5_final.tables.build_panel_descriptive_table,data/derived/sections4_5/backing_data/curated_tables/table_4_2a_panel_descriptive_summary.csv,tables/table_4_2_1_panel_scope.md,tables/table_4_2_1_panel_scope.md,PASS,77e649587e240707c74b609e724bf980100a72a5ad5e1b37e562f76be7f126ff,77e649587e240707c74b609e724bf980100a72a5ad5e1b37e562f76be7f126ff,byte-identical
4-5,table_4_2_2_ilo_cbo_classification,table,section4_5_final.tables.build_crosswalk_table,data/derived/sections4_5/backing_data/curated_tables/table_4_2b_ilo_cbo_classification.csv,tables/table_4_2_2_ilo_cbo_classification.csv,tables/table_4_2_2_ilo_cbo_classification.csv,PASS,afd63501f41439e46d637abb9e8e8056030e222a42ec1efc5bc2997b1837439e,afd63501f41439e46d637abb9e8e8056030e222a42ec1efc5bc2997b1837439e,byte-identical
4-5,table_4_2_2_ilo_cbo_classification,table,section4_5_final.tables.build_crosswalk_table,data/derived/sections4_5/backing_data/curated_tables/table_4_2b_ilo_cbo_classification.csv,tables/table_4_2_2_ilo_cbo_classification.md,tables/table_4_2_2_ilo_cbo_classification.md,PASS,4fd817633c6ab0e605a35ebd0d2313c8e27e54c5bec3e3acf221e2772d081746,4fd817633c6ab0e605a35ebd0d2313c8e27e54c5bec3e3acf221e2772d081746,byte-identical
4-5,table_4_2_3_crosswalk_coverage,table,section4_5_final.tables.build_crosswalk_coverage_table,data/derived/sections4_5/backing_data/curated_tables/table_4_2c_crosswalk_coverage.csv,tables/table_4_2_3_crosswalk_coverage.csv,tables/table_4_2_3_crosswalk_coverage.csv,PASS,34677eeda89ae5f968ca0c3e4e87b8437ff73ceb92a971efe529be6bfcd1f7cc,34677eeda89ae5f968ca0c3e4e87b8437ff73ceb92a971efe529be6bfcd1f7cc,byte-identical
4-5,table_4_2_3_crosswalk_coverage,table,section4_5_final.tables.build_crosswalk_coverage_table,data/derived/sections4_5/backing_data/curated_tables/table_4_2c_crosswalk_coverage.csv,tables/table_4_2_3_crosswalk_coverage.md,tables/table_4_2_3_crosswalk_coverage.md,PASS,8c873ee77309ab3aa77a94d8e55a1cb4ce9878f42b21c2b6613bec13f0c3128a,8c873ee77309ab3aa77a94d8e55a1cb4ce9878f42b21c2b6613bec13f0c3128a,byte-identical
4-5,table_4_2_outcomes,table,sections4_5.publication.render_tables,code/sections4_5/publication.py,tables/table_4_2_outcomes.csv,tables/table_4_2_outcomes.csv,PASS,1a1702c8abb7a230d0d0bd1e46cb09cf92df80e0eafb3daaee4c6220c954c8c0,1a1702c8abb7a230d0d0bd1e46cb09cf92df80e0eafb3daaee4c6220c954c8c0,byte-identical
4-5,table_4_2_outcomes,table,sections4_5.publication.render_tables,code/sections4_5/publication.py,tables/table_4_2_outcomes.md,tables/table_4_2_outcomes.md,PASS,407b8196734297e8633fd40ee00f2c0d6d4d1760a1bdae8cc59472e8dbbc8974,407b8196734297e8633fd40ee00f2c0d6d4d1760a1bdae8cc59472e8dbbc8974,byte-identical
4-5,table_5_1_national_results,table,section4_5_final.section5_2_tables.build_national_long,data/derived/sections4_5/backing_data/curated_tables/table_5_2_1_national_main_results.csv,tables/table_5_1_national_results.csv,tables/table_5_1_national_results.csv,PASS,0b8a4f46da5a04170ab3bab63ae0185ff7840a887262426634fe02e04a930102,0b8a4f46da5a04170ab3bab63ae0185ff7840a887262426634fe02e04a930102,byte-identical
4-5,table_5_1_national_results,table,section4_5_final.section5_2_tables.build_national_long,data/derived/sections4_5/backing_data/curated_tables/table_5_2_1_national_main_results.csv,tables/table_5_1_national_results.md,tables/table_5_1_national_results.md,PASS,22c559fc00029e7fcc8143299b0f1e90fe519a7b97f1e90c59a62aee6de5a670,22c559fc00029e7fcc8143299b0f1e90fe519a7b97f1e90c59a62aee6de5a670,byte-identical
4-5,table_5_2_1_sex,table,section4_5_final.section5_2_tables.build_heterogeneity_long,data/derived/sections4_5/backing_data/curated_tables/table_5_2_2_heterogeneity_sex.csv,tables/table_5_2_1_sex.csv,tables/table_5_2_1_sex.csv,PASS,858a0da50ed7f07bc1f8718ba0e4580087c84851c845e129574b39e9834f0aa2,858a0da50ed7f07bc1f8718ba0e4580087c84851c845e129574b39e9834f0aa2,byte-identical
4-5,table_5_2_1_sex,table,section4_5_final.section5_2_tables.build_heterogeneity_long,data/derived/sections4_5/backing_data/curated_tables/table_5_2_2_heterogeneity_sex.csv,tables/table_5_2_1_sex.md,tables/table_5_2_1_sex.md,PASS,7f4bed82283df02c3995b88622efb3534ef8008cd18ac4ed2424484f28ce895c,7f4bed82283df02c3995b88622efb3534ef8008cd18ac4ed2424484f28ce895c,byte-identical
4-5,table_5_2_2_race_color,table,section4_5_final.section5_2_tables.build_heterogeneity_long,data/derived/sections4_5/backing_data/curated_tables/table_5_2_5_b.csv,tables/table_5_2_2_race_color.csv,tables/table_5_2_2_race_color.csv,PASS,c414bb826fb78cc75f50b145100dc96766d4a5d678bec2b87e8fc2fc828a83b0,c414bb826fb78cc75f50b145100dc96766d4a5d678bec2b87e8fc2fc828a83b0,byte-identical
4-5,table_5_2_2_race_color,table,section4_5_final.section5_2_tables.build_heterogeneity_long,data/derived/sections4_5/backing_data/curated_tables/table_5_2_5_b.csv,tables/table_5_2_2_race_color.md,tables/table_5_2_2_race_color.md,PASS,5aca8efb55715cc49fe799ced4bf8d2647a5a1385a993f6699f413c34163de28,5aca8efb55715cc49fe799ced4bf8d2647a5a1385a993f6699f413c34163de28,byte-identical
4-5,table_5_2_3_age_pnad,table,section4_5_final.section5_2_tables.build_heterogeneity_long,data/derived/sections4_5/backing_data/curated_tables/table_5_2_4_b.csv,tables/table_5_2_3_age_pnad.csv,tables/table_5_2_3_age_pnad.csv,PASS,71d1fae310bb5fb22a53ea1b951c017c0f53d6f351a6c7dd0dec3107a39327da,71d1fae310bb5fb22a53ea1b951c017c0f53d6f351a6c7dd0dec3107a39327da,byte-identical
4-5,table_5_2_3_age_pnad,table,section4_5_final.section5_2_tables.build_heterogeneity_long,data/derived/sections4_5/backing_data/curated_tables/table_5_2_4_b.csv,tables/table_5_2_3_age_pnad.md,tables/table_5_2_3_age_pnad.md,PASS,e87620d63931d9378df5746480f74dc7ef380bbbad1026343c6b43bd485149f3,e87620d63931d9378df5746480f74dc7ef380bbbad1026343c6b43bd485149f3,byte-identical
4-5,table_5_2_4_education,table,section4_5_final.section5_2_tables.build_heterogeneity_long,data/derived/sections4_5/backing_data/curated_tables/table_5_2_6_heterogeneity_education.csv,tables/table_5_2_4_education.csv,tables/table_5_2_4_education.csv,PASS,5877583168388aed903cbd844739aa34755da9791c56c0c7392ecc00afdd98c2,5877583168388aed903cbd844739aa34755da9791c56c0c7392ecc00afdd98c2,byte-identical
4-5,table_5_2_4_education,table,section4_5_final.section5_2_tables.build_heterogeneity_long,data/derived/sections4_5/backing_data/curated_tables/table_5_2_6_heterogeneity_education.csv,tables/table_5_2_4_education.md,tables/table_5_2_4_education.md,PASS,52e51c21c9aec0d95deff1f28e672bb2b293c5321cb5d594f49f81e1930e9d88,52e51c21c9aec0d95deff1f28e672bb2b293c5321cb5d594f49f81e1930e9d88,byte-identical
4-5,table_5_2_5_income,table,section4_5_final.section5_2_tables.build_heterogeneity_long,data/derived/sections4_5/backing_data/curated_tables/table_5_2_3_heterogeneity_income.csv,tables/table_5_2_5_income.csv,tables/table_5_2_5_income.csv,PASS,dc67c4b4e8145ad8706bcd314eb90e87f0365782578f6e884157f38e6fcadb07,dc67c4b4e8145ad8706bcd314eb90e87f0365782578f6e884157f38e6fcadb07,byte-identical
4-5,table_5_2_5_income,table,section4_5_final.section5_2_tables.build_heterogeneity_long,data/derived/sections4_5/backing_data/curated_tables/table_5_2_3_heterogeneity_income.csv,tables/table_5_2_5_income.md,tables/table_5_2_5_income.md,PASS,15ff6ebe9ce0b281f8459291e52b8b54a85f51a97bb573f60afedc75944c0d20,15ff6ebe9ce0b281f8459291e52b8b54a85f51a97bb573f60afedc75944c0d20,byte-identical
4-5,table_5_3_1_occupation_cases,table,section5_3_occupation_cases.tables.build_exposure_summary_table,data/derived/sections4_5/backing_data/curated_tables/table_5_3_1_occupation_case_exposure_summary.csv,tables/table_5_3_1_occupation_cases.csv,tables/table_5_3_1_occupation_cases.csv,PASS,3d970dec7cdf28e6e194e57a7882bade4a8d2e3565532f762d538c1f1873180b,3d970dec7cdf28e6e194e57a7882bade4a8d2e3565532f762d538c1f1873180b,byte-identical
4-5,table_5_3_1_occupation_cases,table,section5_3_occupation_cases.tables.build_exposure_summary_table,data/derived/sections4_5/backing_data/curated_tables/table_5_3_1_occupation_case_exposure_summary.csv,tables/table_5_3_1_occupation_cases.md,tables/table_5_3_1_occupation_cases.md,PASS,d2042f7797cd6eefebaef4ba5d780d5879b05b09a1f2c948ad46dcb8973b0537,d2042f7797cd6eefebaef4ba5d780d5879b05b09a1f2c948ad46dcb8973b0537,byte-identical
4-5,table_a_1_national_main_diagnostics,table,section4_5_final.section5_2_tables._national_diagnostic_panel,data/derived/sections4_5/backing_data/curated_tables/table_5_2_1_national_main_results.csv,tables/table_a_1_national_main_diagnostics.csv,tables/table_a_1_national_main_diagnostics.csv,PASS,ebc49b54db51e19bebf3505c67479a28cec0048e4f6e56465c560e1b0e33769b,ebc49b54db51e19bebf3505c67479a28cec0048e4f6e56465c560e1b0e33769b,byte-identical
4-5,table_a_1_national_main_diagnostics,table,section4_5_final.section5_2_tables._national_diagnostic_panel,data/derived/sections4_5/backing_data/curated_tables/table_5_2_1_national_main_results.csv,tables/table_a_1_national_main_diagnostics.md,tables/table_a_1_national_main_diagnostics.md,PASS,2d54a8b1c48efac14aa461041c9995fc43ef7b237d8d0f77d668b54cc73f94ab,2d54a8b1c48efac14aa461041c9995fc43ef7b237d8d0f77d668b54cc73f94ab,byte-identical
4-5,table_a_1_national_net_flow_diagnostics,table,section4_5_final.tables.build_net_flow_table,data/derived/sections4_5/backing_data/curated_tables/table_5_2_1_national_main_results.csv,tables/table_a_1_national_net_flow_diagnostics.csv,tables/table_a_1_national_net_flow_diagnostics.csv,PASS,72267145a402e618786df3489412623ff0955517e452010d0e026657afe49fc4,72267145a402e618786df3489412623ff0955517e452010d0e026657afe49fc4,byte-identical
4-5,table_a_1_national_net_flow_diagnostics,table,section4_5_final.tables.build_net_flow_table,data/derived/sections4_5/backing_data/curated_tables/table_5_2_1_national_main_results.csv,tables/table_a_1_national_net_flow_diagnostics.md,tables/table_a_1_national_net_flow_diagnostics.md,PASS,21c256af79a26860f28005e7ac70fd39adec9668ccdd544daaeb16f0568b2025,21c256af79a26860f28005e7ac70fd39adec9668ccdd544daaeb16f0568b2025,byte-identical
4-5,table_a_2_sex_main_diagnostics,table,section4_5_final.section5_2_tables._heterogeneity_diagnostic_panel,data/derived/sections4_5/backing_data/curated_tables/table_5_2_2_heterogeneity_sex.csv,tables/table_a_2_sex_main_diagnostics.csv,tables/table_a_2_sex_main_diagnostics.csv,PASS,432ba733d6182df03ada20e3307a6b116b1e73f7aeac74bca56b000735558e86,432ba733d6182df03ada20e3307a6b116b1e73f7aeac74bca56b000735558e86,byte-identical
4-5,table_a_2_sex_main_diagnostics,table,section4_5_final.section5_2_tables._heterogeneity_diagnostic_panel,data/derived/sections4_5/backing_data/curated_tables/table_5_2_2_heterogeneity_sex.csv,tables/table_a_2_sex_main_diagnostics.md,tables/table_a_2_sex_main_diagnostics.md,PASS,ee544888cd866f016ae2724aed5c69469d197f76076cdbfe18a905566219cf07,ee544888cd866f016ae2724aed5c69469d197f76076cdbfe18a905566219cf07,byte-identical
4-5,table_a_2_sex_net_flow_diagnostics,table,section4_5_final.section5_2_tables._heterogeneity_diagnostic_panel,data/derived/sections4_5/backing_data/curated_tables/table_5_2_2_heterogeneity_sex.csv,tables/table_a_2_sex_net_flow_diagnostics.csv,tables/table_a_2_sex_net_flow_diagnostics.csv,PASS,9daa0efac75d43ae49e1f4b106859f2773bf270257e66a4cde44c51b9f1fe698,9daa0efac75d43ae49e1f4b106859f2773bf270257e66a4cde44c51b9f1fe698,byte-identical
4-5,table_a_2_sex_net_flow_diagnostics,table,section4_5_final.section5_2_tables._heterogeneity_diagnostic_panel,data/derived/sections4_5/backing_data/curated_tables/table_5_2_2_heterogeneity_sex.csv,tables/table_a_2_sex_net_flow_diagnostics.md,tables/table_a_2_sex_net_flow_diagnostics.md,PASS,8afc07888950184328362b1c95506b59451e5928c408f211502526f7178ae55f,8afc07888950184328362b1c95506b59451e5928c408f211502526f7178ae55f,byte-identical
4-5,table_a_3_race_color_diagnostics,table,section4_5_final.section5_2_tables._heterogeneity_diagnostic_panel,data/derived/sections4_5/backing_data/curated_tables/table_5_2_5_b.csv,tables/table_a_3_race_color_diagnostics.csv,tables/table_a_3_race_color_diagnostics.csv,PASS,dbd24c02c756e600a559c4846dead9850a2118c1692c9400f2793b52d6d4cf8f,dbd24c02c756e600a559c4846dead9850a2118c1692c9400f2793b52d6d4cf8f,byte-identical
4-5,table_a_3_race_color_diagnostics,table,section4_5_final.section5_2_tables._heterogeneity_diagnostic_panel,data/derived/sections4_5/backing_data/curated_tables/table_5_2_5_b.csv,tables/table_a_3_race_color_diagnostics.md,tables/table_a_3_race_color_diagnostics.md,PASS,7c2a9b4b4c5a0525df0138d06e4edb00e41b5a3ea3d61cdb375c63f63610f3d0,7c2a9b4b4c5a0525df0138d06e4edb00e41b5a3ea3d61cdb375c63f63610f3d0,byte-identical
4-5,table_a_4_age_pnad_main_diagnostics,table,section4_5_final.section5_2_tables._heterogeneity_diagnostic_panel,data/derived/sections4_5/backing_data/curated_tables/table_5_2_4_b.csv,tables/table_a_4_age_pnad_main_diagnostics.csv,tables/table_a_4_age_pnad_main_diagnostics.csv,PASS,d07fc49b242501d01d48bfe5c4b89e7be474a7f9f0c68b533e198571b97f49aa,d07fc49b242501d01d48bfe5c4b89e7be474a7f9f0c68b533e198571b97f49aa,byte-identical
4-5,table_a_4_age_pnad_main_diagnostics,table,section4_5_final.section5_2_tables._heterogeneity_diagnostic_panel,data/derived/sections4_5/backing_data/curated_tables/table_5_2_4_b.csv,tables/table_a_4_age_pnad_main_diagnostics.md,tables/table_a_4_age_pnad_main_diagnostics.md,PASS,8356722b07317027cb8b4abed972dd67a50dd9d9a64de4eabe0a94337758baca,8356722b07317027cb8b4abed972dd67a50dd9d9a64de4eabe0a94337758baca,byte-identical
4-5,table_a_4_age_pnad_net_flow_diagnostics,table,section4_5_final.section5_2_tables._heterogeneity_diagnostic_panel,data/derived/sections4_5/backing_data/curated_tables/table_5_2_4_b.csv,tables/table_a_4_age_pnad_net_flow_diagnostics.csv,tables/table_a_4_age_pnad_net_flow_diagnostics.csv,PASS,2558c11ae3feac561c991c5d23bb75e4326c016223918983b6cbfc48567621ad,2558c11ae3feac561c991c5d23bb75e4326c016223918983b6cbfc48567621ad,byte-identical
4-5,table_a_4_age_pnad_net_flow_diagnostics,table,section4_5_final.section5_2_tables._heterogeneity_diagnostic_panel,data/derived/sections4_5/backing_data/curated_tables/table_5_2_4_b.csv,tables/table_a_4_age_pnad_net_flow_diagnostics.md,tables/table_a_4_age_pnad_net_flow_diagnostics.md,PASS,2922e01108d8d6e213f924934e1aebe63bc643e24bc4856e8e0ac0f3cefeb8d7,2922e01108d8d6e213f924934e1aebe63bc643e24bc4856e8e0ac0f3cefeb8d7,byte-identical
4-5,table_a_4_canaries_age_main_diagnostics,table,section4_5_final.section5_2_tables._heterogeneity_diagnostic_panel,data/derived/sections4_5/backing_data/curated_tables/table_5_2_4_heterogeneity_age_canaries.csv,tables/table_a_4_canaries_age_main_diagnostics.csv,tables/table_a_4_canaries_age_main_diagnostics.csv,PASS,6d053641e7372446e123f96b974e6562b9c2a1f743f9260572b57b254be38d79,6d053641e7372446e123f96b974e6562b9c2a1f743f9260572b57b254be38d79,byte-identical
4-5,table_a_4_canaries_age_main_diagnostics,table,section4_5_final.section5_2_tables._heterogeneity_diagnostic_panel,data/derived/sections4_5/backing_data/curated_tables/table_5_2_4_heterogeneity_age_canaries.csv,tables/table_a_4_canaries_age_main_diagnostics.md,tables/table_a_4_canaries_age_main_diagnostics.md,PASS,59d3b5ca1931f19d1f146d80bd5204c0f47b53b512f287531e47544ffee269ea,59d3b5ca1931f19d1f146d80bd5204c0f47b53b512f287531e47544ffee269ea,byte-identical
4-5,table_a_4_canaries_age_net_flow_diagnostics,table,section4_5_final.section5_2_tables._heterogeneity_diagnostic_panel,data/derived/sections4_5/backing_data/curated_tables/table_5_2_4_heterogeneity_age_canaries.csv,tables/table_a_4_canaries_age_net_flow_diagnostics.csv,tables/table_a_4_canaries_age_net_flow_diagnostics.csv,PASS,7b008150e62795b4df31045c32a7b10b4f25de83d6999fe2b0c3532f3e6cddc4,7b008150e62795b4df31045c32a7b10b4f25de83d6999fe2b0c3532f3e6cddc4,byte-identical
4-5,table_a_4_canaries_age_net_flow_diagnostics,table,section4_5_final.section5_2_tables._heterogeneity_diagnostic_panel,data/derived/sections4_5/backing_data/curated_tables/table_5_2_4_heterogeneity_age_canaries.csv,tables/table_a_4_canaries_age_net_flow_diagnostics.md,tables/table_a_4_canaries_age_net_flow_diagnostics.md,PASS,8e7cf7ae492bb4f3e15c4e71b07f6ed2d637f381af213bff0347636125a926d9,8e7cf7ae492bb4f3e15c4e71b07f6ed2d637f381af213bff0347636125a926d9,byte-identical
4-5,table_a_5_education_diagnostics,table,section4_5_final.section5_2_tables._heterogeneity_diagnostic_panel,data/derived/sections4_5/backing_data/curated_tables/table_5_2_6_heterogeneity_education.csv,tables/table_a_5_education_diagnostics.csv,tables/table_a_5_education_diagnostics.csv,PASS,2a61f6fab8912064f8759b2651eba3e68752c17f3d20feef43ab18a7f09657df,2a61f6fab8912064f8759b2651eba3e68752c17f3d20feef43ab18a7f09657df,byte-identical
4-5,table_a_5_education_diagnostics,table,section4_5_final.section5_2_tables._heterogeneity_diagnostic_panel,data/derived/sections4_5/backing_data/curated_tables/table_5_2_6_heterogeneity_education.csv,tables/table_a_5_education_diagnostics.md,tables/table_a_5_education_diagnostics.md,PASS,4be6e15f1d1eb892bab3368f555d315295044977b7596b718fedfb468e2df731,4be6e15f1d1eb892bab3368f555d315295044977b7596b718fedfb468e2df731,byte-identical
4-5,table_a_6_income_main_diagnostics,table,section4_5_final.section5_2_tables._heterogeneity_diagnostic_panel,data/derived/sections4_5/backing_data/curated_tables/table_5_2_6_heterogeneity_education.csv,tables/table_a_6_income_main_diagnostics.csv,tables/table_a_6_income_main_diagnostics.csv,PASS,5931b1d1706d1ef771c1b779974462ea28f1c30c5b6cf86d7a684b9c3e3cfa96,5931b1d1706d1ef771c1b779974462ea28f1c30c5b6cf86d7a684b9c3e3cfa96,byte-identical
4-5,table_a_6_income_main_diagnostics,table,section4_5_final.section5_2_tables._heterogeneity_diagnostic_panel,data/derived/sections4_5/backing_data/curated_tables/table_5_2_6_heterogeneity_education.csv,tables/table_a_6_income_main_diagnostics.md,tables/table_a_6_income_main_diagnostics.md,PASS,97307e911c17631e3b2011653160a5e6c9ef1dc9ce6239fa7ab71b36049c0ba0,97307e911c17631e3b2011653160a5e6c9ef1dc9ce6239fa7ab71b36049c0ba0,byte-identical
4-5,table_a_6_income_net_flow_diagnostics,table,section4_5_final.section5_2_tables._heterogeneity_diagnostic_panel,data/derived/sections4_5/backing_data/curated_tables/table_5_2_6_heterogeneity_education.csv,tables/table_a_6_income_net_flow_diagnostics.csv,tables/table_a_6_income_net_flow_diagnostics.csv,PASS,a789dcf96312cb19fca3c251e7f0c680b8ff76e05783097e3c0a669c365de4ae,a789dcf96312cb19fca3c251e7f0c680b8ff76e05783097e3c0a669c365de4ae,byte-identical
4-5,table_a_6_income_net_flow_diagnostics,table,section4_5_final.section5_2_tables._heterogeneity_diagnostic_panel,data/derived/sections4_5/backing_data/curated_tables/table_5_2_6_heterogeneity_education.csv,tables/table_a_6_income_net_flow_diagnostics.md,tables/table_a_6_income_net_flow_diagnostics.md,PASS,8b7c85e27b8f53e7c7582997af2553768bcf024b867af679297cfa6a450e2ec2,8b7c85e27b8f53e7c7582997af2553768bcf024b867af679297cfa6a450e2ec2,byte-identical
4-5,figure_5_3_1_occupation_cases_admissions_by_age,figure,section5_3_occupation_cases.pipeline._write_figures,data/derived/sections4_5/backing_data/section5_3_occupation_cases/occupation_case_monthly_paths.csv,figures/figure_5_3_1_occupation_cases_admissions_by_age.png,figures/figure_5_3_1_occupation_cases_admissions_by_age.png,PASS,83989d944fb3567d551ee4543efa1cb4629df4f3a09da07770517c4f31f2c9eb,ff7c1d9c77f917f36c9bdd7ab9f0ff4d6c20927656fc04568ce7b072681db3ed,"dimensions=(3644, 3873); reference=(3644, 3873); RMS=0.331824"
4-5,figure_5_3_2_occupation_cases_real_admission_wage_by_age,figure,section5_3_occupation_cases.pipeline._write_figures,data/derived/sections4_5/backing_data/section5_3_occupation_cases/occupation_case_monthly_paths.csv,figures/figure_5_3_2_occupation_cases_real_admission_wage_by_age.png,figures/figure_5_3_2_occupation_cases_real_admission_wage_by_age.png,PASS,dd4a1bd2040eb49a361dac61bc264408d2f8c570082103566a52def23ded2d7e,af9efc8581e18c67c1e44d0d1a2fc0e26ad17f533b7c5e3625d6572c3b0b91b7,"dimensions=(4120, 3873); reference=(4120, 3873); RMS=0.291062"
4-5,figure_s5_2_age_pnad_all_age_groups_admissions_event_study_paths,figure,section4_5_final.section5_2_age_pnad_figures.plot_age_outcome_overview_figure,data/derived/sections4_5/backing_data/section5_2_dynamic/event_study_coefficients_long.csv,figures/figure_s5_2_age_pnad_all_age_groups_admissions_event_study_paths.png,figures/figure_s5_2_age_pnad_all_age_groups_admissions_event_study_paths.png,PASS,f8213a0238635d590cc5f9b223fcd8579bd738c3ec9c3e33557e4c8f49c63efb,8214cf57f7fdab393244ef47d9c2cdf6b26e412f2aea115280ed468970be41de,"dimensions=(5873, 1830); reference=(5873, 1830); RMS=1.256429"
4-5,figure_s5_2_age_pnad_all_age_groups_real_admission_wage_event_study_paths,figure,section4_5_final.section5_2_age_pnad_figures.plot_age_outcome_overview_figure,data/derived/sections4_5/backing_data/section5_2_dynamic/event_study_coefficients_long.csv,figures/figure_s5_2_age_pnad_all_age_groups_real_admission_wage_event_study_paths.png,figures/figure_s5_2_age_pnad_all_age_groups_real_admission_wage_event_study_paths.png,PASS,b49a17a05c09968ff23fc5a78480d0121cf22b647aef6e910094a90bcd6ae3dd,3188c6e67d55031d5ab2e118608e6615376a7acacac12f227877f06c5da6db64,"dimensions=(5873, 1830); reference=(5873, 1830); RMS=1.623271"
4-5,figure_s5_2_education_admissions_event_study_paths,figure,section4_5_final.section5_2_combined_figures.plot_combined_figure,data/derived/sections4_5/backing_data/section5_2_dynamic/event_study_coefficients_long.csv,figures/figure_s5_2_education_admissions_event_study_paths.png,figures/figure_s5_2_education_admissions_event_study_paths.png,PASS,21ede8ef05c5d2e94ae8c1e0cd06ff2e982bd69faef0997088835a0ec782c359,2a563b6542f861cbebc1b3bd89fbfb920b2e1b05e11d40724c1edbc1b909c615,"dimensions=(4221, 2085); reference=(4221, 2085); RMS=2.137144"
4-5,figure_s5_2_education_real_admission_wage_event_study_paths,figure,section4_5_final.section5_2_combined_figures.plot_combined_figure,data/derived/sections4_5/backing_data/section5_2_dynamic/event_study_coefficients_long.csv,figures/figure_s5_2_education_real_admission_wage_event_study_paths.png,figures/figure_s5_2_education_real_admission_wage_event_study_paths.png,PASS,c2e05ba3cbc5c6639a12c1ecfcadd2797b2cd452b9e6f0029c18bd6df52ca22f,cb58e39fe8764a5c3ecf31d24def1f84fab45253ff7d25582eca6f274bbe1b1d,"dimensions=(4830, 2085); reference=(4830, 2085); RMS=2.191960"
4-5,figure_s5_2_income_admissions_event_study_paths,figure,section4_5_final.section5_2_combined_figures.plot_combined_figure,data/derived/sections4_5/backing_data/section5_2_dynamic/event_study_coefficients_long.csv,figures/figure_s5_2_income_admissions_event_study_paths.png,figures/figure_s5_2_income_admissions_event_study_paths.png,PASS,488f840dc4e5637b46e5ea4f32e3ceaa399cfdc9738fd00e131b082e08ec60fd,72ebaf0d130f9bcc107e9f354166067814dd00fbe3b2a8935777375ee454d3cd,"dimensions=(4243, 2085); reference=(4243, 2085); RMS=2.277233"
4-5,figure_s5_2_income_real_admission_wage_event_study_paths,figure,section4_5_final.section5_2_combined_figures.plot_combined_figure,data/derived/sections4_5/backing_data/section5_2_dynamic/event_study_coefficients_long.csv,figures/figure_s5_2_income_real_admission_wage_event_study_paths.png,figures/figure_s5_2_income_real_admission_wage_event_study_paths.png,PASS,05b6d1dfaf1345d62e997e27cdac2c51cce27458c058132d369c148d981173b2,8e33d0e618333816a87163807c665bf011f218a1baab032152145c58357b6da3,"dimensions=(4830, 2085); reference=(4830, 2085); RMS=2.357046"
4-5,figure_s5_2_national_main_outcomes_event_study_paths,figure,section4_5_final.section5_2_combined_figures.plot_national_outcomes_figure,data/derived/sections4_5/backing_data/section5_2_dynamic/event_study_coefficients_long.csv,figures/figure_s5_2_national_main_outcomes_event_study_paths.png,figures/figure_s5_2_national_main_outcomes_event_study_paths.png,PASS,29b52577a1192e7227e660aa0b60f2d73d3fefdfbc9b8298398ce3f5943f9536,f82ad845f3d0644c6db40d73e14472f8929c05b5fc782ce219bcafec7c1462d9,"dimensions=(4310, 2079); reference=(4310, 2079); RMS=0.000000"
4-5,figure_s5_2_race_color_b_admissions_event_study_paths,figure,section4_5_final.section5_2_combined_figures.plot_combined_figure,data/derived/sections4_5/backing_data/section5_2_dynamic/race_color_b_event_study_coefficients_long.csv,figures/figure_s5_2_race_color_b_admissions_event_study_paths.png,figures/figure_s5_2_race_color_b_admissions_event_study_paths.png,PASS,db639d26d59be5ad02a4f07d2d902dc386f1985bd3eec288346c700f5996885f,b20d0dad503b67691cab26ea17aa81822c9f3b6f38d44575db1f4c8c68e1e38c,"dimensions=(3630, 2107); reference=(3630, 2107); RMS=0.000000"
4-5,figure_s5_2_race_color_b_real_admission_wage_event_study_paths,figure,section4_5_final.section5_2_combined_figures.plot_combined_figure,data/derived/sections4_5/backing_data/section5_2_dynamic/race_color_b_event_study_coefficients_long.csv,figures/figure_s5_2_race_color_b_real_admission_wage_event_study_paths.png,figures/figure_s5_2_race_color_b_real_admission_wage_event_study_paths.png,PASS,d4049e856cc2c7dc8a6d320cce5ebfac652f7d5a7b5f5971783d5d4480af3d64,94e0daf085aa952a2c9a361ccd9d49098ee9cae3e3bdbe3a9760c5f15ba3677f,"dimensions=(3651, 2107); reference=(3651, 2107); RMS=0.000000"
4-5,figure_s5_2_sex_admissions_event_study_paths,figure,section4_5_final.section5_2_combined_figures.plot_combined_figure,data/derived/sections4_5/backing_data/section5_2_dynamic/event_study_coefficients_long.csv,figures/figure_s5_2_sex_admissions_event_study_paths.png,figures/figure_s5_2_sex_admissions_event_study_paths.png,PASS,b24c7b0d843fa6a3e2a2e4c6b8df0953df90ef0f6c2594282f7519970a87f4ae,91e3559fd64f207d44d7d49d09d307add945918b6ace81b958b806d7321fea15,"dimensions=(4090, 2113); reference=(4090, 2113); RMS=1.916851"
4-5,figure_s5_2_sex_real_admission_wage_event_study_paths,figure,section4_5_final.section5_2_combined_figures.plot_combined_figure,data/derived/sections4_5/backing_data/section5_2_dynamic/event_study_coefficients_long.csv,figures/figure_s5_2_sex_real_admission_wage_event_study_paths.png,figures/figure_s5_2_sex_real_admission_wage_event_study_paths.png,PASS,9013a576963deeed55e4daed37e252973206123c580a48e342403b82ce885167,0d51dbe8d26e9773dd8c7875f2bb4b0130d5ac7d54cacd760635af67a8409615,"dimensions=(4830, 2113); reference=(4830, 2113); RMS=1.924921"
4-5,backing_data__core_model_reestimation,backing_data,sections4_5.analysis.reestimate_core_models,data/derived/sections4_5/data/output/painel_2b_ready.parquet,backing_data/core_model_reestimation.csv,backing_data/core_model_reestimation.csv,PASS,caa8486a39097e5469cc32923b3184213597f9e4d39a17e2149c8713f1d94e84,caa8486a39097e5469cc32923b3184213597f9e4d39a17e2149c8713f1d94e84,numeric max_abs_diff=0.000e+00
4-5,backing_data__curated_tables__table_4_2a_panel_descriptive_summary,backing_data,sections4_5.full_pipeline,data/derived/sections4_5/backing_data/curated_tables/table_4_2a_panel_descriptive_summary.csv,backing_data/curated_tables/table_4_2a_panel_descriptive_summary.csv,backing_data/curated_tables/table_4_2a_panel_descriptive_summary.csv,PASS,72a75ba0e3aad2361a3af62fd6a0377b84c090f00e861f5f97a57ccb80fdeaf1,72a75ba0e3aad2361a3af62fd6a0377b84c090f00e861f5f97a57ccb80fdeaf1,byte-identical
4-5,backing_data__curated_tables__table_4_2b_ilo_cbo_classification,backing_data,sections4_5.full_pipeline,data/derived/sections4_5/backing_data/curated_tables/table_4_2b_ilo_cbo_classification.csv,backing_data/curated_tables/table_4_2b_ilo_cbo_classification.csv,backing_data/curated_tables/table_4_2b_ilo_cbo_classification.csv,PASS,afd63501f41439e46d637abb9e8e8056030e222a42ec1efc5bc2997b1837439e,afd63501f41439e46d637abb9e8e8056030e222a42ec1efc5bc2997b1837439e,byte-identical
4-5,backing_data__curated_tables__table_4_2c_crosswalk_coverage,backing_data,sections4_5.full_pipeline,data/derived/sections4_5/backing_data/curated_tables/table_4_2c_crosswalk_coverage.csv,backing_data/curated_tables/table_4_2c_crosswalk_coverage.csv,backing_data/curated_tables/table_4_2c_crosswalk_coverage.csv,PASS,34677eeda89ae5f968ca0c3e4e87b8437ff73ceb92a971efe529be6bfcd1f7cc,34677eeda89ae5f968ca0c3e4e87b8437ff73ceb92a971efe529be6bfcd1f7cc,byte-identical
4-5,backing_data__curated_tables__table_5_2_1_national_main_results,backing_data,sections4_5.full_pipeline,data/derived/sections4_5/backing_data/curated_tables/table_5_2_1_national_main_results.csv,backing_data/curated_tables/table_5_2_1_national_main_results.csv,backing_data/curated_tables/table_5_2_1_national_main_results.csv,PASS,31d12738a44a589fbbcc537764836d95acc412f3ef44dac81e4ac04a899d2971,31d12738a44a589fbbcc537764836d95acc412f3ef44dac81e4ac04a899d2971,byte-identical
4-5,backing_data__curated_tables__table_5_2_2_heterogeneity_sex,backing_data,sections4_5.full_pipeline,data/derived/sections4_5/backing_data/curated_tables/table_5_2_2_heterogeneity_sex.csv,backing_data/curated_tables/table_5_2_2_heterogeneity_sex.csv,backing_data/curated_tables/table_5_2_2_heterogeneity_sex.csv,PASS,8cae55f521f281c11fa28374f7cf64bfc6cca5f3c7a3a9e9848fcb52fbaef8a3,8cae55f521f281c11fa28374f7cf64bfc6cca5f3c7a3a9e9848fcb52fbaef8a3,byte-identical
4-5,backing_data__curated_tables__table_5_2_3_heterogeneity_income,backing_data,sections4_5.full_pipeline,data/derived/sections4_5/backing_data/curated_tables/table_5_2_3_heterogeneity_income.csv,backing_data/curated_tables/table_5_2_3_heterogeneity_income.csv,backing_data/curated_tables/table_5_2_3_heterogeneity_income.csv,PASS,047c4a770aa1342bb6a1d6a841ed24284ce6c43541f2adf5a54870915b5c31b3,047c4a770aa1342bb6a1d6a841ed24284ce6c43541f2adf5a54870915b5c31b3,byte-identical
4-5,backing_data__curated_tables__table_5_2_4_b,backing_data,sections4_5.full_pipeline,data/derived/sections4_5/backing_data/curated_tables/table_5_2_4_b.csv,backing_data/curated_tables/table_5_2_4_b.csv,backing_data/curated_tables/table_5_2_4_b.csv,PASS,b1fdcd7f725645485f39372296bcb9a06a5a02337ec2e75ce0b83a6fecea82fa,b1fdcd7f725645485f39372296bcb9a06a5a02337ec2e75ce0b83a6fecea82fa,byte-identical
4-5,backing_data__curated_tables__table_5_2_4_heterogeneity_age_canaries,backing_data,sections4_5.full_pipeline,data/derived/sections4_5/backing_data/curated_tables/table_5_2_4_heterogeneity_age_canaries.csv,backing_data/curated_tables/table_5_2_4_heterogeneity_age_canaries.csv,backing_data/curated_tables/table_5_2_4_heterogeneity_age_canaries.csv,PASS,a5905f2856f45b8b10830a2bb9bc493ab821d6bf51e9779ad3b88cc4f4e97837,a5905f2856f45b8b10830a2bb9bc493ab821d6bf51e9779ad3b88cc4f4e97837,byte-identical
4-5,backing_data__curated_tables__table_5_2_5_b,backing_data,sections4_5.full_pipeline,data/derived/sections4_5/backing_data/curated_tables/table_5_2_5_b.csv,backing_data/curated_tables/table_5_2_5_b.csv,backing_data/curated_tables/table_5_2_5_b.csv,PASS,dc8a49df836c40b0bf48dc0abaa8609a75d58effaaabfb9a36efbf92d5ec0604,dc8a49df836c40b0bf48dc0abaa8609a75d58effaaabfb9a36efbf92d5ec0604,byte-identical
4-5,backing_data__curated_tables__table_5_2_6_heterogeneity_education,backing_data,sections4_5.full_pipeline,data/derived/sections4_5/backing_data/curated_tables/table_5_2_6_heterogeneity_education.csv,backing_data/curated_tables/table_5_2_6_heterogeneity_education.csv,backing_data/curated_tables/table_5_2_6_heterogeneity_education.csv,PASS,6d10da9b856226c4e09e356c411a2a3d5649f3a751213567dd59c6a57be5a285,6d10da9b856226c4e09e356c411a2a3d5649f3a751213567dd59c6a57be5a285,byte-identical
4-5,backing_data__curated_tables__table_5_2_net_flow_results,backing_data,sections4_5.full_pipeline,data/derived/sections4_5/backing_data/curated_tables/table_5_2_net_flow_results.csv,backing_data/curated_tables/table_5_2_net_flow_results.csv,backing_data/curated_tables/table_5_2_net_flow_results.csv,PASS,f0c2c380860690eb7b50121230796aa8ffd82ff33bf9c08ccf02c80b7c4e62f3,f0c2c380860690eb7b50121230796aa8ffd82ff33bf9c08ccf02c80b7c4e62f3,byte-identical
4-5,backing_data__curated_tables__table_5_3_1_occupation_case_exposure_summary,backing_data,sections4_5.full_pipeline,data/derived/sections4_5/backing_data/curated_tables/table_5_3_1_occupation_case_exposure_summary.csv,backing_data/curated_tables/table_5_3_1_occupation_case_exposure_summary.csv,backing_data/curated_tables/table_5_3_1_occupation_case_exposure_summary.csv,PASS,1d53c8ce54f78bde8f75bf744657631f1b8d52f94a04e5f96a776a14b3b87018,1d53c8ce54f78bde8f75bf744657631f1b8d52f94a04e5f96a776a14b3b87018,byte-identical
4-5,backing_data__national_event_study__age_cohort_canaries_results,backing_data,sections4_5.full_pipeline,data/derived/sections4_5/backing_data/national_event_study/age_cohort_canaries_results.csv,backing_data/national_event_study/age_cohort_canaries_results.csv,backing_data/national_event_study/age_cohort_canaries_results.csv,PASS,d05091d6dcc05253a0005880cf196f44a14964ddf52d7f5bdaae2d680b87361e,d05091d6dcc05253a0005880cf196f44a14964ddf52d7f5bdaae2d680b87361e,byte-identical
4-5,backing_data__national_event_study__crosswalk_exposure_summary,backing_data,sections4_5.full_pipeline,data/derived/sections4_5/backing_data/national_event_study/crosswalk_exposure_summary.csv,backing_data/national_event_study/crosswalk_exposure_summary.csv,backing_data/national_event_study/crosswalk_exposure_summary.csv,PASS,22270cb14e2bbfdb40b2bf8eef9b97ec50e95a276235f1bab44d9a30a0f63429,22270cb14e2bbfdb40b2bf8eef9b97ec50e95a276235f1bab44d9a30a0f63429,byte-identical
4-5,backing_data__national_event_study__event_study_coefficients_long,backing_data,sections4_5.full_pipeline,data/derived/sections4_5/backing_data/national_event_study/event_study_coefficients_long.csv,backing_data/national_event_study/event_study_coefficients_long.csv,backing_data/national_event_study/event_study_coefficients_long.csv,PASS,173e3e8906e0d07dfe8162eff952660e81d6ba435a1e3ff4f07b1a297f64b50b,173e3e8906e0d07dfe8162eff952660e81d6ba435a1e3ff4f07b1a297f64b50b,byte-identical
4-5,backing_data__national_event_study__event_study_pretrend_tests,backing_data,sections4_5.full_pipeline,data/derived/sections4_5/backing_data/national_event_study/event_study_pretrend_tests.csv,backing_data/national_event_study/event_study_pretrend_tests.csv,backing_data/national_event_study/event_study_pretrend_tests.csv,PASS,c923cc94b0868f0fc2297146d77310580f6c4ed115ed5319c448b3f054a20cb6,c923cc94b0868f0fc2297146d77310580f6c4ed115ed5319c448b3f054a20cb6,byte-identical
4-5,backing_data__national_event_study__heterogeneity_real_wage_triple_did_long,backing_data,sections4_5.full_pipeline,data/derived/sections4_5/backing_data/national_event_study/heterogeneity_real_wage_triple_did_long.csv,backing_data/national_event_study/heterogeneity_real_wage_triple_did_long.csv,backing_data/national_event_study/heterogeneity_real_wage_triple_did_long.csv,PASS,a00e0bd0b20f2f437c131fe3fb6c0f93cf4123b612c126c619b87d18bcc6040f,a00e0bd0b20f2f437c131fe3fb6c0f93cf4123b612c126c619b87d18bcc6040f,byte-identical
4-5,backing_data__national_event_study__heterogeneity_triple_did_long,backing_data,sections4_5.full_pipeline,data/derived/sections4_5/backing_data/national_event_study/heterogeneity_triple_did_long.csv,backing_data/national_event_study/heterogeneity_triple_did_long.csv,backing_data/national_event_study/heterogeneity_triple_did_long.csv,PASS,cf52c48a9980ab9213242e394bc8ff7d653c4a887c30d56ebd278b5ba27ecf0e,cf52c48a9980ab9213242e394bc8ff7d653c4a887c30d56ebd278b5ba27ecf0e,byte-identical
4-5,backing_data__national_event_study__main_results_3plus1,backing_data,sections4_5.full_pipeline,data/derived/sections4_5/backing_data/national_event_study/main_results_3plus1.csv,backing_data/national_event_study/main_results_3plus1.csv,backing_data/national_event_study/main_results_3plus1.csv,PASS,e9f48b7d942f260a6e5e02c4201bd0d9b9b327dba8207534b2de8a855cb4bc1c,e9f48b7d942f260a6e5e02c4201bd0d9b9b327dba8207534b2de8a855cb4bc1c,byte-identical
4-5,backing_data__national_event_study__net_flow_event_study_coefficients_long,backing_data,sections4_5.full_pipeline,data/derived/sections4_5/backing_data/national_event_study/net_flow_event_study_coefficients_long.csv,backing_data/national_event_study/net_flow_event_study_coefficients_long.csv,backing_data/national_event_study/net_flow_event_study_coefficients_long.csv,PASS,ae53204800e6a61222f297f9a60517c6226349a538feaba437ed691166307ea9,ae53204800e6a61222f297f9a60517c6226349a538feaba437ed691166307ea9,byte-identical
4-5,backing_data__national_event_study__net_flow_event_study_pretrends,backing_data,sections4_5.full_pipeline,data/derived/sections4_5/backing_data/national_event_study/net_flow_event_study_pretrends.csv,backing_data/national_event_study/net_flow_event_study_pretrends.csv,backing_data/national_event_study/net_flow_event_study_pretrends.csv,PASS,0a6b07141d5c6f64b73eb1d1fcdfccaf199ac9f370a8d735174dfa57c2f82b42,0a6b07141d5c6f64b73eb1d1fcdfccaf199ac9f370a8d735174dfa57c2f82b42,byte-identical
4-5,backing_data__national_event_study__net_flow_heterogeneity_long,backing_data,sections4_5.full_pipeline,data/derived/sections4_5/backing_data/national_event_study/net_flow_heterogeneity_long.csv,backing_data/national_event_study/net_flow_heterogeneity_long.csv,backing_data/national_event_study/net_flow_heterogeneity_long.csv,PASS,ae8e0b94939001e4e9472fba3455213435d3ce989e4f33f9568d921d1d8e87a7,ae8e0b94939001e4e9472fba3455213435d3ce989e4f33f9568d921d1d8e87a7,byte-identical
4-5,backing_data__national_event_study__net_flow_results,backing_data,sections4_5.full_pipeline,data/derived/sections4_5/backing_data/national_event_study/net_flow_results.csv,backing_data/national_event_study/net_flow_results.csv,backing_data/national_event_study/net_flow_results.csv,PASS,ec46eaa24c0c9a7ca208a9747cc069c4ba3d3c4330d15a5cb56345c709a9b8af,ec46eaa24c0c9a7ca208a9747cc069c4ba3d3c4330d15a5cb56345c709a9b8af,byte-identical
4-5,backing_data__national_event_study__poisson_flow_results,backing_data,sections4_5.full_pipeline,data/derived/sections4_5/backing_data/national_event_study/poisson_flow_results.csv,backing_data/national_event_study/poisson_flow_results.csv,backing_data/national_event_study/poisson_flow_results.csv,PASS,349f613dfe4e371886d0a61d726e8b505a953546b899608bcc2eb4f72a8607ac,349f613dfe4e371886d0a61d726e8b505a953546b899608bcc2eb4f72a8607ac,byte-identical
4-5,backing_data__national_event_study__real_wage_main_results_3plus1,backing_data,sections4_5.full_pipeline,data/derived/sections4_5/backing_data/national_event_study/real_wage_main_results_3plus1.csv,backing_data/national_event_study/real_wage_main_results_3plus1.csv,backing_data/national_event_study/real_wage_main_results_3plus1.csv,PASS,a479bbe56e49d1da81351229115f2324c2e50c1363b50ffb5bd549928a972515,a479bbe56e49d1da81351229115f2324c2e50c1363b50ffb5bd549928a972515,byte-identical
4-5,backing_data__section5_2_age_pnad__event_study_coefficients_long,backing_data,sections4_5.full_pipeline,data/derived/sections4_5/backing_data/section5_2_age_pnad/event_study_coefficients_long.csv,backing_data/section5_2_age_pnad/event_study_coefficients_long.csv,backing_data/section5_2_age_pnad/event_study_coefficients_long.csv,PASS,7b976edbb9ee482f15ea0f7cd1d745cb452c40599aab64c7e86a0e6e835980a9,7b976edbb9ee482f15ea0f7cd1d745cb452c40599aab64c7e86a0e6e835980a9,byte-identical
4-5,backing_data__section5_2_age_pnad__event_study_pretrends,backing_data,sections4_5.full_pipeline,data/derived/sections4_5/backing_data/section5_2_age_pnad/event_study_pretrends.csv,backing_data/section5_2_age_pnad/event_study_pretrends.csv,backing_data/section5_2_age_pnad/event_study_pretrends.csv,PASS,fb2e1173fa6aab3d5811f8c36b8cd386edc8dea157ab5dcf20e15e9f3f1cae25,fb2e1173fa6aab3d5811f8c36b8cd386edc8dea157ab5dcf20e15e9f3f1cae25,byte-identical
4-5,backing_data__section5_2_age_pnad__normalized_paths_long,backing_data,sections4_5.full_pipeline,data/derived/sections4_5/backing_data/section5_2_age_pnad/normalized_paths_long.csv,backing_data/section5_2_age_pnad/normalized_paths_long.csv,backing_data/section5_2_age_pnad/normalized_paths_long.csv,PASS,201e32e18dff43e098b441030796b03802358b437705f9e658fbb83fd308e5d6,201e32e18dff43e098b441030796b03802358b437705f9e658fbb83fd308e5d6,byte-identical
4-5,backing_data__section5_2_dynamic__event_study_coefficients_long,backing_data,sections4_5.full_pipeline,data/derived/sections4_5/backing_data/section5_2_dynamic/event_study_coefficients_long.csv,backing_data/section5_2_dynamic/event_study_coefficients_long.csv,backing_data/section5_2_dynamic/event_study_coefficients_long.csv,PASS,590832ce53dea8b6986a6ca8753cc6be054d69e5496e980901d1c990dc07de8b,590832ce53dea8b6986a6ca8753cc6be054d69e5496e980901d1c990dc07de8b,byte-identical
4-5,backing_data__section5_2_dynamic__event_study_pretrends,backing_data,sections4_5.full_pipeline,data/derived/sections4_5/backing_data/section5_2_dynamic/event_study_pretrends.csv,backing_data/section5_2_dynamic/event_study_pretrends.csv,backing_data/section5_2_dynamic/event_study_pretrends.csv,PASS,655024baa84c403d79df2f01f99d51413c7a0d12b9d2ac44276bf3f74d018b89,655024baa84c403d79df2f01f99d51413c7a0d12b9d2ac44276bf3f74d018b89,byte-identical
4-5,backing_data__section5_2_dynamic__income_pnad_b_event_study_coefficients_long,backing_data,sections4_5.full_pipeline,data/derived/sections4_5/backing_data/section5_2_dynamic/income_pnad_b_event_study_coefficients_long.csv,backing_data/section5_2_dynamic/income_pnad_b_event_study_coefficients_long.csv,backing_data/section5_2_dynamic/income_pnad_b_event_study_coefficients_long.csv,PASS,7d4cf12d61914baf134c425ca1f9078badec9a33e47e450a72d5e4d1241b21d4,7d4cf12d61914baf134c425ca1f9078badec9a33e47e450a72d5e4d1241b21d4,byte-identical
4-5,backing_data__section5_2_dynamic__income_pnad_b_event_study_pretrends,backing_data,sections4_5.full_pipeline,data/derived/sections4_5/backing_data/section5_2_dynamic/income_pnad_b_event_study_pretrends.csv,backing_data/section5_2_dynamic/income_pnad_b_event_study_pretrends.csv,backing_data/section5_2_dynamic/income_pnad_b_event_study_pretrends.csv,PASS,4475fae0f575ed717664717ef58037faa3620c5f164c43ad0cb5a87eb18ac21c,4475fae0f575ed717664717ef58037faa3620c5f164c43ad0cb5a87eb18ac21c,byte-identical
4-5,backing_data__section5_2_dynamic__income_pnad_b_normalized_paths_long,backing_data,sections4_5.full_pipeline,data/derived/sections4_5/backing_data/section5_2_dynamic/income_pnad_b_normalized_paths_long.csv,backing_data/section5_2_dynamic/income_pnad_b_normalized_paths_long.csv,backing_data/section5_2_dynamic/income_pnad_b_normalized_paths_long.csv,PASS,ed30c9d3715a1778bc032da55512471f8e54e9de15c6f26d67956a3be1bf4c48,ed30c9d3715a1778bc032da55512471f8e54e9de15c6f26d67956a3be1bf4c48,byte-identical
4-5,backing_data__section5_2_dynamic__normalized_paths_long,backing_data,sections4_5.full_pipeline,data/derived/sections4_5/backing_data/section5_2_dynamic/normalized_paths_long.csv,backing_data/section5_2_dynamic/normalized_paths_long.csv,backing_data/section5_2_dynamic/normalized_paths_long.csv,PASS,a8d260f64386c6ba0ba8ee375d0729c8d091fa61799fdeb7113c28e54db0eebf,a8d260f64386c6ba0ba8ee375d0729c8d091fa61799fdeb7113c28e54db0eebf,byte-identical
4-5,backing_data__section5_2_dynamic__race_color_b_event_study_coefficients_long,backing_data,sections4_5.full_pipeline,data/derived/sections4_5/backing_data/section5_2_dynamic/race_color_b_event_study_coefficients_long.csv,backing_data/section5_2_dynamic/race_color_b_event_study_coefficients_long.csv,backing_data/section5_2_dynamic/race_color_b_event_study_coefficients_long.csv,PASS,d36df0187ea75c294a0e3f463b86b52b9ecffa161e3036cbe7bb1deb4d7a5afb,d36df0187ea75c294a0e3f463b86b52b9ecffa161e3036cbe7bb1deb4d7a5afb,byte-identical
4-5,backing_data__section5_2_dynamic__race_color_b_event_study_pretrends,backing_data,sections4_5.full_pipeline,data/derived/sections4_5/backing_data/section5_2_dynamic/race_color_b_event_study_pretrends.csv,backing_data/section5_2_dynamic/race_color_b_event_study_pretrends.csv,backing_data/section5_2_dynamic/race_color_b_event_study_pretrends.csv,PASS,b28b7d55d0eec8170e2aeb970c3b73e748c560bb772f4b7f1729e73cfa9d5376,b28b7d55d0eec8170e2aeb970c3b73e748c560bb772f4b7f1729e73cfa9d5376,byte-identical
4-5,backing_data__section5_2_dynamic__race_color_b_normalized_paths_long,backing_data,sections4_5.full_pipeline,data/derived/sections4_5/backing_data/section5_2_dynamic/race_color_b_normalized_paths_long.csv,backing_data/section5_2_dynamic/race_color_b_normalized_paths_long.csv,backing_data/section5_2_dynamic/race_color_b_normalized_paths_long.csv,PASS,c6c10c1f29dbf21c085860cc41a67e742293420b7bcc000582a59e3384ed8f64,c6c10c1f29dbf21c085860cc41a67e742293420b7bcc000582a59e3384ed8f64,byte-identical
4-5,backing_data__section5_3_occupation_cases__occupation_case_dictionary,backing_data,sections4_5.full_pipeline,data/derived/sections4_5/backing_data/section5_3_occupation_cases/occupation_case_dictionary.csv,backing_data/section5_3_occupation_cases/occupation_case_dictionary.csv,backing_data/section5_3_occupation_cases/occupation_case_dictionary.csv,PASS,b8d0310606c37ed32decf4cb46a9088632f9c1409c837d869a2c33d4ac8aa4b2,b8d0310606c37ed32decf4cb46a9088632f9c1409c837d869a2c33d4ac8aa4b2,byte-identical
4-5,backing_data__section5_3_occupation_cases__occupation_case_exposure_composition,backing_data,sections4_5.full_pipeline,data/derived/sections4_5/backing_data/section5_3_occupation_cases/occupation_case_exposure_composition.csv,backing_data/section5_3_occupation_cases/occupation_case_exposure_composition.csv,backing_data/section5_3_occupation_cases/occupation_case_exposure_composition.csv,PASS,de167b0b410dbacf74c8b8cb61750fb3d185fc73687d9bb01a5c7fec2c53d30a,de167b0b410dbacf74c8b8cb61750fb3d185fc73687d9bb01a5c7fec2c53d30a,byte-identical
4-5,backing_data__section5_3_occupation_cases__occupation_case_exposure_detail,backing_data,sections4_5.full_pipeline,data/derived/sections4_5/backing_data/section5_3_occupation_cases/occupation_case_exposure_detail.csv,backing_data/section5_3_occupation_cases/occupation_case_exposure_detail.csv,backing_data/section5_3_occupation_cases/occupation_case_exposure_detail.csv,PASS,31eb8f1cfdbc4c407397f200ca29ba62465553181c64ef7c090ba6797831e289,31eb8f1cfdbc4c407397f200ca29ba62465553181c64ef7c090ba6797831e289,byte-identical
4-5,backing_data__section5_3_occupation_cases__occupation_case_membership_variants,backing_data,sections4_5.full_pipeline,data/derived/sections4_5/backing_data/section5_3_occupation_cases/occupation_case_membership_variants.csv,backing_data/section5_3_occupation_cases/occupation_case_membership_variants.csv,backing_data/section5_3_occupation_cases/occupation_case_membership_variants.csv,PASS,90d950c652f89db4864fa42749c1f6a5b7266e4cf07fd991c9b03c985d2e6729,90d950c652f89db4864fa42749c1f6a5b7266e4cf07fd991c9b03c985d2e6729,byte-identical
4-5,backing_data__section5_3_occupation_cases__occupation_case_monthly_paths,backing_data,sections4_5.full_pipeline,data/derived/sections4_5/backing_data/section5_3_occupation_cases/occupation_case_monthly_paths.csv,backing_data/section5_3_occupation_cases/occupation_case_monthly_paths.csv,backing_data/section5_3_occupation_cases/occupation_case_monthly_paths.csv,PASS,64e842807cdf1fa9a08b0d4d0b771181d30f039a2704be30d20ec10f2337be15,64e842807cdf1fa9a08b0d4d0b771181d30f039a2704be30d20ec10f2337be15,byte-identical
4-5,backing_data__section5_3_occupation_cases__occupation_case_preperiod_diagnostics,backing_data,sections4_5.full_pipeline,data/derived/sections4_5/backing_data/section5_3_occupation_cases/occupation_case_preperiod_diagnostics.csv,backing_data/section5_3_occupation_cases/occupation_case_preperiod_diagnostics.csv,backing_data/section5_3_occupation_cases/occupation_case_preperiod_diagnostics.csv,PASS,ab6453bcd6fdf1022144bb3a33c90886e930bd080c98033b73b114fe2a0c8d3d,ab6453bcd6fdf1022144bb3a33c90886e930bd080c98033b73b114fe2a0c8d3d,byte-identical
4-5,backing_data__section5_3_occupation_cases__occupation_case_record_wage_winsor_bounds,backing_data,sections4_5.full_pipeline,data/derived/sections4_5/backing_data/section5_3_occupation_cases/occupation_case_record_wage_winsor_bounds.csv,backing_data/section5_3_occupation_cases/occupation_case_record_wage_winsor_bounds.csv,backing_data/section5_3_occupation_cases/occupation_case_record_wage_winsor_bounds.csv,PASS,e9d051ee22ab8794dc6e95994fcc49bfbe4956fc1b362a238ea5e2465309f4d7,e9d051ee22ab8794dc6e95994fcc49bfbe4956fc1b362a238ea5e2465309f4d7,byte-identical
4-5,backing_data__section5_3_occupation_cases__occupation_case_sensitivity_matrix,backing_data,sections4_5.full_pipeline,data/derived/sections4_5/backing_data/section5_3_occupation_cases/occupation_case_sensitivity_matrix.csv,backing_data/section5_3_occupation_cases/occupation_case_sensitivity_matrix.csv,backing_data/section5_3_occupation_cases/occupation_case_sensitivity_matrix.csv,PASS,a81d87ccbb95e34e2c61df2dc35ec2b0f8e69d5086be97b9d9374f5bd41b4f7d,a81d87ccbb95e34e2c61df2dc35ec2b0f8e69d5086be97b9d9374f5bd41b4f7d,byte-identical
4-5,backing_data__section5_3_occupation_cases__occupation_case_wage_winsor_bounds,backing_data,sections4_5.full_pipeline,data/derived/sections4_5/backing_data/section5_3_occupation_cases/occupation_case_wage_winsor_bounds.csv,backing_data/section5_3_occupation_cases/occupation_case_wage_winsor_bounds.csv,backing_data/section5_3_occupation_cases/occupation_case_wage_winsor_bounds.csv,PASS,0fdc6e2f008e6d8ba09da57f39c00302279e69b1ed7eb7b237e4bbdd85855c34,0fdc6e2f008e6d8ba09da57f39c00302279e69b1ed7eb7b237e4bbdd85855c34,byte-identical
4-5,backing_data__section5_3_occupation_cases__result_selection_log,backing_data,sections4_5.full_pipeline,data/derived/sections4_5/backing_data/section5_3_occupation_cases/result_selection_log.csv,backing_data/section5_3_occupation_cases/result_selection_log.csv,backing_data/section5_3_occupation_cases/result_selection_log.csv,PASS,9d127df6a58f0f2a8498c048831b9bb2daae0a37a62d09a8a384c34226fd179d,9d127df6a58f0f2a8498c048831b9bb2daae0a37a62d09a8a384c34226fd179d,byte-identical
4-5,backing_data__section5_3_occupation_cases__table_5_3_1_occupation_case_exposure_summary,backing_data,sections4_5.full_pipeline,data/derived/sections4_5/backing_data/section5_3_occupation_cases/table_5_3_1_occupation_case_exposure_summary.csv,backing_data/section5_3_occupation_cases/table_5_3_1_occupation_case_exposure_summary.csv,backing_data/section5_3_occupation_cases/table_5_3_1_occupation_case_exposure_summary.csv,PASS,1d53c8ce54f78bde8f75bf744657631f1b8d52f94a04e5f96a776a14b3b87018,1d53c8ce54f78bde8f75bf744657631f1b8d52f94a04e5f96a776a14b3b87018,byte-identical
