competenciamov,v1_admissoes,v1_desligamentos,v2_mov_admissoes,v2_for_admissoes,v2_exc_admissoes,v2_admissoes,delta_admissoes_abs,delta_admissoes_pct,delta_admissoes_revisao_mov,delta_admissoes_for,delta_admissoes_exc,v2_mov_desligamentos,v2_for_desligamentos,v2_exc_desligamentos,v2_desligamentos,delta_desligamentos_abs,delta_desligamentos_pct,delta_desligamentos_revisao_mov,delta_desligamentos_for,delta_desligamentos_exc,v1_movimentacoes,v2_movimentacoes,delta_movimentacoes_abs,delta_movimentacoes_pct
202101,1550075,1293016,1550075,169573,8778,1710870,160795,10.37336903053078,0,169573,-8778,1293016,167874,4519,1456371,163355,12.63364103769791,0,167874,-4519,2843091,3167241,324150,11.401323418772034
202102,1715425,1317510,1715425,156811,8499,1863737,148312,8.645787487065887,0,156811,-8499,1317510,153431,5053,1465888,148378,11.262001806437901,0,153431,-5053,3032935,3329625,296690,9.782273606259283
202103,1626885,1450555,1626885,139158,7229,1758814,131929,8.10930090325991,0,139158,-7229,1450555,161150,7123,1604582,154027,10.618487406544391,0,161150,-7123,3077440,3363396,285956,9.29200894249766
202104,1396311,1282389,1396311,112567,5993,1502885,106574,7.632540315159016,0,112567,-5993,1282389,135791,5577,1412603,130214,10.154017228781594,0,135791,-5577,2678700,2915488,236788,8.839661029603912
202105,1558316,1279611,1558316,98677,5677,1651316,93000,5.967980820321424,0,98677,-5677,1279611,109507,4478,1384640,105029,8.207885052566757,0,109507,-4478,2837927,3035956,198029,6.977945521502138
202106,1609748,1299712,1609748,93606,4736,1698618,88870,5.520739892206731,0,93606,-4736,1299712,84797,4033,1380476,80764,6.213992022848139,0,84797,-4033,2909460,3079094,169634,5.830429014318808
202107,1666051,1349326,1666051,104378,4596,1765833,99782,5.989132385503205,0,104378,-4596,1349326,115450,5957,1458819,109493,8.114643903697106,0,115450,-5957,3015377,3224652,209275,6.940259874635908
202108,1819411,1446067,1819411,103674,5262,1917823,98412,5.409003243357328,0,103674,-5262,1446067,89435,5520,1529982,83915,5.802981466280608,0,89435,-5520,3265478,3447805,182327,5.583470475072868
202109,1789967,1472974,1789967,104694,4389,1890272,100305,5.603734593989722,0,104694,-4389,1472974,92514,5358,1560130,87156,5.917008718415939,0,92514,-5358,3262941,3450402,187461,5.745154448088396
202110,1760739,1507656,1760739,85176,4285,1841630,80891,4.5941505242969,0,85176,-4285,1507656,86231,5141,1588746,81090,5.37854789156147,0,86231,-5141,3268395,3430376,161981,4.95597992286734
202111,1772766,1448654,1772766,93384,4811,1861339,88573,4.996316490726921,0,93384,-4811,1448654,103365,4831,1547188,98534,6.801762187520278,0,103365,-4831,3221420,3408527,187107,5.808215010771647
202112,1437910,1703721,1437910,45349,3667,1479592,41682,2.8987906058098214,0,45349,-3667,1703721,74110,6913,1770918,67197,3.9441316976195044,0,74110,-6913,3141631,3250510,108879,3.465683907499003
202201,1777646,1622468,1777646,78321,5395,1850572,72926,4.102391589776592,0,78321,-5395,1622468,65377,4702,1683143,60675,3.739673139932498,0,65377,-4702,3400114,3533715,133601,3.929309429036791
202202,2013143,1684636,2013143,80850,5309,2088684,75541,3.752391161482319,0,80850,-5309,1684636,55791,5211,1735216,50580,3.0024290113710026,0,55791,-5211,3697779,3823900,126121,3.4107230313114982
202203,1953071,1816882,1953071,53938,4954,2002055,48984,2.5080501425703416,0,53938,-4954,1816882,91668,5657,1902893,86011,4.7339893289712816,0,91668,-5657,3769953,3904948,134995,3.580813872215383
202204,1854557,1657591,1854557,36164,4295,1886426,31869,1.71841577260769,0,36164,-4295,1657591,27337,4003,1680925,23334,1.4077055196366293,0,27337,-4003,3512148,3567351,55203,1.5717731712900482
202205,1960960,1683942,1960960,44670,4257,2001373,40413,2.060878345300261,0,44670,-4257,1683942,43763,4078,1723627,39685,2.3566726169903713,0,43763,-4078,3644902,3725000,80098,2.197535077760664
202206,1898876,1620932,1898876,37569,3354,1933091,34215,1.8018554134129874,0,37569,-3354,1620932,30973,4072,1647833,26901,1.6596007728886837,0,30973,-4072,3519808,3580924,61116,1.7363447097114388
202207,1886537,1667635,1886537,38907,3087,1922357,35820,1.8987170673037423,0,38907,-3087,1667635,33086,3744,1696977,29342,1.7594977318178138,0,33086,-3744,3554172,3619334,65162,1.8333946697008474
202208,2051800,1773161,2051800,35662,2921,2084541,32741,1.5957208304903012,0,35662,-2921,1773161,27064,4557,1795668,22507,1.269315081935594,0,27064,-4557,3824961,3880209,55248,1.4444068841486226
202209,1926572,1648487,1926572,28742,3302,1952012,25440,1.3204801066349974,0,28742,-3302,1648487,29254,4290,1673451,24964,1.5143583176573427,0,29254,-4290,3575059,3625463,50404,1.409878829971757
202210,1789462,1630008,1789462,31884,2715,1818631,29169,1.6300429961630927,0,31884,-2715,1630008,31747,3593,1658162,28154,1.7272307865973664,0,31747,-3593,3419470,3476793,57323,1.6763708995838535
202211,1747894,1612399,1747894,27676,2521,1773049,25155,1.4391604982910864,0,27676,-2521,1612399,35972,3298,1645073,32674,2.0264214998892953,0,35972,-3298,3360293,3418122,57829,1.7209511194410725
202212,1382923,1813934,1382923,27442,2016,1408349,25426,1.8385694648219748,0,27442,-2016,1813934,54221,5059,1863096,49162,2.7102419382403107,0,54221,-5059,3196857,3271445,74588,2.333166607076888
202301,1874226,1790929,1874226,49179,3722,1919683,45457,2.4253745279384664,0,49179,-3722,1790929,42899,4257,1829571,38642,2.1576511408324954,0,42899,-4257,3665155,3749254,84099,2.2945550733870737
202302,1949844,1708059,1949844,43408,3072,1990180,40336,2.0686783147780026,0,43408,-3072,1708059,33654,3996,1737717,29658,1.736356882285682,0,33654,-3996,3657903,3727897,69994,1.9135007133868778
202303,2168418,1973247,2168418,39528,3275,2204671,36253,1.671864004080394,0,39528,-3275,1973247,41621,5230,2009638,36391,1.8442191981034306,0,41621,-5230,4141665,4214309,72644,1.7539805851028512
202304,1865279,1685274,1865279,37338,2659,1899958,34679,1.8591856767807926,0,37338,-2659,1685274,36321,3598,1717997,32723,1.9417020615045388,0,36321,-3598,3550553,3617955,67402,1.8983521721827556
202305,2000202,1844932,2000202,27357,2848,2024711,24509,1.225326242049553,0,27357,-2848,1844932,28566,4997,1868501,23569,1.2774996585239997,0,28566,-4997,3845134,3893212,48078,1.2503595453370415
202306,1914130,1756932,1914130,25923,2851,1937202,23072,1.2053517786148276,0,25923,-2851,1756932,27877,3421,1781388,24456,1.3919719146785419,0,27877,-3421,3671062,3718590,47528,1.294666230099083
202307,1883198,1740496,1883198,22432,2478,1903152,19954,1.0595805645503023,0,22432,-2478,1740496,23777,3498,1760775,20279,1.1651276417756777,0,23777,-3498,3623694,3663927,40233,1.1102758676643227
202308,2099211,1878367,2099211,21517,3668,2117060,17849,0.8502718402294958,0,21517,-3668,1878367,22425,3649,1897143,18776,0.9995916665912465,0,22425,-3649,3977578,4014203,36625,0.920786468549454
202309,1917057,1705293,1917057,26762,2636,1941183,24126,1.258491531550705,0,26762,-2636,1705293,34736,3652,1736377,31084,1.8227952615767495,0,34736,-3652,3622350,3677560,55210,1.5241486880064046
202310,1941281,1750915,1941281,24471,2796,1962956,21675,1.1165307855998179,0,24471,-2796,1750915,27939,3134,1775720,24805,1.4166878460690553,0,27939,-3134,3692196,3738676,46480,1.2588714141936126
202311,1866752,1736655,1866752,17970,3299,1881423,14671,0.7859105012342293,0,17970,-3299,1736655,30172,6907,1759920,23265,1.3396443162286118,0,30172,-6907,3603407,3641343,37936,1.0527814371232558
202312,1502563,1932722,1502563,13847,2406,1514004,11441,0.76143229934452,0,13847,-2406,1932722,37229,4342,1965609,32887,1.701589778561014,0,37229,-4342,3435285,3479613,44328,1.2903732878058152
202401,2067817,1887422,2067817,47615,4774,2110658,42841,2.0717984231680076,0,47615,-4774,1887422,54456,4465,1937413,49991,2.648639255026168,0,54456,-4465,3955239,4048071,92832,2.3470642355619975
202402,2249070,1942959,2249070,31364,3916,2276518,27448,1.2204155495382536,0,31364,-3916,1942959,29835,4071,1968723,25764,1.3260187168128612,0,29835,-4071,4192029,4245241,53212,1.2693614476426571
202403,2262420,2018105,2262420,26477,3585,2285312,22892,1.011836882630104,0,26477,-3585,2018105,25539,3976,2039668,21563,1.0684776064674535,0,25539,-3976,4280525,4324980,44455,1.0385408331921901
202404,2260439,2020406,2260439,25769,3137,2283071,22632,1.0012214441531049,0,25769,-3137,2020406,26243,3905,2042744,22338,1.105619365612654,0,26243,-3905,4280845,4325815,44970,1.0504935357388554
202405,2116326,1984515,2116326,28810,2676,2142460,26134,1.2348759123121864,0,28810,-2676,1984515,21817,3667,2002665,18150,0.9145811445113794,0,21817,-3667,4100841,4145125,44284,1.0798760546921962
202406,2071649,1869944,2071649,23570,2770,2092449,20800,1.0040310882779853,0,23570,-2770,1869944,19136,3236,1885844,15900,0.8502928429942287,0,19136,-3236,3941593,3978293,36700,0.9310956255503803
202407,2187633,1999612,2187633,22046,2738,2206941,19308,0.8825977666272177,0,22046,-2738,1999612,18909,3331,2015190,15578,0.7790511359203686,0,18909,-3331,4187245,4222131,34886,0.8331492425210371
202408,2231410,1998897,2231410,26141,2734,2254817,23407,1.04897800045711,0,26141,-2734,1998897,20055,3486,2015466,16569,0.8289071422889723,0,20055,-3486,4230307,4270283,39976,0.9449905172366923
202409,2163929,1916111,2163929,23381,3092,2184218,20289,0.9376000783759542,0,23381,-3092,1916111,18814,2984,1931941,15830,0.8261525558801134,0,18814,-2984,4080040,4116159,36119,0.8852609288144234
202410,2222962,2090248,2222962,17628,3159,2237431,14469,0.6508883192785122,0,17628,-3159,2090248,18907,3267,2105888,15640,0.7482365728851313,0,18907,-3267,4313210,4343319,30109,0.6980647823778577
202411,1978371,1871746,1978371,20452,2354,1996469,18098,0.9147930292144395,0,20452,-2354,1871746,21589,3058,1890277,18531,0.9900381782570926,0,21589,-3058,3850117,3886746,36629,0.9513736855269593
202412,1524251,2059798,1524251,13236,2468,1535019,10768,0.7064453295421818,0,13236,-2468,2059798,34230,3891,2090137,30339,1.4729114214112258,0,34230,-3891,3584049,3625156,41107,1.14694302449548
202501,2271611,2134308,2271611,48775,4010,2316376,44765,1.9706278935962187,0,48775,-4010,2134308,31832,4626,2161514,27206,1.2746988719528765,0,31832,-4626,4405919,4477890,71971,1.6335071071438219
202502,2579192,2147197,2579192,40906,4427,2615671,36479,1.4143576748066837,0,40906,-4427,2147197,32131,4352,2174976,27779,1.2937331786510506,0,32131,-4352,4726389,4790647,64258,1.3595580050647544
202503,2234662,2163086,2234662,29676,3005,2261333,26671,1.1935138289369935,0,29676,-3005,2163086,21882,3817,2181151,18065,0.8351494115351863,0,21882,-3817,4397748,4442484,44736,1.0172479187074839
202504,2282187,2024659,2282187,46282,3982,2324487,42300,1.8534852753082898,0,46282,-3982,2024659,66226,4659,2086226,61567,3.040857744439928,0,66226,-4659,4306846,4410713,103867,2.411672021706836
202505,2256225,2107233,2256225,29997,2990,2283232,27007,1.1969994127358752,0,29997,-2990,2107233,26868,3977,2130124,22891,1.086306070567422,0,26868,-3977,4363458,4413356,49898,1.1435425756361124
202506,2139182,1972561,2139182,32775,2973,2168984,29802,1.3931493440015856,0,32775,-2973,1972561,37970,3514,2007017,34456,1.7467647388344392,0,37970,-3514,4111743,4176001,64258,1.5627922270433732
