divisao,secao,divisao_descricao,secao_descricao
01,A,"AGRICULTURA, PECUÁRIA E SERVIÇOS RELACIONADOS","AGRICULTURA, PECUÁRIA, PRODUÇÃO FLORESTAL, PESCA E AQÜICULTURA"
02,A,PRODUÇÃO FLORESTAL,"AGRICULTURA, PECUÁRIA, PRODUÇÃO FLORESTAL, PESCA E AQÜICULTURA"
03,A,PESCA E AQÜICULTURA,"AGRICULTURA, PECUÁRIA, PRODUÇÃO FLORESTAL, PESCA E AQÜICULTURA"
05,B,EXTRAÇÃO DE CARVÃO MINERAL,INDÚSTRIAS EXTRATIVAS
06,B,EXTRAÇÃO DE PETRÓLEO E GÁS NATURAL,INDÚSTRIAS EXTRATIVAS
07,B,EXTRAÇÃO DE MINERAIS METÁLICOS,INDÚSTRIAS EXTRATIVAS
08,B,EXTRAÇÃO DE MINERAIS NÃO-METÁLICOS,INDÚSTRIAS EXTRATIVAS
09,B,ATIVIDADES DE APOIO À EXTRAÇÃO DE MINERAIS,INDÚSTRIAS EXTRATIVAS
10,C,FABRICAÇÃO DE PRODUTOS ALIMENTÍCIOS,INDÚSTRIAS DE TRANSFORMAÇÃO
11,C,FABRICAÇÃO DE BEBIDAS,INDÚSTRIAS DE TRANSFORMAÇÃO
12,C,FABRICAÇÃO DE PRODUTOS DO FUMO,INDÚSTRIAS DE TRANSFORMAÇÃO
13,C,FABRICAÇÃO DE PRODUTOS TÊXTEIS,INDÚSTRIAS DE TRANSFORMAÇÃO
14,C,CONFECÇÃO DE ARTIGOS DO VESTUÁRIO E ACESSÓRIOS,INDÚSTRIAS DE TRANSFORMAÇÃO
15,C,"PREPARAÇÃO DE COUROS E FABRICAÇÃO DE ARTEFATOS DE COURO, ARTIGOS PARA VIAGEM E CALÇADOS",INDÚSTRIAS DE TRANSFORMAÇÃO
16,C,FABRICAÇÃO DE PRODUTOS DE MADEIRA,INDÚSTRIAS DE TRANSFORMAÇÃO
17,C,"FABRICAÇÃO DE CELULOSE, PAPEL E PRODUTOS DE PAPEL",INDÚSTRIAS DE TRANSFORMAÇÃO
18,C,IMPRESSÃO E REPRODUÇÃO DE GRAVAÇÕES,INDÚSTRIAS DE TRANSFORMAÇÃO
19,C,"FABRICAÇÃO DE COQUE, DE PRODUTOS DERIVADOS DO PETRÓLEO E DE BIOCOMBUSTÍVEIS",INDÚSTRIAS DE TRANSFORMAÇÃO
20,C,FABRICAÇÃO DE PRODUTOS QUÍMICOS,INDÚSTRIAS DE TRANSFORMAÇÃO
21,C,FABRICAÇÃO DE PRODUTOS FARMOQUÍMICOS E FARMACÊUTICOS,INDÚSTRIAS DE TRANSFORMAÇÃO
22,C,FABRICAÇÃO DE PRODUTOS DE BORRACHA E DE MATERIAL PLÁSTICO,INDÚSTRIAS DE TRANSFORMAÇÃO
23,C,FABRICAÇÃO DE PRODUTOS DE MINERAIS NÃO-METÁLICOS,INDÚSTRIAS DE TRANSFORMAÇÃO
24,C,METALURGIA,INDÚSTRIAS DE TRANSFORMAÇÃO
25,C,"FABRICAÇÃO DE PRODUTOS DE METAL, EXCETO MÁQUINAS E EQUIPAMENTOS",INDÚSTRIAS DE TRANSFORMAÇÃO
26,C,"FABRICAÇÃO DE EQUIPAMENTOS DE INFORMÁTICA, PRODUTOS ELETRÔNICOS E ÓPTICOS",INDÚSTRIAS DE TRANSFORMAÇÃO
27,C,"FABRICAÇÃO DE MÁQUINAS, APARELHOS E MATERIAIS ELÉTRICOS",INDÚSTRIAS DE TRANSFORMAÇÃO
28,C,FABRICAÇÃO DE MÁQUINAS E EQUIPAMENTOS,INDÚSTRIAS DE TRANSFORMAÇÃO
29,C,"FABRICAÇÃO DE VEÍCULOS AUTOMOTORES, REBOQUES E CARROCERIAS",INDÚSTRIAS DE TRANSFORMAÇÃO
30,C,"FABRICAÇÃO DE OUTROS EQUIPAMENTOS DE TRANSPORTE, EXCETO VEÍCULOS AUTOMOTORES",INDÚSTRIAS DE TRANSFORMAÇÃO
31,C,FABRICAÇÃO DE MÓVEIS,INDÚSTRIAS DE TRANSFORMAÇÃO
32,C,FABRICAÇÃO DE PRODUTOS DIVERSOS,INDÚSTRIAS DE TRANSFORMAÇÃO
33,C,"MANUTENÇÃO, REPARAÇÃO E INSTALAÇÃO DE MÁQUINAS E EQUIPAMENTOS",INDÚSTRIAS DE TRANSFORMAÇÃO
35,D,"ELETRICIDADE, GÁS E OUTRAS UTILIDADES",ELETRICIDADE E GÁS
36,E,"CAPTAÇÃO, TRATAMENTO E DISTRIBUIÇÃO DE ÁGUA","ÁGUA, ESGOTO, ATIVIDADES DE GESTÃO DE RESÍDUOS E DESCONTAMINAÇÃO"
37,E,ESGOTO E ATIVIDADES RELACIONADAS,"ÁGUA, ESGOTO, ATIVIDADES DE GESTÃO DE RESÍDUOS E DESCONTAMINAÇÃO"
38,E,"COLETA, TRATAMENTO E DISPOSIÇÃO DE RESÍDUOS; RECUPERAÇÃO DE MATERIAIS","ÁGUA, ESGOTO, ATIVIDADES DE GESTÃO DE RESÍDUOS E DESCONTAMINAÇÃO"
39,E,DESCONTAMINAÇÃO E OUTROS SERVIÇOS DE GESTÃO DE RESÍDUOS,"ÁGUA, ESGOTO, ATIVIDADES DE GESTÃO DE RESÍDUOS E DESCONTAMINAÇÃO"
41,F,CONSTRUÇÃO DE EDIFÍCIOS,CONSTRUÇÃO
42,F,OBRAS DE INFRA-ESTRUTURA,CONSTRUÇÃO
43,F,SERVIÇOS ESPECIALIZADOS PARA CONSTRUÇÃO,CONSTRUÇÃO
45,G,COMÉRCIO E REPARAÇÃO DE VEÍCULOS AUTOMOTORES E MOTOCICLETAS,COMÉRCIO; REPARAÇÃO DE VEÍCULOS AUTOMOTORES E MOTOCICLETAS
46,G,"COMÉRCIO POR ATACADO, EXCETO VEÍCULOS AUTOMOTORES E MOTOCICLETAS",COMÉRCIO; REPARAÇÃO DE VEÍCULOS AUTOMOTORES E MOTOCICLETAS
47,G,COMÉRCIO VAREJISTA,COMÉRCIO; REPARAÇÃO DE VEÍCULOS AUTOMOTORES E MOTOCICLETAS
49,H,TRANSPORTE TERRESTRE,"TRANSPORTE, ARMAZENAGEM E CORREIO"
50,H,TRANSPORTE AQUAVIÁRIO,"TRANSPORTE, ARMAZENAGEM E CORREIO"
51,H,TRANSPORTE AÉREO,"TRANSPORTE, ARMAZENAGEM E CORREIO"
52,H,ARMAZENAMENTO E ATIVIDADES AUXILIARES DOS TRANSPORTES,"TRANSPORTE, ARMAZENAGEM E CORREIO"
53,H,CORREIO E OUTRAS ATIVIDADES DE ENTREGA,"TRANSPORTE, ARMAZENAGEM E CORREIO"
55,I,ALOJAMENTO,ALOJAMENTO E ALIMENTAÇÃO
56,I,ALIMENTAÇÃO,ALOJAMENTO E ALIMENTAÇÃO
58,J,EDIÇÃO E EDIÇÃO INTEGRADA À IMPRESSÃO,INFORMAÇÃO E COMUNICAÇÃO
59,J,"ATIVIDADES CINEMATOGRÁFICAS, PRODUÇÃO DE VÍDEOS E DE PROGRAMAS DE TELEVISÃO; GRAVAÇÃO DE SOM E EDIÇÃO DE MÚSICA",INFORMAÇÃO E COMUNICAÇÃO
60,J,ATIVIDADES DE RÁDIO E DE TELEVISÃO,INFORMAÇÃO E COMUNICAÇÃO
61,J,TELECOMUNICAÇÕES,INFORMAÇÃO E COMUNICAÇÃO
62,J,ATIVIDADES DOS SERVIÇOS DE TECNOLOGIA DA INFORMAÇÃO,INFORMAÇÃO E COMUNICAÇÃO
63,J,ATIVIDADES DE PRESTAÇÃO DE SERVIÇOS DE INFORMAÇÃO,INFORMAÇÃO E COMUNICAÇÃO
64,K,ATIVIDADES DE SERVIÇOS FINANCEIROS,"ATIVIDADES FINANCEIRAS, DE SEGUROS E SERVIÇOS RELACIONADOS"
65,K,"SEGUROS, RESSEGUROS, PREVIDÊNCIA COMPLEMENTAR E PLANOS DE SAÚDE","ATIVIDADES FINANCEIRAS, DE SEGUROS E SERVIÇOS RELACIONADOS"
66,K,"ATIVIDADES AUXILIARES DOS SERVIÇOS FINANCEIROS, SEGUROS, PREVIDÊNCIA COMPLEMENTAR E PLANOS DE SAÚDE","ATIVIDADES FINANCEIRAS, DE SEGUROS E SERVIÇOS RELACIONADOS"
68,L,ATIVIDADES IMOBILIÁRIAS,ATIVIDADES IMOBILIÁRIAS
69,M,"ATIVIDADES JURÍDICAS, DE CONTABILIDADE E DE AUDITORIA","ATIVIDADES PROFISSIONAIS, CIENTÍFICAS E TÉCNICAS"
70,M,ATIVIDADES DE SEDES DE EMPRESAS E DE CONSULTORIA EM GESTÃO EMPRESARIAL,"ATIVIDADES PROFISSIONAIS, CIENTÍFICAS E TÉCNICAS"
71,M,SERVIÇOS DE ARQUITETURA E ENGENHARIA; TESTES E ANÁLISES TÉCNICAS,"ATIVIDADES PROFISSIONAIS, CIENTÍFICAS E TÉCNICAS"
72,M,PESQUISA E DESENVOLVIMENTO CIENTÍFICO,"ATIVIDADES PROFISSIONAIS, CIENTÍFICAS E TÉCNICAS"
73,M,PUBLICIDADE E PESQUISA DE MERCADO,"ATIVIDADES PROFISSIONAIS, CIENTÍFICAS E TÉCNICAS"
74,M,"OUTRAS ATIVIDADES PROFISSIONAIS, CIENTÍFICAS E TÉCNICAS","ATIVIDADES PROFISSIONAIS, CIENTÍFICAS E TÉCNICAS"
75,M,ATIVIDADES VETERINÁRIAS,"ATIVIDADES PROFISSIONAIS, CIENTÍFICAS E TÉCNICAS"
77,N,ALUGUÉIS NÃO-IMOBILIÁRIOS E GESTÃO DE ATIVOS INTANGÍVEIS NÃO-FINANCEIROS,ATIVIDADES ADMINISTRATIVAS E SERVIÇOS COMPLEMENTARES
78,N,"SELEÇÃO, AGENCIAMENTO E LOCAÇÃO DE MÃO-DE-OBRA",ATIVIDADES ADMINISTRATIVAS E SERVIÇOS COMPLEMENTARES
79,N,"AGÊNCIAS DE VIAGENS, OPERADORES TURÍSTICOS E SERVIÇOS DE RESERVAS",ATIVIDADES ADMINISTRATIVAS E SERVIÇOS COMPLEMENTARES
80,N,"ATIVIDADES DE VIGILÂNCIA, SEGURANÇA E INVESTIGAÇÃO",ATIVIDADES ADMINISTRATIVAS E SERVIÇOS COMPLEMENTARES
81,N,SERVIÇOS PARA EDIFÍCIOS E ATIVIDADES PAISAGÍSTICAS,ATIVIDADES ADMINISTRATIVAS E SERVIÇOS COMPLEMENTARES
82,N,"SERVIÇOS DE ESCRITÓRIO, DE APOIO ADMINISTRATIVO E OUTROS SERVIÇOS PRESTADOS ÀS EMPRESAS",ATIVIDADES ADMINISTRATIVAS E SERVIÇOS COMPLEMENTARES
84,O,"ADMINISTRAÇÃO PÚBLICA, DEFESA E SEGURIDADE SOCIAL","ADMINISTRAÇÃO PÚBLICA, DEFESA E SEGURIDADE SOCIAL"
85,P,EDUCAÇÃO,EDUCAÇÃO
86,Q,ATIVIDADES DE ATENÇÃO À SAÚDE HUMANA,SAÚDE HUMANA E SERVIÇOS SOCIAIS
87,Q,"ATIVIDADES DE ATENÇÃO À SAÚDE HUMANA INTEGRADAS COM ASSISTÊNCIA SOCIAL, PRESTADAS EM RESIDÊNCIAS COLETIVAS E PARTICULARES",SAÚDE HUMANA E SERVIÇOS SOCIAIS
88,Q,SERVIÇOS DE ASSISTÊNCIA SOCIAL SEM ALOJAMENTO,SAÚDE HUMANA E SERVIÇOS SOCIAIS
90,R,"ATIVIDADES ARTÍSTICAS, CRIATIVAS E DE ESPETÁCULOS","ARTES, CULTURA, ESPORTE E RECREAÇÃO"
91,R,ATIVIDADES LIGADAS AO PATRIMÔNIO CULTURAL E AMBIENTAL,"ARTES, CULTURA, ESPORTE E RECREAÇÃO"
92,R,ATIVIDADES DE EXPLORAÇÃO DE JOGOS DE AZAR E APOSTAS,"ARTES, CULTURA, ESPORTE E RECREAÇÃO"
93,R,ATIVIDADES ESPORTIVAS E DE RECREAÇÃO E LAZER,"ARTES, CULTURA, ESPORTE E RECREAÇÃO"
94,S,ATIVIDADES DE ORGANIZAÇÕES ASSOCIATIVAS,OUTRAS ATIVIDADES DE SERVIÇOS
95,S,REPARAÇÃO E MANUTENÇÃO DE EQUIPAMENTOS DE INFORMÁTICA E COMUNICAÇÃO E DE OBJETOS PESSOAIS E DOMÉSTICOS,OUTRAS ATIVIDADES DE SERVIÇOS
96,S,OUTRAS ATIVIDADES DE SERVIÇOS PESSOAIS,OUTRAS ATIVIDADES DE SERVIÇOS
97,T,SERVIÇOS DOMÉSTICOS,SERVIÇOS DOMÉSTICOS
99,U,ORGANISMOS INTERNACIONAIS E OUTRAS INSTITUIÇÕES EXTRATERRITORIAIS,ORGANISMOS INTERNACIONAIS E OUTRAS INSTITUIÇÕES EXTRATERRITORIAIS
