position,term,event_time,coefficient,standard_error,ci_low,ci_high,nominal_p_value,is_reference,beyond_frozen_window,pre_coefficient_mean,pre_window,model_id,outcome,estimator,event_window,reference_event_time,reference_period,is_causal_effect,formula,n_obs,minimum_clusters
0.0,"C(event_time, contr.treatment(base=-1))[-23]:treated_main",-23,-0.09909687978746594,0.0939945810502006,-0.2839809999032859,0.08578724032835401,0.29250203142383,False,False,-0.08103560861138503,-23_to_-2,national_extended__admissoes,admissoes,ppml,-23_to_41,-1,2022-11,False,"admissoes ~ i(event_time, treated_main, ref=-1) | cbo_4d + periodo",22049,341
1.0,"C(event_time, contr.treatment(base=-1))[-22]:treated_main",-22,-0.14702630391434035,0.09196297646384187,-0.32791432742357407,0.0338617195948934,0.1108038095500925,False,False,-0.08103560861138503,-23_to_-2,national_extended__admissoes,admissoes,ppml,-23_to_41,-1,2022-11,False,"admissoes ~ i(event_time, treated_main, ref=-1) | cbo_4d + periodo",22049,341
2.0,"C(event_time, contr.treatment(base=-1))[-21]:treated_main",-21,-0.13555379484624622,0.08757574951136972,-0.3078122932722944,0.03670470357980196,0.12258958849997192,False,False,-0.08103560861138503,-23_to_-2,national_extended__admissoes,admissoes,ppml,-23_to_41,-1,2022-11,False,"admissoes ~ i(event_time, treated_main, ref=-1) | cbo_4d + periodo",22049,341
3.0,"C(event_time, contr.treatment(base=-1))[-20]:treated_main",-20,-0.09659649524951036,0.09084215531307321,-0.27527990196113966,0.08208691146211894,0.2883804421657481,False,False,-0.08103560861138503,-23_to_-2,national_extended__admissoes,admissoes,ppml,-23_to_41,-1,2022-11,False,"admissoes ~ i(event_time, treated_main, ref=-1) | cbo_4d + periodo",22049,341
4.0,"C(event_time, contr.treatment(base=-1))[-19]:treated_main",-19,-0.11157963129476745,0.07766853723640867,-0.26435098265561874,0.041191720066083876,0.15174749483166483,False,False,-0.08103560861138503,-23_to_-2,national_extended__admissoes,admissoes,ppml,-23_to_41,-1,2022-11,False,"admissoes ~ i(event_time, treated_main, ref=-1) | cbo_4d + periodo",22049,341
5.0,"C(event_time, contr.treatment(base=-1))[-18]:treated_main",-18,-0.07194232305432971,0.06892542595496517,-0.20751627411525247,0.06363162800659306,0.2973331522105518,False,False,-0.08103560861138503,-23_to_-2,national_extended__admissoes,admissoes,ppml,-23_to_41,-1,2022-11,False,"admissoes ~ i(event_time, treated_main, ref=-1) | cbo_4d + periodo",22049,341
6.0,"C(event_time, contr.treatment(base=-1))[-17]:treated_main",-17,-0.07854343371328704,0.06791911413135723,-0.2121380038993641,0.05505113647279003,0.2483188203163449,False,False,-0.08103560861138503,-23_to_-2,national_extended__admissoes,admissoes,ppml,-23_to_41,-1,2022-11,False,"admissoes ~ i(event_time, treated_main, ref=-1) | cbo_4d + periodo",22049,341
7.0,"C(event_time, contr.treatment(base=-1))[-16]:treated_main",-16,-0.07853020314340264,0.07244976033568555,-0.22103639916667508,0.0639759928798698,0.2791654940768846,False,False,-0.08103560861138503,-23_to_-2,national_extended__admissoes,admissoes,ppml,-23_to_41,-1,2022-11,False,"admissoes ~ i(event_time, treated_main, ref=-1) | cbo_4d + periodo",22049,341
8.0,"C(event_time, contr.treatment(base=-1))[-15]:treated_main",-15,-0.09503400977632384,0.0660570958442678,-0.22496605379544846,0.034898034242800774,0.15116543670875648,False,False,-0.08103560861138503,-23_to_-2,national_extended__admissoes,admissoes,ppml,-23_to_41,-1,2022-11,False,"admissoes ~ i(event_time, treated_main, ref=-1) | cbo_4d + periodo",22049,341
9.0,"C(event_time, contr.treatment(base=-1))[-14]:treated_main",-14,-0.03675030745729981,0.05582961447612714,-0.14656524607925542,0.07306463116465578,0.5108176288658715,False,False,-0.08103560861138503,-23_to_-2,national_extended__admissoes,admissoes,ppml,-23_to_41,-1,2022-11,False,"admissoes ~ i(event_time, treated_main, ref=-1) | cbo_4d + periodo",22049,341
10.0,"C(event_time, contr.treatment(base=-1))[-13]:treated_main",-13,0.05086362547174377,0.028497294799367377,-0.005189576912851837,0.10691682785633938,0.0751757859724973,False,False,-0.08103560861138503,-23_to_-2,national_extended__admissoes,admissoes,ppml,-23_to_41,-1,2022-11,False,"admissoes ~ i(event_time, treated_main, ref=-1) | cbo_4d + periodo",22049,341
11.0,"C(event_time, contr.treatment(base=-1))[-12]:treated_main",-12,0.11052818863393986,0.03682276579599005,0.03809907007883352,0.18295730718904618,0.0028840407199755003,False,False,-0.08103560861138503,-23_to_-2,national_extended__admissoes,admissoes,ppml,-23_to_41,-1,2022-11,False,"admissoes ~ i(event_time, treated_main, ref=-1) | cbo_4d + periodo",22049,341
12.0,"C(event_time, contr.treatment(base=-1))[-11]:treated_main",-11,-0.10055184115048496,0.08045681924062172,-0.25880764767060105,0.057703965369631155,0.21224623570087253,False,False,-0.08103560861138503,-23_to_-2,national_extended__admissoes,admissoes,ppml,-23_to_41,-1,2022-11,False,"admissoes ~ i(event_time, treated_main, ref=-1) | cbo_4d + periodo",22049,341
13.0,"C(event_time, contr.treatment(base=-1))[-10]:treated_main",-10,-0.10082791085205285,0.08462688261834667,-0.26728608914513446,0.06563026744102875,0.23431165394961395,False,False,-0.08103560861138503,-23_to_-2,national_extended__admissoes,admissoes,ppml,-23_to_41,-1,2022-11,False,"admissoes ~ i(event_time, treated_main, ref=-1) | cbo_4d + periodo",22049,341
14.0,"C(event_time, contr.treatment(base=-1))[-9]:treated_main",-9,-0.09052380342238403,0.07459782132565439,-0.23725516180765902,0.056207554962890954,0.22578438041222038,False,False,-0.08103560861138503,-23_to_-2,national_extended__admissoes,admissoes,ppml,-23_to_41,-1,2022-11,False,"admissoes ~ i(event_time, treated_main, ref=-1) | cbo_4d + periodo",22049,341
15.0,"C(event_time, contr.treatment(base=-1))[-8]:treated_main",-8,-0.052030467108452265,0.07104603852960319,-0.1917755904389668,0.08771465622206226,0.46446035439957045,False,False,-0.08103560861138503,-23_to_-2,national_extended__admissoes,admissoes,ppml,-23_to_41,-1,2022-11,False,"admissoes ~ i(event_time, treated_main, ref=-1) | cbo_4d + periodo",22049,341
16.0,"C(event_time, contr.treatment(base=-1))[-7]:treated_main",-7,-0.12238159909434501,0.06035744967447217,-0.2411026344010485,-0.0036605637876414993,0.04337925090148653,False,False,-0.08103560861138503,-23_to_-2,national_extended__admissoes,admissoes,ppml,-23_to_41,-1,2022-11,False,"admissoes ~ i(event_time, treated_main, ref=-1) | cbo_4d + periodo",22049,341
17.0,"C(event_time, contr.treatment(base=-1))[-6]:treated_main",-6,-0.11443272611469436,0.06317975466202229,-0.23870513862305817,0.009839686393669445,0.07098845582680036,False,False,-0.08103560861138503,-23_to_-2,national_extended__admissoes,admissoes,ppml,-23_to_41,-1,2022-11,False,"admissoes ~ i(event_time, treated_main, ref=-1) | cbo_4d + periodo",22049,341
18.0,"C(event_time, contr.treatment(base=-1))[-5]:treated_main",-5,-0.12593469769164553,0.0638016630390091,-0.25143038266728546,-0.00043901271600560454,0.049208400226086635,False,False,-0.08103560861138503,-23_to_-2,national_extended__admissoes,admissoes,ppml,-23_to_41,-1,2022-11,False,"admissoes ~ i(event_time, treated_main, ref=-1) | cbo_4d + periodo",22049,341
19.0,"C(event_time, contr.treatment(base=-1))[-4]:treated_main",-4,-0.12195062536859638,0.06844995678645245,-0.25658934486743873,0.012688094130245964,0.07570654798330967,False,False,-0.08103560861138503,-23_to_-2,national_extended__admissoes,admissoes,ppml,-23_to_41,-1,2022-11,False,"admissoes ~ i(event_time, treated_main, ref=-1) | cbo_4d + periodo",22049,341
20.0,"C(event_time, contr.treatment(base=-1))[-3]:treated_main",-3,-0.09271364106610688,0.060571756305038575,-0.21185621017172263,0.026428928039508873,0.12678788386240614,False,False,-0.08103560861138503,-23_to_-2,national_extended__admissoes,admissoes,ppml,-23_to_41,-1,2022-11,False,"admissoes ~ i(event_time, treated_main, ref=-1) | cbo_4d + periodo",22049,341
21.0,"C(event_time, contr.treatment(base=-1))[-2]:treated_main",-2,-0.07217450945041845,0.03865016168691143,-0.14819805310558265,0.0038490342047457493,0.06270892225516089,False,False,-0.08103560861138503,-23_to_-2,national_extended__admissoes,admissoes,ppml,-23_to_41,-1,2022-11,False,"admissoes ~ i(event_time, treated_main, ref=-1) | cbo_4d + periodo",22049,341
,reference_event_time,-1,0.0,0.0,0.0,0.0,,True,False,-0.08103560861138503,-23_to_-2,national_extended__admissoes,admissoes,ppml,-23_to_41,-1,2022-11,False,"admissoes ~ i(event_time, treated_main, ref=-1) | cbo_4d + periodo",22049,341
22.0,"C(event_time, contr.treatment(base=-1))[0]:treated_main",0,0.017416632858697892,0.04144481757976265,-0.06410390317627528,0.09893716889367106,0.6745780105958832,False,False,-0.08103560861138503,-23_to_-2,national_extended__admissoes,admissoes,ppml,-23_to_41,-1,2022-11,False,"admissoes ~ i(event_time, treated_main, ref=-1) | cbo_4d + periodo",22049,341
23.0,"C(event_time, contr.treatment(base=-1))[1]:treated_main",1,-0.14409620401008894,0.0687570542083479,-0.2793389736148268,-0.00885343440535108,0.036845239166886756,False,False,-0.08103560861138503,-23_to_-2,national_extended__admissoes,admissoes,ppml,-23_to_41,-1,2022-11,False,"admissoes ~ i(event_time, treated_main, ref=-1) | cbo_4d + periodo",22049,341
24.0,"C(event_time, contr.treatment(base=-1))[2]:treated_main",2,-0.1754362980312725,0.07621630608374418,-0.32535116047685586,-0.025521435585689173,0.021949236406927586,False,False,-0.08103560861138503,-23_to_-2,national_extended__admissoes,admissoes,ppml,-23_to_41,-1,2022-11,False,"admissoes ~ i(event_time, treated_main, ref=-1) | cbo_4d + periodo",22049,341
25.0,"C(event_time, contr.treatment(base=-1))[3]:treated_main",3,-0.15579283992331816,0.05963375443555483,-0.27309039149314773,-0.03849528835348859,0.009387323752374943,False,False,-0.08103560861138503,-23_to_-2,national_extended__admissoes,admissoes,ppml,-23_to_41,-1,2022-11,False,"admissoes ~ i(event_time, treated_main, ref=-1) | cbo_4d + periodo",22049,341
26.0,"C(event_time, contr.treatment(base=-1))[4]:treated_main",4,-0.13018077026420768,0.05265176460180376,-0.23374498707528935,-0.02661655345312601,0.013906367405827291,False,False,-0.08103560861138503,-23_to_-2,national_extended__admissoes,admissoes,ppml,-23_to_41,-1,2022-11,False,"admissoes ~ i(event_time, treated_main, ref=-1) | cbo_4d + periodo",22049,341
27.0,"C(event_time, contr.treatment(base=-1))[5]:treated_main",5,-0.18911037444999404,0.05097972609991454,-0.2893857488217817,-0.08883500007820641,0.0002424570356360789,False,False,-0.08103560861138503,-23_to_-2,national_extended__admissoes,admissoes,ppml,-23_to_41,-1,2022-11,False,"admissoes ~ i(event_time, treated_main, ref=-1) | cbo_4d + periodo",22049,341
28.0,"C(event_time, contr.treatment(base=-1))[6]:treated_main",6,-0.15357672283227822,0.05231510374309881,-0.2564787392702782,-0.05067470639427825,0.0035555278709564764,False,False,-0.08103560861138503,-23_to_-2,national_extended__admissoes,admissoes,ppml,-23_to_41,-1,2022-11,False,"admissoes ~ i(event_time, treated_main, ref=-1) | cbo_4d + periodo",22049,341
29.0,"C(event_time, contr.treatment(base=-1))[7]:treated_main",7,-0.14519573768774763,0.05071224764232197,-0.24494499109884363,-0.04544648427665163,0.004455022813522724,False,False,-0.08103560861138503,-23_to_-2,national_extended__admissoes,admissoes,ppml,-23_to_41,-1,2022-11,False,"admissoes ~ i(event_time, treated_main, ref=-1) | cbo_4d + periodo",22049,341
30.0,"C(event_time, contr.treatment(base=-1))[8]:treated_main",8,-0.15181006422307533,0.05394625169069553,-0.2579204927812281,-0.045699635664922605,0.005176130390326605,False,False,-0.08103560861138503,-23_to_-2,national_extended__admissoes,admissoes,ppml,-23_to_41,-1,2022-11,False,"admissoes ~ i(event_time, treated_main, ref=-1) | cbo_4d + periodo",22049,341
31.0,"C(event_time, contr.treatment(base=-1))[9]:treated_main",9,-0.15419108570008405,0.04751046569683964,-0.24764254373639066,-0.060739627663777426,0.0012893919023337919,False,False,-0.08103560861138503,-23_to_-2,national_extended__admissoes,admissoes,ppml,-23_to_41,-1,2022-11,False,"admissoes ~ i(event_time, treated_main, ref=-1) | cbo_4d + periodo",22049,341
32.0,"C(event_time, contr.treatment(base=-1))[10]:treated_main",10,-0.11260153179868085,0.03624859132572046,-0.18390126884537805,-0.041301794751983645,0.0020533878045578824,False,False,-0.08103560861138503,-23_to_-2,national_extended__admissoes,admissoes,ppml,-23_to_41,-1,2022-11,False,"admissoes ~ i(event_time, treated_main, ref=-1) | cbo_4d + periodo",22049,341
33.0,"C(event_time, contr.treatment(base=-1))[11]:treated_main",11,-0.03624912357103342,0.014301307375769628,-0.06437930513185022,-0.008118942010216616,0.011703251102541223,False,False,-0.08103560861138503,-23_to_-2,national_extended__admissoes,admissoes,ppml,-23_to_41,-1,2022-11,False,"admissoes ~ i(event_time, treated_main, ref=-1) | cbo_4d + periodo",22049,341
34.0,"C(event_time, contr.treatment(base=-1))[12]:treated_main",12,0.029978708096637066,0.0388487153928809,-0.04643538389454552,0.10639280008781965,0.4408410203111375,False,False,-0.08103560861138503,-23_to_-2,national_extended__admissoes,admissoes,ppml,-23_to_41,-1,2022-11,False,"admissoes ~ i(event_time, treated_main, ref=-1) | cbo_4d + periodo",22049,341
35.0,"C(event_time, contr.treatment(base=-1))[13]:treated_main",13,-0.1522476765267242,0.06709606586611216,-0.2842233389775626,-0.020272014075885775,0.023888386807903395,False,False,-0.08103560861138503,-23_to_-2,national_extended__admissoes,admissoes,ppml,-23_to_41,-1,2022-11,False,"admissoes ~ i(event_time, treated_main, ref=-1) | cbo_4d + periodo",22049,341
36.0,"C(event_time, contr.treatment(base=-1))[14]:treated_main",14,-0.18414086268055196,0.06416707495909807,-0.3103553003818347,-0.05792642497926928,0.004365545194280118,False,False,-0.08103560861138503,-23_to_-2,national_extended__admissoes,admissoes,ppml,-23_to_41,-1,2022-11,False,"admissoes ~ i(event_time, treated_main, ref=-1) | cbo_4d + periodo",22049,341
37.0,"C(event_time, contr.treatment(base=-1))[15]:treated_main",15,-0.13437431704633565,0.057346377195734204,-0.24717267596450238,-0.021575958128168926,0.01969471014052626,False,False,-0.08103560861138503,-23_to_-2,national_extended__admissoes,admissoes,ppml,-23_to_41,-1,2022-11,False,"admissoes ~ i(event_time, treated_main, ref=-1) | cbo_4d + periodo",22049,341
38.0,"C(event_time, contr.treatment(base=-1))[16]:treated_main",16,-0.15096558404530888,0.05171088521956174,-0.2526791233516094,-0.049252044739008335,0.00374072721609342,False,False,-0.08103560861138503,-23_to_-2,national_extended__admissoes,admissoes,ppml,-23_to_41,-1,2022-11,False,"admissoes ~ i(event_time, treated_main, ref=-1) | cbo_4d + periodo",22049,341
39.0,"C(event_time, contr.treatment(base=-1))[17]:treated_main",17,-0.17464533402559493,0.044048487499038114,-0.26128719957466184,-0.08800346847652799,8.956234096779703e-05,False,False,-0.08103560861138503,-23_to_-2,national_extended__admissoes,admissoes,ppml,-23_to_41,-1,2022-11,False,"admissoes ~ i(event_time, treated_main, ref=-1) | cbo_4d + periodo",22049,341
40.0,"C(event_time, contr.treatment(base=-1))[18]:treated_main",18,-0.1718116446852132,0.04397555445702696,-0.2583100534397613,-0.0853132359306651,0.00011276935119153286,False,False,-0.08103560861138503,-23_to_-2,national_extended__admissoes,admissoes,ppml,-23_to_41,-1,2022-11,False,"admissoes ~ i(event_time, treated_main, ref=-1) | cbo_4d + periodo",22049,341
41.0,"C(event_time, contr.treatment(base=-1))[19]:treated_main",19,-0.14592160899488454,0.05154830950166381,-0.24731536743488491,-0.04452785055488419,0.004919782590194988,False,False,-0.08103560861138503,-23_to_-2,national_extended__admissoes,admissoes,ppml,-23_to_41,-1,2022-11,False,"admissoes ~ i(event_time, treated_main, ref=-1) | cbo_4d + periodo",22049,341
42.0,"C(event_time, contr.treatment(base=-1))[20]:treated_main",20,-0.1432082328154452,0.0529606376751722,-0.24737999237802544,-0.03903647325286498,0.007194474584514499,False,False,-0.08103560861138503,-23_to_-2,national_extended__admissoes,admissoes,ppml,-23_to_41,-1,2022-11,False,"admissoes ~ i(event_time, treated_main, ref=-1) | cbo_4d + periodo",22049,341
43.0,"C(event_time, contr.treatment(base=-1))[21]:treated_main",21,-0.1245661104433928,0.056162054139017634,-0.2350349464909062,-0.014097274395879406,0.0272168688345662,False,False,-0.08103560861138503,-23_to_-2,national_extended__admissoes,admissoes,ppml,-23_to_41,-1,2022-11,False,"admissoes ~ i(event_time, treated_main, ref=-1) | cbo_4d + periodo",22049,341
44.0,"C(event_time, contr.treatment(base=-1))[22]:treated_main",22,-0.13402860120723303,0.03648838823032843,-0.20580001054843478,-0.06225719186603129,0.0002781509439062635,False,False,-0.08103560861138503,-23_to_-2,national_extended__admissoes,admissoes,ppml,-23_to_41,-1,2022-11,False,"admissoes ~ i(event_time, treated_main, ref=-1) | cbo_4d + periodo",22049,341
45.0,"C(event_time, contr.treatment(base=-1))[23]:treated_main",23,-0.03782312950636474,0.02688200380053011,-0.09069910984566462,0.015052850832935151,0.1603391734542403,False,False,-0.08103560861138503,-23_to_-2,national_extended__admissoes,admissoes,ppml,-23_to_41,-1,2022-11,False,"admissoes ~ i(event_time, treated_main, ref=-1) | cbo_4d + periodo",22049,341
46.0,"C(event_time, contr.treatment(base=-1))[24]:treated_main",24,0.02553552722076368,0.05689293942485261,-0.08637093513953714,0.1374419895810645,0.6538368118331248,False,True,-0.08103560861138503,-23_to_-2,national_extended__admissoes,admissoes,ppml,-23_to_41,-1,2022-11,False,"admissoes ~ i(event_time, treated_main, ref=-1) | cbo_4d + periodo",22049,341
47.0,"C(event_time, contr.treatment(base=-1))[25]:treated_main",25,-0.1948264119250944,0.05660478972079743,-0.3061660936912307,-0.08348673015895808,0.0006497659968607294,False,True,-0.08103560861138503,-23_to_-2,national_extended__admissoes,admissoes,ppml,-23_to_41,-1,2022-11,False,"admissoes ~ i(event_time, treated_main, ref=-1) | cbo_4d + periodo",22049,341
48.0,"C(event_time, contr.treatment(base=-1))[26]:treated_main",26,-0.1748442861587941,0.06216517463874608,-0.2971210545268821,-0.05256751779070609,0.005200126662162408,False,True,-0.08103560861138503,-23_to_-2,national_extended__admissoes,admissoes,ppml,-23_to_41,-1,2022-11,False,"admissoes ~ i(event_time, treated_main, ref=-1) | cbo_4d + periodo",22049,341
49.0,"C(event_time, contr.treatment(base=-1))[27]:treated_main",27,-0.1394566768341178,0.048787357036201254,-0.23541973638110406,-0.04349361728713155,0.004519541681750283,False,True,-0.08103560861138503,-23_to_-2,national_extended__admissoes,admissoes,ppml,-23_to_41,-1,2022-11,False,"admissoes ~ i(event_time, treated_main, ref=-1) | cbo_4d + periodo",22049,341
50.0,"C(event_time, contr.treatment(base=-1))[28]:treated_main",28,-0.1370546655207585,0.04654659820720144,-0.22861022923274416,-0.04549910180877287,0.0034578724513367742,False,True,-0.08103560861138503,-23_to_-2,national_extended__admissoes,admissoes,ppml,-23_to_41,-1,2022-11,False,"admissoes ~ i(event_time, treated_main, ref=-1) | cbo_4d + periodo",22049,341
51.0,"C(event_time, contr.treatment(base=-1))[29]:treated_main",29,-0.16997370773500672,0.038581707047597225,-0.24586260346030042,-0.09408481200971301,1.415951369820867e-05,False,True,-0.08103560861138503,-23_to_-2,national_extended__admissoes,admissoes,ppml,-23_to_41,-1,2022-11,False,"admissoes ~ i(event_time, treated_main, ref=-1) | cbo_4d + periodo",22049,341
52.0,"C(event_time, contr.treatment(base=-1))[30]:treated_main",30,-0.12867895652476716,0.04523210990272082,-0.21764896678397835,-0.03970894626555596,0.004712306705908054,False,True,-0.08103560861138503,-23_to_-2,national_extended__admissoes,admissoes,ppml,-23_to_41,-1,2022-11,False,"admissoes ~ i(event_time, treated_main, ref=-1) | cbo_4d + periodo",22049,341
53.0,"C(event_time, contr.treatment(base=-1))[31]:treated_main",31,-0.14362848165075082,0.04688609822302791,-0.2358518302605899,-0.05140513304091174,0.0023634993881029853,False,True,-0.08103560861138503,-23_to_-2,national_extended__admissoes,admissoes,ppml,-23_to_41,-1,2022-11,False,"admissoes ~ i(event_time, treated_main, ref=-1) | cbo_4d + periodo",22049,341
54.0,"C(event_time, contr.treatment(base=-1))[32]:treated_main",32,-0.13247253170464818,0.05073602942572514,-0.23226856306879373,-0.03267650034050261,0.009427208142458898,False,True,-0.08103560861138503,-23_to_-2,national_extended__admissoes,admissoes,ppml,-23_to_41,-1,2022-11,False,"admissoes ~ i(event_time, treated_main, ref=-1) | cbo_4d + periodo",22049,341
55.0,"C(event_time, contr.treatment(base=-1))[33]:treated_main",33,-0.15039752380427568,0.04932944870602931,-0.24742685909054896,-0.053368188518002416,0.0024774486477190383,False,True,-0.08103560861138503,-23_to_-2,national_extended__admissoes,admissoes,ppml,-23_to_41,-1,2022-11,False,"admissoes ~ i(event_time, treated_main, ref=-1) | cbo_4d + periodo",22049,341
56.0,"C(event_time, contr.treatment(base=-1))[34]:treated_main",34,-0.13701503912303137,0.028559828058727373,-0.19319124228602902,-0.08083883596003373,2.409012291204604e-06,False,True,-0.08103560861138503,-23_to_-2,national_extended__admissoes,admissoes,ppml,-23_to_41,-1,2022-11,False,"admissoes ~ i(event_time, treated_main, ref=-1) | cbo_4d + periodo",22049,341
57.0,"C(event_time, contr.treatment(base=-1))[35]:treated_main",35,-0.042760235659090234,0.024054183911540298,-0.09007399117457107,0.00455351985639061,0.07635296313930762,False,True,-0.08103560861138503,-23_to_-2,national_extended__admissoes,admissoes,ppml,-23_to_41,-1,2022-11,False,"admissoes ~ i(event_time, treated_main, ref=-1) | cbo_4d + periodo",22049,341
58.0,"C(event_time, contr.treatment(base=-1))[36]:treated_main",36,0.039997658637613884,0.0636197702206284,-0.08514024939699429,0.16513556667222207,0.5299685419315956,False,True,-0.08103560861138503,-23_to_-2,national_extended__admissoes,admissoes,ppml,-23_to_41,-1,2022-11,False,"admissoes ~ i(event_time, treated_main, ref=-1) | cbo_4d + periodo",22049,341
59.0,"C(event_time, contr.treatment(base=-1))[37]:treated_main",37,-0.1844496530506228,0.050104395562667194,-0.283003282249643,-0.08589602385160264,0.00026976775456311053,False,True,-0.08103560861138503,-23_to_-2,national_extended__admissoes,admissoes,ppml,-23_to_41,-1,2022-11,False,"admissoes ~ i(event_time, treated_main, ref=-1) | cbo_4d + periodo",22049,341
60.0,"C(event_time, contr.treatment(base=-1))[38]:treated_main",38,-0.1916529958942195,0.06129897425010475,-0.3122259777789952,-0.07108001400944378,0.0019213798809858407,False,True,-0.08103560861138503,-23_to_-2,national_extended__admissoes,admissoes,ppml,-23_to_41,-1,2022-11,False,"admissoes ~ i(event_time, treated_main, ref=-1) | cbo_4d + periodo",22049,341
61.0,"C(event_time, contr.treatment(base=-1))[39]:treated_main",39,-0.13417073727157722,0.05643047453068037,-0.24516754703182203,-0.023173927511332404,0.017976783132855,False,True,-0.08103560861138503,-23_to_-2,national_extended__admissoes,admissoes,ppml,-23_to_41,-1,2022-11,False,"admissoes ~ i(event_time, treated_main, ref=-1) | cbo_4d + periodo",22049,341
62.0,"C(event_time, contr.treatment(base=-1))[40]:treated_main",40,-0.13526223927682823,0.043983285043614186,-0.22177585383029783,-0.04874862472335864,0.0022732159405065566,False,True,-0.08103560861138503,-23_to_-2,national_extended__admissoes,admissoes,ppml,-23_to_41,-1,2022-11,False,"admissoes ~ i(event_time, treated_main, ref=-1) | cbo_4d + periodo",22049,341
63.0,"C(event_time, contr.treatment(base=-1))[41]:treated_main",41,-0.17079439636074617,0.04412548803703897,-0.25758771932956726,-0.08400107339192511,0.00013013851155019296,False,True,-0.08103560861138503,-23_to_-2,national_extended__admissoes,admissoes,ppml,-23_to_41,-1,2022-11,False,"admissoes ~ i(event_time, treated_main, ref=-1) | cbo_4d + periodo",22049,341
0.0,"C(event_time, contr.treatment(base=-1))[-23]:treated_main",-23,0.12402819477538186,0.04478742775600343,0.035932859061325026,0.21212353048943872,0.005926585248338778,False,False,0.0657974065988171,-23_to_-2,national_extended__desligamentos,desligamentos,ppml,-23_to_41,-1,2022-11,False,"desligamentos ~ i(event_time, treated_main, ref=-1) | cbo_4d + periodo",22049,341
1.0,"C(event_time, contr.treatment(base=-1))[-22]:treated_main",-22,0.08058453690229775,0.041169466997669844,-0.00039439397283734523,0.16156346777743286,0.05111992135614818,False,False,0.0657974065988171,-23_to_-2,national_extended__desligamentos,desligamentos,ppml,-23_to_41,-1,2022-11,False,"desligamentos ~ i(event_time, treated_main, ref=-1) | cbo_4d + periodo",22049,341
2.0,"C(event_time, contr.treatment(base=-1))[-21]:treated_main",-21,0.005126982123529136,0.0391700812143578,-0.07191922542660595,0.08217318967366422,0.8959395307513345,False,False,0.0657974065988171,-23_to_-2,national_extended__desligamentos,desligamentos,ppml,-23_to_41,-1,2022-11,False,"desligamentos ~ i(event_time, treated_main, ref=-1) | cbo_4d + periodo",22049,341
3.0,"C(event_time, contr.treatment(base=-1))[-20]:treated_main",-20,0.004918331146433886,0.04383676008903259,-0.08130707384218472,0.0911437361350525,0.910733811731602,False,False,0.0657974065988171,-23_to_-2,national_extended__desligamentos,desligamentos,ppml,-23_to_41,-1,2022-11,False,"desligamentos ~ i(event_time, treated_main, ref=-1) | cbo_4d + periodo",22049,341
4.0,"C(event_time, contr.treatment(base=-1))[-19]:treated_main",-19,0.02135693725887202,0.04298021804830715,-0.06318367888583276,0.10589755340357682,0.6195796129071842,False,False,0.0657974065988171,-23_to_-2,national_extended__desligamentos,desligamentos,ppml,-23_to_41,-1,2022-11,False,"desligamentos ~ i(event_time, treated_main, ref=-1) | cbo_4d + periodo",22049,341
5.0,"C(event_time, contr.treatment(base=-1))[-18]:treated_main",-18,0.06978703298694174,0.043074503225509146,-0.01493903887055191,0.15451310484443537,0.10612774845485684,False,False,0.0657974065988171,-23_to_-2,national_extended__desligamentos,desligamentos,ppml,-23_to_41,-1,2022-11,False,"desligamentos ~ i(event_time, treated_main, ref=-1) | cbo_4d + periodo",22049,341
6.0,"C(event_time, contr.treatment(base=-1))[-17]:treated_main",-17,0.06956122286987954,0.03785602964096082,-0.004900290262557616,0.1440227360023167,0.06700559826340036,False,False,0.0657974065988171,-23_to_-2,national_extended__desligamentos,desligamentos,ppml,-23_to_41,-1,2022-11,False,"desligamentos ~ i(event_time, treated_main, ref=-1) | cbo_4d + periodo",22049,341
7.0,"C(event_time, contr.treatment(base=-1))[-16]:treated_main",-16,0.05286148697470451,0.03736048694273212,-0.02062531065053866,0.12634828459994768,0.15801195696365644,False,False,0.0657974065988171,-23_to_-2,national_extended__desligamentos,desligamentos,ppml,-23_to_41,-1,2022-11,False,"desligamentos ~ i(event_time, treated_main, ref=-1) | cbo_4d + periodo",22049,341
8.0,"C(event_time, contr.treatment(base=-1))[-15]:treated_main",-15,0.07018373174628163,0.03941396708520102,-0.007342190954830588,0.14770965444739387,0.0758572525089698,False,False,0.0657974065988171,-23_to_-2,national_extended__desligamentos,desligamentos,ppml,-23_to_41,-1,2022-11,False,"desligamentos ~ i(event_time, treated_main, ref=-1) | cbo_4d + periodo",22049,341
9.0,"C(event_time, contr.treatment(base=-1))[-14]:treated_main",-14,0.04739708628389349,0.03317333502884214,-0.017853727003301838,0.11264789957108881,0.1539882073015575,False,False,0.0657974065988171,-23_to_-2,national_extended__desligamentos,desligamentos,ppml,-23_to_41,-1,2022-11,False,"desligamentos ~ i(event_time, treated_main, ref=-1) | cbo_4d + periodo",22049,341
10.0,"C(event_time, contr.treatment(base=-1))[-13]:treated_main",-13,0.006829520291514906,0.02883465987338925,-0.0498872676335602,0.06354630821659002,0.8129149607966197,False,False,0.0657974065988171,-23_to_-2,national_extended__desligamentos,desligamentos,ppml,-23_to_41,-1,2022-11,False,"desligamentos ~ i(event_time, treated_main, ref=-1) | cbo_4d + periodo",22049,341
11.0,"C(event_time, contr.treatment(base=-1))[-12]:treated_main",-12,0.04034384706738431,0.03583246996498109,-0.030137393521515954,0.11082508765628457,0.2610011248193822,False,False,0.0657974065988171,-23_to_-2,national_extended__desligamentos,desligamentos,ppml,-23_to_41,-1,2022-11,False,"desligamentos ~ i(event_time, treated_main, ref=-1) | cbo_4d + periodo",22049,341
12.0,"C(event_time, contr.treatment(base=-1))[-11]:treated_main",-11,0.15386801724367188,0.03928662579229843,0.07659257050223368,0.2311434639851101,0.0001085739252866258,False,False,0.0657974065988171,-23_to_-2,national_extended__desligamentos,desligamentos,ppml,-23_to_41,-1,2022-11,False,"desligamentos ~ i(event_time, treated_main, ref=-1) | cbo_4d + periodo",22049,341
13.0,"C(event_time, contr.treatment(base=-1))[-10]:treated_main",-10,0.11119638193469623,0.027426081313115417,0.057250219771452525,0.16514254409793994,6.235749392091705e-05,False,False,0.0657974065988171,-23_to_-2,national_extended__desligamentos,desligamentos,ppml,-23_to_41,-1,2022-11,False,"desligamentos ~ i(event_time, treated_main, ref=-1) | cbo_4d + periodo",22049,341
14.0,"C(event_time, contr.treatment(base=-1))[-9]:treated_main",-9,0.06020447925624002,0.034470596051317186,-0.00759800201033331,0.12800696052281335,0.08161918229144516,False,False,0.0657974065988171,-23_to_-2,national_extended__desligamentos,desligamentos,ppml,-23_to_41,-1,2022-11,False,"desligamentos ~ i(event_time, treated_main, ref=-1) | cbo_4d + periodo",22049,341
15.0,"C(event_time, contr.treatment(base=-1))[-8]:treated_main",-8,0.08126642192299359,0.03426799616159395,0.013862447697236116,0.14867039614875105,0.01827283306936822,False,False,0.0657974065988171,-23_to_-2,national_extended__desligamentos,desligamentos,ppml,-23_to_41,-1,2022-11,False,"desligamentos ~ i(event_time, treated_main, ref=-1) | cbo_4d + periodo",22049,341
16.0,"C(event_time, contr.treatment(base=-1))[-7]:treated_main",-7,0.08845434435362713,0.026751863994915987,0.03583434455261125,0.141074344154643,0.0010456673932408567,False,False,0.0657974065988171,-23_to_-2,national_extended__desligamentos,desligamentos,ppml,-23_to_41,-1,2022-11,False,"desligamentos ~ i(event_time, treated_main, ref=-1) | cbo_4d + periodo",22049,341
17.0,"C(event_time, contr.treatment(base=-1))[-6]:treated_main",-6,0.08118039646043043,0.025261499174367538,0.03149189319272544,0.13086889972813542,0.0014363062032602958,False,False,0.0657974065988171,-23_to_-2,national_extended__desligamentos,desligamentos,ppml,-23_to_41,-1,2022-11,False,"desligamentos ~ i(event_time, treated_main, ref=-1) | cbo_4d + periodo",22049,341
18.0,"C(event_time, contr.treatment(base=-1))[-5]:treated_main",-5,0.08840993492282043,0.025661073545638242,0.037935482558605696,0.13888438728703517,0.0006418704407475939,False,False,0.0657974065988171,-23_to_-2,national_extended__desligamentos,desligamentos,ppml,-23_to_41,-1,2022-11,False,"desligamentos ~ i(event_time, treated_main, ref=-1) | cbo_4d + periodo",22049,341
19.0,"C(event_time, contr.treatment(base=-1))[-4]:treated_main",-4,0.07019397912671374,0.025921541445518143,0.019207195328605056,0.12118076292482242,0.007112488240673898,False,False,0.0657974065988171,-23_to_-2,national_extended__desligamentos,desligamentos,ppml,-23_to_41,-1,2022-11,False,"desligamentos ~ i(event_time, treated_main, ref=-1) | cbo_4d + periodo",22049,341
20.0,"C(event_time, contr.treatment(base=-1))[-3]:treated_main",-3,0.07018848046576125,0.022487771141589855,0.025955805194212762,0.11442115573730974,0.0019555916729572242,False,False,0.0657974065988171,-23_to_-2,national_extended__desligamentos,desligamentos,ppml,-23_to_41,-1,2022-11,False,"desligamentos ~ i(event_time, treated_main, ref=-1) | cbo_4d + periodo",22049,341
21.0,"C(event_time, contr.treatment(base=-1))[-2]:treated_main",-2,0.04960159905990658,0.01478664422838455,0.020516776540505495,0.07868642157930766,0.0008848849749132359,False,False,0.0657974065988171,-23_to_-2,national_extended__desligamentos,desligamentos,ppml,-23_to_41,-1,2022-11,False,"desligamentos ~ i(event_time, treated_main, ref=-1) | cbo_4d + periodo",22049,341
,reference_event_time,-1,0.0,0.0,0.0,0.0,,True,False,0.0657974065988171,-23_to_-2,national_extended__desligamentos,desligamentos,ppml,-23_to_41,-1,2022-11,False,"desligamentos ~ i(event_time, treated_main, ref=-1) | cbo_4d + periodo",22049,341
22.0,"C(event_time, contr.treatment(base=-1))[0]:treated_main",0,-0.03306696730823837,0.03220159556984124,-0.0964064023771165,0.03027246776063977,0.305209993630285,False,False,0.0657974065988171,-23_to_-2,national_extended__desligamentos,desligamentos,ppml,-23_to_41,-1,2022-11,False,"desligamentos ~ i(event_time, treated_main, ref=-1) | cbo_4d + periodo",22049,341
23.0,"C(event_time, contr.treatment(base=-1))[1]:treated_main",1,0.09942926476729604,0.031824382643453386,0.03683179459907836,0.16202673493551373,0.0019355094411217522,False,False,0.0657974065988171,-23_to_-2,national_extended__desligamentos,desligamentos,ppml,-23_to_41,-1,2022-11,False,"desligamentos ~ i(event_time, treated_main, ref=-1) | cbo_4d + periodo",22049,341
24.0,"C(event_time, contr.treatment(base=-1))[2]:treated_main",2,0.07288155775752425,0.025409343507799526,0.02290224975197927,0.12286086576306923,0.004384606419188142,False,False,0.0657974065988171,-23_to_-2,national_extended__desligamentos,desligamentos,ppml,-23_to_41,-1,2022-11,False,"desligamentos ~ i(event_time, treated_main, ref=-1) | cbo_4d + periodo",22049,341
25.0,"C(event_time, contr.treatment(base=-1))[3]:treated_main",3,0.02630659350321504,0.034252288150800725,-0.04106648360356145,0.09367967060999154,0.4430057560148224,False,False,0.0657974065988171,-23_to_-2,national_extended__desligamentos,desligamentos,ppml,-23_to_41,-1,2022-11,False,"desligamentos ~ i(event_time, treated_main, ref=-1) | cbo_4d + periodo",22049,341
26.0,"C(event_time, contr.treatment(base=-1))[4]:treated_main",4,0.015817056270601853,0.03816442887119453,-0.05925106758012452,0.09088518012132824,0.6788095993230143,False,False,0.0657974065988171,-23_to_-2,national_extended__desligamentos,desligamentos,ppml,-23_to_41,-1,2022-11,False,"desligamentos ~ i(event_time, treated_main, ref=-1) | cbo_4d + periodo",22049,341
27.0,"C(event_time, contr.treatment(base=-1))[5]:treated_main",5,0.0019479828718962989,0.03598600575160251,-0.06883525734824475,0.07273122309203733,0.9568620465640301,False,False,0.0657974065988171,-23_to_-2,national_extended__desligamentos,desligamentos,ppml,-23_to_41,-1,2022-11,False,"desligamentos ~ i(event_time, treated_main, ref=-1) | cbo_4d + periodo",22049,341
28.0,"C(event_time, contr.treatment(base=-1))[6]:treated_main",6,0.03386011496810998,0.032188661651616296,-0.029453879526812166,0.09717410946303212,0.29358018858381696,False,False,0.0657974065988171,-23_to_-2,national_extended__desligamentos,desligamentos,ppml,-23_to_41,-1,2022-11,False,"desligamentos ~ i(event_time, treated_main, ref=-1) | cbo_4d + periodo",22049,341
29.0,"C(event_time, contr.treatment(base=-1))[7]:treated_main",7,0.047520611919442575,0.029414134054413166,-0.010335981863496019,0.10537720570238117,0.10711468242268207,False,False,0.0657974065988171,-23_to_-2,national_extended__desligamentos,desligamentos,ppml,-23_to_41,-1,2022-11,False,"desligamentos ~ i(event_time, treated_main, ref=-1) | cbo_4d + periodo",22049,341
30.0,"C(event_time, contr.treatment(base=-1))[8]:treated_main",8,0.03366481972433065,0.029979388971511204,-0.025303611111565247,0.09263325056022655,0.2622586187175795,False,False,0.0657974065988171,-23_to_-2,national_extended__desligamentos,desligamentos,ppml,-23_to_41,-1,2022-11,False,"desligamentos ~ i(event_time, treated_main, ref=-1) | cbo_4d + periodo",22049,341
31.0,"C(event_time, contr.treatment(base=-1))[9]:treated_main",9,0.02929772685445585,0.03461591595493071,-0.03879059368300644,0.09738604739191814,0.3979440111358252,False,False,0.0657974065988171,-23_to_-2,national_extended__desligamentos,desligamentos,ppml,-23_to_41,-1,2022-11,False,"desligamentos ~ i(event_time, treated_main, ref=-1) | cbo_4d + periodo",22049,341
32.0,"C(event_time, contr.treatment(base=-1))[10]:treated_main",10,0.017109753814141915,0.03465109669609686,-0.05104776603569407,0.08526727366397789,0.6217857727951401,False,False,0.0657974065988171,-23_to_-2,national_extended__desligamentos,desligamentos,ppml,-23_to_41,-1,2022-11,False,"desligamentos ~ i(event_time, treated_main, ref=-1) | cbo_4d + periodo",22049,341
33.0,"C(event_time, contr.treatment(base=-1))[11]:treated_main",11,-0.042470512141389714,0.035554572549462586,-0.11240513803637311,0.027464113753593693,0.23310875142270548,False,False,0.0657974065988171,-23_to_-2,national_extended__desligamentos,desligamentos,ppml,-23_to_41,-1,2022-11,False,"desligamentos ~ i(event_time, treated_main, ref=-1) | cbo_4d + periodo",22049,341
34.0,"C(event_time, contr.treatment(base=-1))[12]:treated_main",12,-0.05928914851116625,0.044882902666246415,-0.14757228010213627,0.028993983079803776,0.18739837896195355,False,False,0.0657974065988171,-23_to_-2,national_extended__desligamentos,desligamentos,ppml,-23_to_41,-1,2022-11,False,"desligamentos ~ i(event_time, treated_main, ref=-1) | cbo_4d + periodo",22049,341
35.0,"C(event_time, contr.treatment(base=-1))[13]:treated_main",13,0.08939992144515872,0.043249135105523716,0.004330354663596825,0.17446948822672062,0.039481985409872467,False,False,0.0657974065988171,-23_to_-2,national_extended__desligamentos,desligamentos,ppml,-23_to_41,-1,2022-11,False,"desligamentos ~ i(event_time, treated_main, ref=-1) | cbo_4d + periodo",22049,341
36.0,"C(event_time, contr.treatment(base=-1))[14]:treated_main",14,0.04202595240551809,0.03831793629747882,-0.03334411529263772,0.11739602010367389,0.27351825887230197,False,False,0.0657974065988171,-23_to_-2,national_extended__desligamentos,desligamentos,ppml,-23_to_41,-1,2022-11,False,"desligamentos ~ i(event_time, treated_main, ref=-1) | cbo_4d + periodo",22049,341
37.0,"C(event_time, contr.treatment(base=-1))[15]:treated_main",15,0.0069026306527552594,0.03709614424293257,-0.06606421393992555,0.07986947524543607,0.8524976387350696,False,False,0.0657974065988171,-23_to_-2,national_extended__desligamentos,desligamentos,ppml,-23_to_41,-1,2022-11,False,"desligamentos ~ i(event_time, treated_main, ref=-1) | cbo_4d + periodo",22049,341
38.0,"C(event_time, contr.treatment(base=-1))[16]:treated_main",16,0.004658948532419219,0.03623122917180813,-0.06660663775246245,0.07592453481730088,0.8977586588056896,False,False,0.0657974065988171,-23_to_-2,national_extended__desligamentos,desligamentos,ppml,-23_to_41,-1,2022-11,False,"desligamentos ~ i(event_time, treated_main, ref=-1) | cbo_4d + periodo",22049,341
39.0,"C(event_time, contr.treatment(base=-1))[17]:treated_main",17,0.005573567346047474,0.03715549718220707,-0.06751002244440377,0.0786571571364987,0.8808484063226774,False,False,0.0657974065988171,-23_to_-2,national_extended__desligamentos,desligamentos,ppml,-23_to_41,-1,2022-11,False,"desligamentos ~ i(event_time, treated_main, ref=-1) | cbo_4d + periodo",22049,341
40.0,"C(event_time, contr.treatment(base=-1))[18]:treated_main",18,0.025408316425308962,0.03793100499875242,-0.049200670666805356,0.10001730351742327,0.5034041709265795,False,False,0.0657974065988171,-23_to_-2,national_extended__desligamentos,desligamentos,ppml,-23_to_41,-1,2022-11,False,"desligamentos ~ i(event_time, treated_main, ref=-1) | cbo_4d + periodo",22049,341
41.0,"C(event_time, contr.treatment(base=-1))[19]:treated_main",19,0.03661228956437955,0.034957854555868445,-0.032148612484289685,0.10537319161304878,0.295692939564681,False,False,0.0657974065988171,-23_to_-2,national_extended__desligamentos,desligamentos,ppml,-23_to_41,-1,2022-11,False,"desligamentos ~ i(event_time, treated_main, ref=-1) | cbo_4d + periodo",22049,341
42.0,"C(event_time, contr.treatment(base=-1))[20]:treated_main",20,0.018237261665480883,0.03797341503842475,-0.05645514452145027,0.09292966785241204,0.6313485732956163,False,False,0.0657974065988171,-23_to_-2,national_extended__desligamentos,desligamentos,ppml,-23_to_41,-1,2022-11,False,"desligamentos ~ i(event_time, treated_main, ref=-1) | cbo_4d + periodo",22049,341
43.0,"C(event_time, contr.treatment(base=-1))[21]:treated_main",21,0.0244144960898877,0.042845585533941716,-0.059861302512366,0.1086902946921414,0.5691725401045105,False,False,0.0657974065988171,-23_to_-2,national_extended__desligamentos,desligamentos,ppml,-23_to_41,-1,2022-11,False,"desligamentos ~ i(event_time, treated_main, ref=-1) | cbo_4d + periodo",22049,341
44.0,"C(event_time, contr.treatment(base=-1))[22]:treated_main",22,0.025363224943149777,0.034385311420975194,-0.04227150437789639,0.09299795426419594,0.4612553590048085,False,False,0.0657974065988171,-23_to_-2,national_extended__desligamentos,desligamentos,ppml,-23_to_41,-1,2022-11,False,"desligamentos ~ i(event_time, treated_main, ref=-1) | cbo_4d + periodo",22049,341
45.0,"C(event_time, contr.treatment(base=-1))[23]:treated_main",23,-0.04343830354665444,0.04248554445590318,-0.1270059136855418,0.040129306592232905,0.30730647318339566,False,False,0.0657974065988171,-23_to_-2,national_extended__desligamentos,desligamentos,ppml,-23_to_41,-1,2022-11,False,"desligamentos ~ i(event_time, treated_main, ref=-1) | cbo_4d + periodo",22049,341
46.0,"C(event_time, contr.treatment(base=-1))[24]:treated_main",24,-0.0725978440552095,0.0489416789152499,-0.1688644494503047,0.023668761339885713,0.1389066918420303,False,True,0.0657974065988171,-23_to_-2,national_extended__desligamentos,desligamentos,ppml,-23_to_41,-1,2022-11,False,"desligamentos ~ i(event_time, treated_main, ref=-1) | cbo_4d + periodo",22049,341
47.0,"C(event_time, contr.treatment(base=-1))[25]:treated_main",25,0.09748763593987197,0.05138828400891255,-0.003591357839305906,0.19856662971904987,0.058664676860499254,False,True,0.0657974065988171,-23_to_-2,national_extended__desligamentos,desligamentos,ppml,-23_to_41,-1,2022-11,False,"desligamentos ~ i(event_time, treated_main, ref=-1) | cbo_4d + periodo",22049,341
48.0,"C(event_time, contr.treatment(base=-1))[26]:treated_main",26,0.056477966833685465,0.04048178455887677,-0.02314831624840872,0.13610424991577966,0.16388269879905915,False,True,0.0657974065988171,-23_to_-2,national_extended__desligamentos,desligamentos,ppml,-23_to_41,-1,2022-11,False,"desligamentos ~ i(event_time, treated_main, ref=-1) | cbo_4d + periodo",22049,341
49.0,"C(event_time, contr.treatment(base=-1))[27]:treated_main",27,0.010227012202357581,0.04559769643909118,-0.07946209424673847,0.09991611865145364,0.8226680003352529,False,True,0.0657974065988171,-23_to_-2,national_extended__desligamentos,desligamentos,ppml,-23_to_41,-1,2022-11,False,"desligamentos ~ i(event_time, treated_main, ref=-1) | cbo_4d + periodo",22049,341
50.0,"C(event_time, contr.treatment(base=-1))[28]:treated_main",28,0.022058838277211345,0.04380149482149747,-0.0640972011385622,0.10821487769298489,0.6148621149915958,False,True,0.0657974065988171,-23_to_-2,national_extended__desligamentos,desligamentos,ppml,-23_to_41,-1,2022-11,False,"desligamentos ~ i(event_time, treated_main, ref=-1) | cbo_4d + periodo",22049,341
51.0,"C(event_time, contr.treatment(base=-1))[29]:treated_main",29,0.009857088223514924,0.04372331126832583,-0.07614516682220064,0.0958593432692305,0.8217705755122862,False,True,0.0657974065988171,-23_to_-2,national_extended__desligamentos,desligamentos,ppml,-23_to_41,-1,2022-11,False,"desligamentos ~ i(event_time, treated_main, ref=-1) | cbo_4d + periodo",22049,341
52.0,"C(event_time, contr.treatment(base=-1))[30]:treated_main",30,0.03999393994725332,0.041882228193598534,-0.04238696777686198,0.12237484767136861,0.3402994504131094,False,True,0.0657974065988171,-23_to_-2,national_extended__desligamentos,desligamentos,ppml,-23_to_41,-1,2022-11,False,"desligamentos ~ i(event_time, treated_main, ref=-1) | cbo_4d + periodo",22049,341
53.0,"C(event_time, contr.treatment(base=-1))[31]:treated_main",31,0.035835084143163304,0.04591040057123483,-0.05446910061876743,0.12613926890509403,0.4356138615341023,False,True,0.0657974065988171,-23_to_-2,national_extended__desligamentos,desligamentos,ppml,-23_to_41,-1,2022-11,False,"desligamentos ~ i(event_time, treated_main, ref=-1) | cbo_4d + periodo",22049,341
54.0,"C(event_time, contr.treatment(base=-1))[32]:treated_main",32,0.026259399296439907,0.046782511302392395,-0.0657601973900093,0.1182789959828891,0.5749573315777365,False,True,0.0657974065988171,-23_to_-2,national_extended__desligamentos,desligamentos,ppml,-23_to_41,-1,2022-11,False,"desligamentos ~ i(event_time, treated_main, ref=-1) | cbo_4d + periodo",22049,341
55.0,"C(event_time, contr.treatment(base=-1))[33]:treated_main",33,0.01546470712889518,0.051663919713855276,-0.08615645263699657,0.11708586689478694,0.7648690019629738,False,True,0.0657974065988171,-23_to_-2,national_extended__desligamentos,desligamentos,ppml,-23_to_41,-1,2022-11,False,"desligamentos ~ i(event_time, treated_main, ref=-1) | cbo_4d + periodo",22049,341
56.0,"C(event_time, contr.treatment(base=-1))[34]:treated_main",34,-0.001865783419423654,0.050110277735717884,-0.10043098265127652,0.0966994158124292,0.97032064112733,False,True,0.0657974065988171,-23_to_-2,national_extended__desligamentos,desligamentos,ppml,-23_to_41,-1,2022-11,False,"desligamentos ~ i(event_time, treated_main, ref=-1) | cbo_4d + periodo",22049,341
57.0,"C(event_time, contr.treatment(base=-1))[35]:treated_main",35,-0.028913825430954092,0.050752001150099944,-0.12874127262965923,0.07091362176775104,0.5692519206027784,False,True,0.0657974065988171,-23_to_-2,national_extended__desligamentos,desligamentos,ppml,-23_to_41,-1,2022-11,False,"desligamentos ~ i(event_time, treated_main, ref=-1) | cbo_4d + periodo",22049,341
58.0,"C(event_time, contr.treatment(base=-1))[36]:treated_main",36,-0.04505361971344578,0.053719146052445196,-0.15071733926314163,0.060610099836250084,0.4022334880412828,False,True,0.0657974065988171,-23_to_-2,national_extended__desligamentos,desligamentos,ppml,-23_to_41,-1,2022-11,False,"desligamentos ~ i(event_time, treated_main, ref=-1) | cbo_4d + periodo",22049,341
59.0,"C(event_time, contr.treatment(base=-1))[37]:treated_main",37,0.09692881647011511,0.0614786423026241,-0.023997566317476723,0.21785519925770697,0.11581159024294463,False,True,0.0657974065988171,-23_to_-2,national_extended__desligamentos,desligamentos,ppml,-23_to_41,-1,2022-11,False,"desligamentos ~ i(event_time, treated_main, ref=-1) | cbo_4d + periodo",22049,341
60.0,"C(event_time, contr.treatment(base=-1))[38]:treated_main",38,0.06591757589375814,0.04762752181047993,-0.0277641275070446,0.1595992792945609,0.1672592882638242,False,True,0.0657974065988171,-23_to_-2,national_extended__desligamentos,desligamentos,ppml,-23_to_41,-1,2022-11,False,"desligamentos ~ i(event_time, treated_main, ref=-1) | cbo_4d + periodo",22049,341
61.0,"C(event_time, contr.treatment(base=-1))[39]:treated_main",39,0.026838738185749857,0.04929821392091701,-0.07012915934849587,0.12380663571999559,0.5865120758549742,False,True,0.0657974065988171,-23_to_-2,national_extended__desligamentos,desligamentos,ppml,-23_to_41,-1,2022-11,False,"desligamentos ~ i(event_time, treated_main, ref=-1) | cbo_4d + periodo",22049,341
62.0,"C(event_time, contr.treatment(base=-1))[40]:treated_main",40,0.03044479978733243,0.050905798963520155,-0.06968516244034811,0.13057476201501297,0.5501970405018641,False,True,0.0657974065988171,-23_to_-2,national_extended__desligamentos,desligamentos,ppml,-23_to_41,-1,2022-11,False,"desligamentos ~ i(event_time, treated_main, ref=-1) | cbo_4d + periodo",22049,341
63.0,"C(event_time, contr.treatment(base=-1))[41]:treated_main",41,0.02453635987610268,0.045989359827423096,-0.06592313503713955,0.11499585478934492,0.5940205117323045,False,True,0.0657974065988171,-23_to_-2,national_extended__desligamentos,desligamentos,ppml,-23_to_41,-1,2022-11,False,"desligamentos ~ i(event_time, treated_main, ref=-1) | cbo_4d + periodo",22049,341
0.0,"C(event_time, contr.treatment(base=-1))[-23]:treated_main",-23,0.0013542368466573902,0.016527641489098268,-0.031155067627710836,0.03386354132102562,0.9347444728390029,False,False,0.037109344492444594,-23_to_-2,national_extended__ln_salario_real_adm,ln_salario_real_adm,ols,-23_to_41,-1,2022-11,False,"ln_salario_real_adm ~ i(event_time, treated_main, ref=-1) | cbo_4d + periodo",22012,341
1.0,"C(event_time, contr.treatment(base=-1))[-22]:treated_main",-22,0.019436297787560574,0.026911252978861926,-0.03349721468326827,0.07236981025838941,0.4706453336396921,False,False,0.037109344492444594,-23_to_-2,national_extended__ln_salario_real_adm,ln_salario_real_adm,ols,-23_to_41,-1,2022-11,False,"ln_salario_real_adm ~ i(event_time, treated_main, ref=-1) | cbo_4d + periodo",22012,341
2.0,"C(event_time, contr.treatment(base=-1))[-21]:treated_main",-21,0.06382614774581429,0.027679444387749802,0.009381629096481242,0.11827066639514733,0.02171718232223796,False,False,0.037109344492444594,-23_to_-2,national_extended__ln_salario_real_adm,ln_salario_real_adm,ols,-23_to_41,-1,2022-11,False,"ln_salario_real_adm ~ i(event_time, treated_main, ref=-1) | cbo_4d + periodo",22012,341
3.0,"C(event_time, contr.treatment(base=-1))[-20]:treated_main",-20,0.06114333011492189,0.03016632569240745,0.0018072011545800654,0.12047945907526371,0.043455334406956814,False,False,0.037109344492444594,-23_to_-2,national_extended__ln_salario_real_adm,ln_salario_real_adm,ols,-23_to_41,-1,2022-11,False,"ln_salario_real_adm ~ i(event_time, treated_main, ref=-1) | cbo_4d + periodo",22012,341
4.0,"C(event_time, contr.treatment(base=-1))[-19]:treated_main",-19,0.07972559044741631,0.028294579038553563,0.024071123018101312,0.1353800578767313,0.005119784680300832,False,False,0.037109344492444594,-23_to_-2,national_extended__ln_salario_real_adm,ln_salario_real_adm,ols,-23_to_41,-1,2022-11,False,"ln_salario_real_adm ~ i(event_time, treated_main, ref=-1) | cbo_4d + periodo",22012,341
5.0,"C(event_time, contr.treatment(base=-1))[-18]:treated_main",-18,0.05251393547790423,0.01851733063213096,0.01609098063770128,0.08893689031810717,0.004842820421012917,False,False,0.037109344492444594,-23_to_-2,national_extended__ln_salario_real_adm,ln_salario_real_adm,ols,-23_to_41,-1,2022-11,False,"ln_salario_real_adm ~ i(event_time, treated_main, ref=-1) | cbo_4d + periodo",22012,341
6.0,"C(event_time, contr.treatment(base=-1))[-17]:treated_main",-17,0.029451112093966864,0.017271853001292282,-0.00452203092380174,0.06342425511173547,0.08907972256972085,False,False,0.037109344492444594,-23_to_-2,national_extended__ln_salario_real_adm,ln_salario_real_adm,ols,-23_to_41,-1,2022-11,False,"ln_salario_real_adm ~ i(event_time, treated_main, ref=-1) | cbo_4d + periodo",22012,341
7.0,"C(event_time, contr.treatment(base=-1))[-16]:treated_main",-16,0.0654149816650124,0.0410319913714847,-0.015293539364144043,0.14612350269416885,0.1118106572830353,False,False,0.037109344492444594,-23_to_-2,national_extended__ln_salario_real_adm,ln_salario_real_adm,ols,-23_to_41,-1,2022-11,False,"ln_salario_real_adm ~ i(event_time, treated_main, ref=-1) | cbo_4d + periodo",22012,341
8.0,"C(event_time, contr.treatment(base=-1))[-15]:treated_main",-15,0.05770828639469094,0.018903614353702664,0.020525524710519973,0.0948910480788619,0.002446128713676554,False,False,0.037109344492444594,-23_to_-2,national_extended__ln_salario_real_adm,ln_salario_real_adm,ols,-23_to_41,-1,2022-11,False,"ln_salario_real_adm ~ i(event_time, treated_main, ref=-1) | cbo_4d + periodo",22012,341
9.0,"C(event_time, contr.treatment(base=-1))[-14]:treated_main",-14,0.033087695891236245,0.01543481749528906,0.0027279387660812983,0.0634474530163912,0.0327654762038585,False,False,0.037109344492444594,-23_to_-2,national_extended__ln_salario_real_adm,ln_salario_real_adm,ols,-23_to_41,-1,2022-11,False,"ln_salario_real_adm ~ i(event_time, treated_main, ref=-1) | cbo_4d + periodo",22012,341
10.0,"C(event_time, contr.treatment(base=-1))[-13]:treated_main",-13,0.03982007004595629,0.01248508735344347,0.015262331034621865,0.06437780905729072,0.001558240754509832,False,False,0.037109344492444594,-23_to_-2,national_extended__ln_salario_real_adm,ln_salario_real_adm,ols,-23_to_41,-1,2022-11,False,"ln_salario_real_adm ~ i(event_time, treated_main, ref=-1) | cbo_4d + periodo",22012,341
11.0,"C(event_time, contr.treatment(base=-1))[-12]:treated_main",-12,0.08139111751480076,0.028960844642224485,0.02442612847326276,0.13835610655633876,0.005234845329531002,False,False,0.037109344492444594,-23_to_-2,national_extended__ln_salario_real_adm,ln_salario_real_adm,ols,-23_to_41,-1,2022-11,False,"ln_salario_real_adm ~ i(event_time, treated_main, ref=-1) | cbo_4d + periodo",22012,341
12.0,"C(event_time, contr.treatment(base=-1))[-11]:treated_main",-11,0.040814470578711924,0.017895018479630626,0.00561558241838446,0.07601335873903939,0.023180139666725275,False,False,0.037109344492444594,-23_to_-2,national_extended__ln_salario_real_adm,ln_salario_real_adm,ols,-23_to_41,-1,2022-11,False,"ln_salario_real_adm ~ i(event_time, treated_main, ref=-1) | cbo_4d + periodo",22012,341
13.0,"C(event_time, contr.treatment(base=-1))[-10]:treated_main",-10,0.005236215593432895,0.01253403253066865,-0.01941779690435239,0.02989022809121818,0.6763864044981409,False,False,0.037109344492444594,-23_to_-2,national_extended__ln_salario_real_adm,ln_salario_real_adm,ols,-23_to_41,-1,2022-11,False,"ln_salario_real_adm ~ i(event_time, treated_main, ref=-1) | cbo_4d + periodo",22012,341
14.0,"C(event_time, contr.treatment(base=-1))[-9]:treated_main",-9,0.025328967601303536,0.01748614794360398,-0.009065686224980808,0.05972362142758788,0.14839432771722105,False,False,0.037109344492444594,-23_to_-2,national_extended__ln_salario_real_adm,ln_salario_real_adm,ols,-23_to_41,-1,2022-11,False,"ln_salario_real_adm ~ i(event_time, treated_main, ref=-1) | cbo_4d + periodo",22012,341
15.0,"C(event_time, contr.treatment(base=-1))[-8]:treated_main",-8,0.029592617751281778,0.015042837164095067,3.872506022371824e-06,0.059181362996541184,0.0499701923060325,False,False,0.037109344492444594,-23_to_-2,national_extended__ln_salario_real_adm,ln_salario_real_adm,ols,-23_to_41,-1,2022-11,False,"ln_salario_real_adm ~ i(event_time, treated_main, ref=-1) | cbo_4d + periodo",22012,341
16.0,"C(event_time, contr.treatment(base=-1))[-7]:treated_main",-7,0.04557206922738698,0.014608354078940212,0.016837937322668556,0.0743062011321054,0.0019659094599464577,False,False,0.037109344492444594,-23_to_-2,national_extended__ln_salario_real_adm,ln_salario_real_adm,ols,-23_to_41,-1,2022-11,False,"ln_salario_real_adm ~ i(event_time, treated_main, ref=-1) | cbo_4d + periodo",22012,341
17.0,"C(event_time, contr.treatment(base=-1))[-6]:treated_main",-6,0.012953771875734887,0.01723399347439098,-0.020944902749910028,0.046852446501379805,0.4527870984262443,False,False,0.037109344492444594,-23_to_-2,national_extended__ln_salario_real_adm,ln_salario_real_adm,ols,-23_to_41,-1,2022-11,False,"ln_salario_real_adm ~ i(event_time, treated_main, ref=-1) | cbo_4d + periodo",22012,341
18.0,"C(event_time, contr.treatment(base=-1))[-5]:treated_main",-5,0.03353102826325818,0.0180999652113319,-0.0020709830956392797,0.06913303962215564,0.06481384002313018,False,False,0.037109344492444594,-23_to_-2,national_extended__ln_salario_real_adm,ln_salario_real_adm,ols,-23_to_41,-1,2022-11,False,"ln_salario_real_adm ~ i(event_time, treated_main, ref=-1) | cbo_4d + periodo",22012,341
19.0,"C(event_time, contr.treatment(base=-1))[-4]:treated_main",-4,0.026039198385976355,0.016096719031946812,-0.005622496381125414,0.05770089315307812,0.10666079530638672,False,False,0.037109344492444594,-23_to_-2,national_extended__ln_salario_real_adm,ln_salario_real_adm,ols,-23_to_41,-1,2022-11,False,"ln_salario_real_adm ~ i(event_time, treated_main, ref=-1) | cbo_4d + periodo",22012,341
20.0,"C(event_time, contr.treatment(base=-1))[-3]:treated_main",-3,0.005117620748497766,0.014218110644404697,-0.02284891569253599,0.033084157189531525,0.7191178953431849,False,False,0.037109344492444594,-23_to_-2,national_extended__ln_salario_real_adm,ln_salario_real_adm,ols,-23_to_41,-1,2022-11,False,"ln_salario_real_adm ~ i(event_time, treated_main, ref=-1) | cbo_4d + periodo",22012,341
21.0,"C(event_time, contr.treatment(base=-1))[-2]:treated_main",-2,0.007346816782258535,0.014904161521363651,-0.02196915822559537,0.03666279179011244,0.6223751064971728,False,False,0.037109344492444594,-23_to_-2,national_extended__ln_salario_real_adm,ln_salario_real_adm,ols,-23_to_41,-1,2022-11,False,"ln_salario_real_adm ~ i(event_time, treated_main, ref=-1) | cbo_4d + periodo",22012,341
,reference_event_time,-1,0.0,0.0,0.0,0.0,,True,False,0.037109344492444594,-23_to_-2,national_extended__ln_salario_real_adm,ln_salario_real_adm,ols,-23_to_41,-1,2022-11,False,"ln_salario_real_adm ~ i(event_time, treated_main, ref=-1) | cbo_4d + periodo",22012,341
22.0,"C(event_time, contr.treatment(base=-1))[0]:treated_main",0,0.013647447913436446,0.015152353653231225,-0.01615671251327154,0.04345160834014443,0.36839509188343245,False,False,0.037109344492444594,-23_to_-2,national_extended__ln_salario_real_adm,ln_salario_real_adm,ols,-23_to_41,-1,2022-11,False,"ln_salario_real_adm ~ i(event_time, treated_main, ref=-1) | cbo_4d + periodo",22012,341
23.0,"C(event_time, contr.treatment(base=-1))[1]:treated_main",1,-0.02758683211739755,0.01525861684051945,-0.05760000859229658,0.0024263443575014837,0.07149765947612075,False,False,0.037109344492444594,-23_to_-2,national_extended__ln_salario_real_adm,ln_salario_real_adm,ols,-23_to_41,-1,2022-11,False,"ln_salario_real_adm ~ i(event_time, treated_main, ref=-1) | cbo_4d + periodo",22012,341
24.0,"C(event_time, contr.treatment(base=-1))[2]:treated_main",2,-0.02883112721814196,0.021791051770824375,-0.07169337936111853,0.014031124924834604,0.1867005779750055,False,False,0.037109344492444594,-23_to_-2,national_extended__ln_salario_real_adm,ln_salario_real_adm,ols,-23_to_41,-1,2022-11,False,"ln_salario_real_adm ~ i(event_time, treated_main, ref=-1) | cbo_4d + periodo",22012,341
25.0,"C(event_time, contr.treatment(base=-1))[3]:treated_main",3,-0.0350656723292156,0.01764226445176813,-0.06976740197758449,-0.0003639426808466975,0.047658382818392075,False,False,0.037109344492444594,-23_to_-2,national_extended__ln_salario_real_adm,ln_salario_real_adm,ols,-23_to_41,-1,2022-11,False,"ln_salario_real_adm ~ i(event_time, treated_main, ref=-1) | cbo_4d + periodo",22012,341
26.0,"C(event_time, contr.treatment(base=-1))[4]:treated_main",4,-0.00799296202014933,0.019730110885926057,-0.046801414062547314,0.030815490022248652,0.6856478242090731,False,False,0.037109344492444594,-23_to_-2,national_extended__ln_salario_real_adm,ln_salario_real_adm,ols,-23_to_41,-1,2022-11,False,"ln_salario_real_adm ~ i(event_time, treated_main, ref=-1) | cbo_4d + periodo",22012,341
27.0,"C(event_time, contr.treatment(base=-1))[5]:treated_main",5,-0.022995181113991573,0.016557964135289042,-0.05556412919438397,0.009573766966400821,0.16581215884424672,False,False,0.037109344492444594,-23_to_-2,national_extended__ln_salario_real_adm,ln_salario_real_adm,ols,-23_to_41,-1,2022-11,False,"ln_salario_real_adm ~ i(event_time, treated_main, ref=-1) | cbo_4d + periodo",22012,341
28.0,"C(event_time, contr.treatment(base=-1))[6]:treated_main",6,0.021383764420251028,0.018846407565192076,-0.015686473471162324,0.05845400231166438,0.2573282193506021,False,False,0.037109344492444594,-23_to_-2,national_extended__ln_salario_real_adm,ln_salario_real_adm,ols,-23_to_41,-1,2022-11,False,"ln_salario_real_adm ~ i(event_time, treated_main, ref=-1) | cbo_4d + periodo",22012,341
29.0,"C(event_time, contr.treatment(base=-1))[7]:treated_main",7,-0.007028819320052311,0.019484258545920775,-0.045353688234014235,0.031296049593909615,0.7185152382306352,False,False,0.037109344492444594,-23_to_-2,national_extended__ln_salario_real_adm,ln_salario_real_adm,ols,-23_to_41,-1,2022-11,False,"ln_salario_real_adm ~ i(event_time, treated_main, ref=-1) | cbo_4d + periodo",22012,341
30.0,"C(event_time, contr.treatment(base=-1))[8]:treated_main",8,-0.009778038148806789,0.019993858688783922,-0.04910527308186752,0.02954919678425394,0.6251201506027111,False,False,0.037109344492444594,-23_to_-2,national_extended__ln_salario_real_adm,ln_salario_real_adm,ols,-23_to_41,-1,2022-11,False,"ln_salario_real_adm ~ i(event_time, treated_main, ref=-1) | cbo_4d + periodo",22012,341
31.0,"C(event_time, contr.treatment(base=-1))[9]:treated_main",9,-0.027958849588797963,0.016884353374259475,-0.06116979411822067,0.005252094940624744,0.098664083594044,False,False,0.037109344492444594,-23_to_-2,national_extended__ln_salario_real_adm,ln_salario_real_adm,ols,-23_to_41,-1,2022-11,False,"ln_salario_real_adm ~ i(event_time, treated_main, ref=-1) | cbo_4d + periodo",22012,341
32.0,"C(event_time, contr.treatment(base=-1))[10]:treated_main",10,-0.030387495794937804,0.018149773306458696,-0.06608747797022993,0.005312486380354323,0.09499847570122566,False,False,0.037109344492444594,-23_to_-2,national_extended__ln_salario_real_adm,ln_salario_real_adm,ols,-23_to_41,-1,2022-11,False,"ln_salario_real_adm ~ i(event_time, treated_main, ref=-1) | cbo_4d + periodo",22012,341
33.0,"C(event_time, contr.treatment(base=-1))[11]:treated_main",11,-0.02897436234176251,0.016113210174378466,-0.06066849462094333,0.0027197699374183065,0.07303633533053011,False,False,0.037109344492444594,-23_to_-2,national_extended__ln_salario_real_adm,ln_salario_real_adm,ols,-23_to_41,-1,2022-11,False,"ln_salario_real_adm ~ i(event_time, treated_main, ref=-1) | cbo_4d + periodo",22012,341
34.0,"C(event_time, contr.treatment(base=-1))[12]:treated_main",12,-0.027699031653189404,0.016823977949631523,-0.06079121979118784,0.005393156484809029,0.10060498364082049,False,False,0.037109344492444594,-23_to_-2,national_extended__ln_salario_real_adm,ln_salario_real_adm,ols,-23_to_41,-1,2022-11,False,"ln_salario_real_adm ~ i(event_time, treated_main, ref=-1) | cbo_4d + periodo",22012,341
35.0,"C(event_time, contr.treatment(base=-1))[13]:treated_main",13,-0.016566323246826175,0.015968050839902624,-0.047974932089109815,0.014842285595457461,0.3002556050866203,False,False,0.037109344492444594,-23_to_-2,national_extended__ln_salario_real_adm,ln_salario_real_adm,ols,-23_to_41,-1,2022-11,False,"ln_salario_real_adm ~ i(event_time, treated_main, ref=-1) | cbo_4d + periodo",22012,341
36.0,"C(event_time, contr.treatment(base=-1))[14]:treated_main",14,-0.03784051789617744,0.017192539085924236,-0.07165765316018063,-0.0040233826321742425,0.02840878582377182,False,False,0.037109344492444594,-23_to_-2,national_extended__ln_salario_real_adm,ln_salario_real_adm,ols,-23_to_41,-1,2022-11,False,"ln_salario_real_adm ~ i(event_time, treated_main, ref=-1) | cbo_4d + periodo",22012,341
37.0,"C(event_time, contr.treatment(base=-1))[15]:treated_main",15,-0.040603528013124786,0.017717268250405448,-0.07545278756333981,-0.005754268462909759,0.022530948796529504,False,False,0.037109344492444594,-23_to_-2,national_extended__ln_salario_real_adm,ln_salario_real_adm,ols,-23_to_41,-1,2022-11,False,"ln_salario_real_adm ~ i(event_time, treated_main, ref=-1) | cbo_4d + periodo",22012,341
38.0,"C(event_time, contr.treatment(base=-1))[16]:treated_main",16,-0.03201692493723981,0.01576820456691208,-0.0630324430084656,-0.0010014068660140207,0.0430863450147323,False,False,0.037109344492444594,-23_to_-2,national_extended__ln_salario_real_adm,ln_salario_real_adm,ols,-23_to_41,-1,2022-11,False,"ln_salario_real_adm ~ i(event_time, treated_main, ref=-1) | cbo_4d + periodo",22012,341
39.0,"C(event_time, contr.treatment(base=-1))[17]:treated_main",17,-0.010413723420736277,0.01650473410764759,-0.042877969860733306,0.022050523019260748,0.528494685608436,False,False,0.037109344492444594,-23_to_-2,national_extended__ln_salario_real_adm,ln_salario_real_adm,ols,-23_to_41,-1,2022-11,False,"ln_salario_real_adm ~ i(event_time, treated_main, ref=-1) | cbo_4d + periodo",22012,341
40.0,"C(event_time, contr.treatment(base=-1))[18]:treated_main",18,-0.000832977903019486,0.017758863625847977,-0.03576405413142655,0.03409809832538758,0.9626165528624973,False,False,0.037109344492444594,-23_to_-2,national_extended__ln_salario_real_adm,ln_salario_real_adm,ols,-23_to_41,-1,2022-11,False,"ln_salario_real_adm ~ i(event_time, treated_main, ref=-1) | cbo_4d + periodo",22012,341
41.0,"C(event_time, contr.treatment(base=-1))[19]:treated_main",19,-0.003586396145396244,0.01634378337669194,-0.03573405801272689,0.028561265721934403,0.8264429783934328,False,False,0.037109344492444594,-23_to_-2,national_extended__ln_salario_real_adm,ln_salario_real_adm,ols,-23_to_41,-1,2022-11,False,"ln_salario_real_adm ~ i(event_time, treated_main, ref=-1) | cbo_4d + periodo",22012,341
42.0,"C(event_time, contr.treatment(base=-1))[20]:treated_main",20,0.001280403075127345,0.017619516705617594,-0.03337658253603568,0.03593738868629038,0.9421117773827024,False,False,0.037109344492444594,-23_to_-2,national_extended__ln_salario_real_adm,ln_salario_real_adm,ols,-23_to_41,-1,2022-11,False,"ln_salario_real_adm ~ i(event_time, treated_main, ref=-1) | cbo_4d + periodo",22012,341
43.0,"C(event_time, contr.treatment(base=-1))[21]:treated_main",21,0.011160949582783722,0.017123068919085268,-0.02251954024350577,0.04484143940907321,0.5149655372130391,False,False,0.037109344492444594,-23_to_-2,national_extended__ln_salario_real_adm,ln_salario_real_adm,ols,-23_to_41,-1,2022-11,False,"ln_salario_real_adm ~ i(event_time, treated_main, ref=-1) | cbo_4d + periodo",22012,341
44.0,"C(event_time, contr.treatment(base=-1))[22]:treated_main",22,-0.0033573554673383067,0.015482214995458049,-0.03381034185120715,0.02709563091653053,0.8284534351911392,False,False,0.037109344492444594,-23_to_-2,national_extended__ln_salario_real_adm,ln_salario_real_adm,ols,-23_to_41,-1,2022-11,False,"ln_salario_real_adm ~ i(event_time, treated_main, ref=-1) | cbo_4d + periodo",22012,341
45.0,"C(event_time, contr.treatment(base=-1))[23]:treated_main",23,-0.02202693583967592,0.01384585750139927,-0.04926126310401098,0.005207391424659136,0.1125685396727516,False,False,0.037109344492444594,-23_to_-2,national_extended__ln_salario_real_adm,ln_salario_real_adm,ols,-23_to_41,-1,2022-11,False,"ln_salario_real_adm ~ i(event_time, treated_main, ref=-1) | cbo_4d + periodo",22012,341
46.0,"C(event_time, contr.treatment(base=-1))[24]:treated_main",24,-0.014777500526186874,0.020719265881536317,-0.05553158655065345,0.025976585498279695,0.4761957145899598,False,True,0.037109344492444594,-23_to_-2,national_extended__ln_salario_real_adm,ln_salario_real_adm,ols,-23_to_41,-1,2022-11,False,"ln_salario_real_adm ~ i(event_time, treated_main, ref=-1) | cbo_4d + periodo",22012,341
47.0,"C(event_time, contr.treatment(base=-1))[25]:treated_main",25,-0.043636072238103014,0.02131260470318615,-0.0855572353934597,-0.0017149090827463243,0.04138395676671802,False,True,0.037109344492444594,-23_to_-2,national_extended__ln_salario_real_adm,ln_salario_real_adm,ols,-23_to_41,-1,2022-11,False,"ln_salario_real_adm ~ i(event_time, treated_main, ref=-1) | cbo_4d + periodo",22012,341
48.0,"C(event_time, contr.treatment(base=-1))[26]:treated_main",26,-0.03896388508927839,0.019506919528626616,-0.0773333273797235,-0.0005944427988332779,0.04657398740952212,False,True,0.037109344492444594,-23_to_-2,national_extended__ln_salario_real_adm,ln_salario_real_adm,ols,-23_to_41,-1,2022-11,False,"ln_salario_real_adm ~ i(event_time, treated_main, ref=-1) | cbo_4d + periodo",22012,341
49.0,"C(event_time, contr.treatment(base=-1))[27]:treated_main",27,-0.016443863708830806,0.016644277939642547,-0.04918258808476543,0.016294860667103814,0.3238752879188813,False,True,0.037109344492444594,-23_to_-2,national_extended__ln_salario_real_adm,ln_salario_real_adm,ols,-23_to_41,-1,2022-11,False,"ln_salario_real_adm ~ i(event_time, treated_main, ref=-1) | cbo_4d + periodo",22012,341
50.0,"C(event_time, contr.treatment(base=-1))[28]:treated_main",28,0.009445055483639336,0.01627522298282608,-0.022567750438241503,0.04145786140552018,0.5620742180564313,False,True,0.037109344492444594,-23_to_-2,national_extended__ln_salario_real_adm,ln_salario_real_adm,ols,-23_to_41,-1,2022-11,False,"ln_salario_real_adm ~ i(event_time, treated_main, ref=-1) | cbo_4d + periodo",22012,341
51.0,"C(event_time, contr.treatment(base=-1))[29]:treated_main",29,-0.01116993129103155,0.016270976321842105,-0.04317438417627262,0.020834521594209513,0.49286940827653947,False,True,0.037109344492444594,-23_to_-2,national_extended__ln_salario_real_adm,ln_salario_real_adm,ols,-23_to_41,-1,2022-11,False,"ln_salario_real_adm ~ i(event_time, treated_main, ref=-1) | cbo_4d + periodo",22012,341
52.0,"C(event_time, contr.treatment(base=-1))[30]:treated_main",30,-0.004010965281731348,0.01888935511701071,-0.041165679535934974,0.033143748972472284,0.8319690489428946,False,True,0.037109344492444594,-23_to_-2,national_extended__ln_salario_real_adm,ln_salario_real_adm,ols,-23_to_41,-1,2022-11,False,"ln_salario_real_adm ~ i(event_time, treated_main, ref=-1) | cbo_4d + periodo",22012,341
53.0,"C(event_time, contr.treatment(base=-1))[31]:treated_main",31,-0.0277945804153346,0.016292717796058308,-0.05984179803536752,0.004252637204698324,0.08893039924564539,False,True,0.037109344492444594,-23_to_-2,national_extended__ln_salario_real_adm,ln_salario_real_adm,ols,-23_to_41,-1,2022-11,False,"ln_salario_real_adm ~ i(event_time, treated_main, ref=-1) | cbo_4d + periodo",22012,341
54.0,"C(event_time, contr.treatment(base=-1))[32]:treated_main",32,0.0028215729743470627,0.019348211600378556,-0.035235696259505817,0.04087884220819994,0.8841410619330283,False,True,0.037109344492444594,-23_to_-2,national_extended__ln_salario_real_adm,ln_salario_real_adm,ols,-23_to_41,-1,2022-11,False,"ln_salario_real_adm ~ i(event_time, treated_main, ref=-1) | cbo_4d + periodo",22012,341
55.0,"C(event_time, contr.treatment(base=-1))[33]:treated_main",33,-0.011809581379464222,0.017306427633584184,-0.045850731514219735,0.022231568755291288,0.49546254917704413,False,True,0.037109344492444594,-23_to_-2,national_extended__ln_salario_real_adm,ln_salario_real_adm,ols,-23_to_41,-1,2022-11,False,"ln_salario_real_adm ~ i(event_time, treated_main, ref=-1) | cbo_4d + periodo",22012,341
56.0,"C(event_time, contr.treatment(base=-1))[34]:treated_main",34,-0.008695150601200678,0.01779277137478063,-0.04369292220987837,0.02630262100747701,0.6253761942095795,False,True,0.037109344492444594,-23_to_-2,national_extended__ln_salario_real_adm,ln_salario_real_adm,ols,-23_to_41,-1,2022-11,False,"ln_salario_real_adm ~ i(event_time, treated_main, ref=-1) | cbo_4d + periodo",22012,341
57.0,"C(event_time, contr.treatment(base=-1))[35]:treated_main",35,0.013647295383189222,0.018575929756060247,-0.02289092192583029,0.05018551269220873,0.46304305238995935,False,True,0.037109344492444594,-23_to_-2,national_extended__ln_salario_real_adm,ln_salario_real_adm,ols,-23_to_41,-1,2022-11,False,"ln_salario_real_adm ~ i(event_time, treated_main, ref=-1) | cbo_4d + periodo",22012,341
58.0,"C(event_time, contr.treatment(base=-1))[36]:treated_main",36,0.01712844284086297,0.017455487643316114,-0.017205903225358254,0.051462788907084195,0.327160252193164,False,True,0.037109344492444594,-23_to_-2,national_extended__ln_salario_real_adm,ln_salario_real_adm,ols,-23_to_41,-1,2022-11,False,"ln_salario_real_adm ~ i(event_time, treated_main, ref=-1) | cbo_4d + periodo",22012,341
59.0,"C(event_time, contr.treatment(base=-1))[37]:treated_main",37,-0.031144600417808286,0.017777482293519657,-0.06611229892753993,0.0038230980919233652,0.08069032533644527,False,True,0.037109344492444594,-23_to_-2,national_extended__ln_salario_real_adm,ln_salario_real_adm,ols,-23_to_41,-1,2022-11,False,"ln_salario_real_adm ~ i(event_time, treated_main, ref=-1) | cbo_4d + periodo",22012,341
60.0,"C(event_time, contr.treatment(base=-1))[38]:treated_main",38,-0.05203953403118244,0.019279076765201256,-0.08996081741320966,-0.014118250649155221,0.007296291372221431,False,True,0.037109344492444594,-23_to_-2,national_extended__ln_salario_real_adm,ln_salario_real_adm,ols,-23_to_41,-1,2022-11,False,"ln_salario_real_adm ~ i(event_time, treated_main, ref=-1) | cbo_4d + periodo",22012,341
61.0,"C(event_time, contr.treatment(base=-1))[39]:treated_main",39,-0.030336385991059235,0.015844010273544047,-0.061501011289678525,0.0008282393075600553,0.05637086684971271,False,True,0.037109344492444594,-23_to_-2,national_extended__ln_salario_real_adm,ln_salario_real_adm,ols,-23_to_41,-1,2022-11,False,"ln_salario_real_adm ~ i(event_time, treated_main, ref=-1) | cbo_4d + periodo",22012,341
62.0,"C(event_time, contr.treatment(base=-1))[40]:treated_main",40,-0.00924505998496154,0.015414550223260834,-0.0395649520805135,0.02107483211059042,0.5490644091148327,False,True,0.037109344492444594,-23_to_-2,national_extended__ln_salario_real_adm,ln_salario_real_adm,ols,-23_to_41,-1,2022-11,False,"ln_salario_real_adm ~ i(event_time, treated_main, ref=-1) | cbo_4d + periodo",22012,341
63.0,"C(event_time, contr.treatment(base=-1))[41]:treated_main",41,-0.010208750311981301,0.01640958251202276,-0.04248583682384037,0.02206833619987777,0.534279092006952,False,True,0.037109344492444594,-23_to_-2,national_extended__ln_salario_real_adm,ln_salario_real_adm,ols,-23_to_41,-1,2022-11,False,"ln_salario_real_adm ~ i(event_time, treated_main, ref=-1) | cbo_4d + periodo",22012,341
0.0,"C(event_time, contr.treatment(base=-1))[-23]:treated_main",-23,-3.7977614885840265,0.8885906259586294,-5.545588801477574,-2.0499341756904794,2.4973644964232378e-05,False,False,-2.8348270494226773,-23_to_-2,national_extended__asinh_saldo,asinh_saldo,ols,-23_to_41,-1,2022-11,False,"asinh_saldo ~ i(event_time, treated_main, ref=-1) | cbo_4d + periodo",22049,341
1.0,"C(event_time, contr.treatment(base=-1))[-22]:treated_main",-22,-3.6445982181569305,0.8051960765048614,-5.2283913098651045,-2.0608051264487566,8.309988678290026e-06,False,False,-2.8348270494226773,-23_to_-2,national_extended__asinh_saldo,asinh_saldo,ols,-23_to_41,-1,2022-11,False,"asinh_saldo ~ i(event_time, treated_main, ref=-1) | cbo_4d + periodo",22049,341
2.0,"C(event_time, contr.treatment(base=-1))[-21]:treated_main",-21,-3.744297244440594,0.8756052921040177,-5.466582850596411,-2.022011638284777,2.472781433615623e-05,False,False,-2.8348270494226773,-23_to_-2,national_extended__asinh_saldo,asinh_saldo,ols,-23_to_41,-1,2022-11,False,"asinh_saldo ~ i(event_time, treated_main, ref=-1) | cbo_4d + periodo",22049,341
3.0,"C(event_time, contr.treatment(base=-1))[-20]:treated_main",-20,-3.1136972732916224,0.859178485233277,-4.803671913212191,-1.4237226333710542,0.00033434290257616794,False,False,-2.8348270494226773,-23_to_-2,national_extended__asinh_saldo,asinh_saldo,ols,-23_to_41,-1,2022-11,False,"asinh_saldo ~ i(event_time, treated_main, ref=-1) | cbo_4d + periodo",22049,341
4.0,"C(event_time, contr.treatment(base=-1))[-19]:treated_main",-19,-2.5530493632318843,0.783124554332464,-4.093428527127761,-1.0126701993360074,0.001226456810067278,False,False,-2.8348270494226773,-23_to_-2,national_extended__asinh_saldo,asinh_saldo,ols,-23_to_41,-1,2022-11,False,"asinh_saldo ~ i(event_time, treated_main, ref=-1) | cbo_4d + periodo",22049,341
5.0,"C(event_time, contr.treatment(base=-1))[-18]:treated_main",-18,-2.590384415852623,0.7661941880432015,-4.097462129391941,-1.0833067023133052,0.0008067168982415218,False,False,-2.8348270494226773,-23_to_-2,national_extended__asinh_saldo,asinh_saldo,ols,-23_to_41,-1,2022-11,False,"asinh_saldo ~ i(event_time, treated_main, ref=-1) | cbo_4d + periodo",22049,341
6.0,"C(event_time, contr.treatment(base=-1))[-17]:treated_main",-17,-2.5509071373307735,0.7361029131544219,-3.9987963442688015,-1.1030179303927456,0.0005972164284251402,False,False,-2.8348270494226773,-23_to_-2,national_extended__asinh_saldo,asinh_saldo,ols,-23_to_41,-1,2022-11,False,"asinh_saldo ~ i(event_time, treated_main, ref=-1) | cbo_4d + periodo",22049,341
7.0,"C(event_time, contr.treatment(base=-1))[-16]:treated_main",-16,-2.440945977094696,0.7291801937850662,-3.875218432246485,-1.006673521942907,0.0009066890230924329,False,False,-2.8348270494226773,-23_to_-2,national_extended__asinh_saldo,asinh_saldo,ols,-23_to_41,-1,2022-11,False,"asinh_saldo ~ i(event_time, treated_main, ref=-1) | cbo_4d + periodo",22049,341
8.0,"C(event_time, contr.treatment(base=-1))[-15]:treated_main",-15,-2.3798006839967027,0.7137813843078098,-3.7837842085609594,-0.9758171594324458,0.000950199385845174,False,False,-2.8348270494226773,-23_to_-2,national_extended__asinh_saldo,asinh_saldo,ols,-23_to_41,-1,2022-11,False,"asinh_saldo ~ i(event_time, treated_main, ref=-1) | cbo_4d + periodo",22049,341
9.0,"C(event_time, contr.treatment(base=-1))[-14]:treated_main",-14,-1.8012237180586557,0.6709018222937274,-3.1208646134484574,-0.4815828226688541,0.007613364756266394,False,False,-2.8348270494226773,-23_to_-2,national_extended__asinh_saldo,asinh_saldo,ols,-23_to_41,-1,2022-11,False,"asinh_saldo ~ i(event_time, treated_main, ref=-1) | cbo_4d + periodo",22049,341
10.0,"C(event_time, contr.treatment(base=-1))[-13]:treated_main",-13,-0.4755966862082326,0.7147557587316279,-1.8814967718763127,0.9303033994598475,0.5062474174929594,False,False,-2.8348270494226773,-23_to_-2,national_extended__asinh_saldo,asinh_saldo,ols,-23_to_41,-1,2022-11,False,"asinh_saldo ~ i(event_time, treated_main, ref=-1) | cbo_4d + periodo",22049,341
11.0,"C(event_time, contr.treatment(base=-1))[-12]:treated_main",-12,-1.986311954340795,0.7997964508888207,-3.559484167485306,-0.4131397411962838,0.013490418405077254,False,False,-2.8348270494226773,-23_to_-2,national_extended__asinh_saldo,asinh_saldo,ols,-23_to_41,-1,2022-11,False,"asinh_saldo ~ i(event_time, treated_main, ref=-1) | cbo_4d + periodo",22049,341
12.0,"C(event_time, contr.treatment(base=-1))[-11]:treated_main",-11,-4.048694954348481,0.9006301340778362,-5.820203567167798,-2.2771863415291644,9.536196766468663e-06,False,False,-2.8348270494226773,-23_to_-2,national_extended__asinh_saldo,asinh_saldo,ols,-23_to_41,-1,2022-11,False,"asinh_saldo ~ i(event_time, treated_main, ref=-1) | cbo_4d + periodo",22049,341
13.0,"C(event_time, contr.treatment(base=-1))[-10]:treated_main",-10,-3.1877805095376917,0.8213638577133563,-4.803375072879227,-1.572185946196156,0.0001249084827719127,False,False,-2.8348270494226773,-23_to_-2,national_extended__asinh_saldo,asinh_saldo,ols,-23_to_41,-1,2022-11,False,"asinh_saldo ~ i(event_time, treated_main, ref=-1) | cbo_4d + periodo",22049,341
14.0,"C(event_time, contr.treatment(base=-1))[-9]:treated_main",-9,-2.64497622236429,0.8436785298490007,-4.304462981164074,-0.9854894635645055,0.0018679552182427894,False,False,-2.8348270494226773,-23_to_-2,national_extended__asinh_saldo,asinh_saldo,ols,-23_to_41,-1,2022-11,False,"asinh_saldo ~ i(event_time, treated_main, ref=-1) | cbo_4d + periodo",22049,341
15.0,"C(event_time, contr.treatment(base=-1))[-8]:treated_main",-8,-2.5962416274555635,0.7316959435799222,-4.035462476249377,-1.1570207786617506,0.0004422931651399953,False,False,-2.8348270494226773,-23_to_-2,national_extended__asinh_saldo,asinh_saldo,ols,-23_to_41,-1,2022-11,False,"asinh_saldo ~ i(event_time, treated_main, ref=-1) | cbo_4d + periodo",22049,341
16.0,"C(event_time, contr.treatment(base=-1))[-7]:treated_main",-7,-3.5425243743541976,0.7117030408539559,-4.942419868561055,-2.14262888014734,1.025439887003543e-06,False,False,-2.8348270494226773,-23_to_-2,national_extended__asinh_saldo,asinh_saldo,ols,-23_to_41,-1,2022-11,False,"asinh_saldo ~ i(event_time, treated_main, ref=-1) | cbo_4d + periodo",22049,341
17.0,"C(event_time, contr.treatment(base=-1))[-6]:treated_main",-6,-3.193432321527164,0.7121489181939613,-4.594204841183419,-1.792659801870909,1.0020601607818591e-05,False,False,-2.8348270494226773,-23_to_-2,national_extended__asinh_saldo,asinh_saldo,ols,-23_to_41,-1,2022-11,False,"asinh_saldo ~ i(event_time, treated_main, ref=-1) | cbo_4d + periodo",22049,341
18.0,"C(event_time, contr.treatment(base=-1))[-5]:treated_main",-5,-3.646893966171471,0.7477691214554132,-5.117730205084296,-2.176057727258646,1.656882349765354e-06,False,False,-2.8348270494226773,-23_to_-2,national_extended__asinh_saldo,asinh_saldo,ols,-23_to_41,-1,2022-11,False,"asinh_saldo ~ i(event_time, treated_main, ref=-1) | cbo_4d + periodo",22049,341
19.0,"C(event_time, contr.treatment(base=-1))[-4]:treated_main",-4,-3.198710706853783,0.7796853805235808,-4.732325133714009,-1.6650962799935562,5.1186102523415045e-05,False,False,-2.8348270494226773,-23_to_-2,national_extended__asinh_saldo,asinh_saldo,ols,-23_to_41,-1,2022-11,False,"asinh_saldo ~ i(event_time, treated_main, ref=-1) | cbo_4d + periodo",22049,341
20.0,"C(event_time, contr.treatment(base=-1))[-3]:treated_main",-3,-3.446157660204898,0.7877470633151651,-4.995629140875268,-1.8966861795345284,1.619372564909405e-05,False,False,-2.8348270494226773,-23_to_-2,national_extended__asinh_saldo,asinh_saldo,ols,-23_to_41,-1,2022-11,False,"asinh_saldo ~ i(event_time, treated_main, ref=-1) | cbo_4d + periodo",22049,341
21.0,"C(event_time, contr.treatment(base=-1))[-2]:treated_main",-2,-1.7822085838938246,0.6530505170581985,-3.0667365735765726,-0.4976805942110767,0.0066820120527524285,False,False,-2.8348270494226773,-23_to_-2,national_extended__asinh_saldo,asinh_saldo,ols,-23_to_41,-1,2022-11,False,"asinh_saldo ~ i(event_time, treated_main, ref=-1) | cbo_4d + periodo",22049,341
,reference_event_time,-1,0.0,0.0,0.0,0.0,,True,False,-2.8348270494226773,-23_to_-2,national_extended__asinh_saldo,asinh_saldo,ols,-23_to_41,-1,2022-11,False,"asinh_saldo ~ i(event_time, treated_main, ref=-1) | cbo_4d + periodo",22049,341
22.0,"C(event_time, contr.treatment(base=-1))[0]:treated_main",0,-3.3037902171440985,0.7494150402267544,-4.777863921881246,-1.8297165124069508,1.397896254262676e-05,False,False,-2.8348270494226773,-23_to_-2,national_extended__asinh_saldo,asinh_saldo,ols,-23_to_41,-1,2022-11,False,"asinh_saldo ~ i(event_time, treated_main, ref=-1) | cbo_4d + periodo",22049,341
23.0,"C(event_time, contr.treatment(base=-1))[1]:treated_main",1,-3.833762636285155,0.8055099170359915,-5.41817304156403,-2.24935223100628,2.876236982585212e-06,False,False,-2.8348270494226773,-23_to_-2,national_extended__asinh_saldo,asinh_saldo,ols,-23_to_41,-1,2022-11,False,"asinh_saldo ~ i(event_time, treated_main, ref=-1) | cbo_4d + periodo",22049,341
24.0,"C(event_time, contr.treatment(base=-1))[2]:treated_main",2,-5.794436833413288,0.8535933997406022,-7.473425801547806,-4.11544786527877,5.065947661364589e-11,False,False,-2.8348270494226773,-23_to_-2,national_extended__asinh_saldo,asinh_saldo,ols,-23_to_41,-1,2022-11,False,"asinh_saldo ~ i(event_time, treated_main, ref=-1) | cbo_4d + periodo",22049,341
25.0,"C(event_time, contr.treatment(base=-1))[3]:treated_main",3,-4.441951430617797,0.9028737664952016,-6.217873191521964,-2.6660296697136308,1.352211411287385e-06,False,False,-2.8348270494226773,-23_to_-2,national_extended__asinh_saldo,asinh_saldo,ols,-23_to_41,-1,2022-11,False,"asinh_saldo ~ i(event_time, treated_main, ref=-1) | cbo_4d + periodo",22049,341
26.0,"C(event_time, contr.treatment(base=-1))[4]:treated_main",4,-3.18089775037395,0.8341418135927315,-4.821626115081921,-1.540169385665979,0.0001627528867420569,False,False,-2.8348270494226773,-23_to_-2,national_extended__asinh_saldo,asinh_saldo,ols,-23_to_41,-1,2022-11,False,"asinh_saldo ~ i(event_time, treated_main, ref=-1) | cbo_4d + periodo",22049,341
27.0,"C(event_time, contr.treatment(base=-1))[5]:treated_main",5,-4.133054922421166,0.8781162943238298,-5.860279583901575,-2.405830260940756,3.6696557996762635e-06,False,False,-2.8348270494226773,-23_to_-2,national_extended__asinh_saldo,asinh_saldo,ols,-23_to_41,-1,2022-11,False,"asinh_saldo ~ i(event_time, treated_main, ref=-1) | cbo_4d + periodo",22049,341
28.0,"C(event_time, contr.treatment(base=-1))[6]:treated_main",6,-3.0668755369737184,0.9101512086573946,-4.857111777242735,-1.276639296704702,0.0008391470532489453,False,False,-2.8348270494226773,-23_to_-2,national_extended__asinh_saldo,asinh_saldo,ols,-23_to_41,-1,2022-11,False,"asinh_saldo ~ i(event_time, treated_main, ref=-1) | cbo_4d + periodo",22049,341
29.0,"C(event_time, contr.treatment(base=-1))[7]:treated_main",7,-3.7672058372909816,0.8466179592364473,-5.432474352973649,-2.1019373216083146,1.1668748600923706e-05,False,False,-2.8348270494226773,-23_to_-2,national_extended__asinh_saldo,asinh_saldo,ols,-23_to_41,-1,2022-11,False,"asinh_saldo ~ i(event_time, treated_main, ref=-1) | cbo_4d + periodo",22049,341
30.0,"C(event_time, contr.treatment(base=-1))[8]:treated_main",8,-3.111693487806626,0.8702402546717688,-4.823426249171103,-1.3999607264421488,0.0003999321712175874,False,False,-2.8348270494226773,-23_to_-2,national_extended__asinh_saldo,asinh_saldo,ols,-23_to_41,-1,2022-11,False,"asinh_saldo ~ i(event_time, treated_main, ref=-1) | cbo_4d + periodo",22049,341
31.0,"C(event_time, contr.treatment(base=-1))[9]:treated_main",9,-3.4969682101783324,0.9016146799423944,-5.2704133909768744,-1.7235230293797905,0.00012615367020862855,False,False,-2.8348270494226773,-23_to_-2,national_extended__asinh_saldo,asinh_saldo,ols,-23_to_41,-1,2022-11,False,"asinh_saldo ~ i(event_time, treated_main, ref=-1) | cbo_4d + periodo",22049,341
32.0,"C(event_time, contr.treatment(base=-1))[10]:treated_main",10,-2.1541894788626115,0.8183288530484442,-3.763814292025464,-0.5445646656997591,0.008864496267218192,False,False,-2.8348270494226773,-23_to_-2,national_extended__asinh_saldo,asinh_saldo,ols,-23_to_41,-1,2022-11,False,"asinh_saldo ~ i(event_time, treated_main, ref=-1) | cbo_4d + periodo",22049,341
33.0,"C(event_time, contr.treatment(base=-1))[11]:treated_main",11,-1.1799583042747106,0.79772625246774,-2.7490585080621903,0.3891418995127691,0.1400256009200047,False,False,-2.8348270494226773,-23_to_-2,national_extended__asinh_saldo,asinh_saldo,ols,-23_to_41,-1,2022-11,False,"asinh_saldo ~ i(event_time, treated_main, ref=-1) | cbo_4d + periodo",22049,341
34.0,"C(event_time, contr.treatment(base=-1))[12]:treated_main",12,-2.797328933641934,0.8163802679496386,-4.403120946685479,-1.191536920598389,0.000686356384228981,False,False,-2.8348270494226773,-23_to_-2,national_extended__asinh_saldo,asinh_saldo,ols,-23_to_41,-1,2022-11,False,"asinh_saldo ~ i(event_time, treated_main, ref=-1) | cbo_4d + periodo",22049,341
35.0,"C(event_time, contr.treatment(base=-1))[13]:treated_main",13,-3.412153255325166,0.9365029547234712,-5.254222477139576,-1.5700840335107555,0.0003109180140103973,False,False,-2.8348270494226773,-23_to_-2,national_extended__asinh_saldo,asinh_saldo,ols,-23_to_41,-1,2022-11,False,"asinh_saldo ~ i(event_time, treated_main, ref=-1) | cbo_4d + periodo",22049,341
36.0,"C(event_time, contr.treatment(base=-1))[14]:treated_main",14,-4.638004098936618,0.9315956875635591,-6.470420894399459,-2.805587303473776,1.0203811720010947e-06,False,False,-2.8348270494226773,-23_to_-2,national_extended__asinh_saldo,asinh_saldo,ols,-23_to_41,-1,2022-11,False,"asinh_saldo ~ i(event_time, treated_main, ref=-1) | cbo_4d + periodo",22049,341
37.0,"C(event_time, contr.treatment(base=-1))[15]:treated_main",15,-3.7039745306261747,0.8874818799356928,-5.449620978084798,-1.9583280831675511,3.812801156710677e-05,False,False,-2.8348270494226773,-23_to_-2,national_extended__asinh_saldo,asinh_saldo,ols,-23_to_41,-1,2022-11,False,"asinh_saldo ~ i(event_time, treated_main, ref=-1) | cbo_4d + periodo",22049,341
38.0,"C(event_time, contr.treatment(base=-1))[16]:treated_main",16,-2.7441487779257834,0.8888252132775105,-4.492437516037222,-0.9958600398143449,0.0021852761586658165,False,False,-2.8348270494226773,-23_to_-2,national_extended__asinh_saldo,asinh_saldo,ols,-23_to_41,-1,2022-11,False,"asinh_saldo ~ i(event_time, treated_main, ref=-1) | cbo_4d + periodo",22049,341
39.0,"C(event_time, contr.treatment(base=-1))[17]:treated_main",17,-2.6355174230599143,0.8745823711309211,-4.355790978712969,-0.9152438674068595,0.0027767664229108036,False,False,-2.8348270494226773,-23_to_-2,national_extended__asinh_saldo,asinh_saldo,ols,-23_to_41,-1,2022-11,False,"asinh_saldo ~ i(event_time, treated_main, ref=-1) | cbo_4d + periodo",22049,341
40.0,"C(event_time, contr.treatment(base=-1))[18]:treated_main",18,-3.4948452878007465,0.8456242700526815,-5.158159250908611,-1.8315313246928822,4.516549808020187e-05,False,False,-2.8348270494226773,-23_to_-2,national_extended__asinh_saldo,asinh_saldo,ols,-23_to_41,-1,2022-11,False,"asinh_saldo ~ i(event_time, treated_main, ref=-1) | cbo_4d + periodo",22049,341
41.0,"C(event_time, contr.treatment(base=-1))[19]:treated_main",19,-3.405254908060294,0.8470638602386482,-5.071400495735086,-1.7391093203855017,7.169768178871827e-05,False,False,-2.8348270494226773,-23_to_-2,national_extended__asinh_saldo,asinh_saldo,ols,-23_to_41,-1,2022-11,False,"asinh_saldo ~ i(event_time, treated_main, ref=-1) | cbo_4d + periodo",22049,341
42.0,"C(event_time, contr.treatment(base=-1))[20]:treated_main",20,-3.9105511883391775,0.9008641915528597,-5.682520184191673,-2.138582192486682,1.8743878034355177e-05,False,False,-2.8348270494226773,-23_to_-2,national_extended__asinh_saldo,asinh_saldo,ols,-23_to_41,-1,2022-11,False,"asinh_saldo ~ i(event_time, treated_main, ref=-1) | cbo_4d + periodo",22049,341
43.0,"C(event_time, contr.treatment(base=-1))[21]:treated_main",21,-3.098102178024748,0.8379263896642399,-4.7462746741834305,-1.449929681866066,0.00025390815133330413,False,False,-2.8348270494226773,-23_to_-2,national_extended__asinh_saldo,asinh_saldo,ols,-23_to_41,-1,2022-11,False,"asinh_saldo ~ i(event_time, treated_main, ref=-1) | cbo_4d + periodo",22049,341
44.0,"C(event_time, contr.treatment(base=-1))[22]:treated_main",22,-2.6322036444361605,0.8413893919929815,-4.287187747512549,-0.9772195413597724,0.0019095228249064178,False,False,-2.8348270494226773,-23_to_-2,national_extended__asinh_saldo,asinh_saldo,ols,-23_to_41,-1,2022-11,False,"asinh_saldo ~ i(event_time, treated_main, ref=-1) | cbo_4d + periodo",22049,341
45.0,"C(event_time, contr.treatment(base=-1))[23]:treated_main",23,-1.4575865060934203,0.7992732758739557,-3.0297296519107606,0.11455663972391972,0.06908435308591288,False,False,-2.8348270494226773,-23_to_-2,national_extended__asinh_saldo,asinh_saldo,ols,-23_to_41,-1,2022-11,False,"asinh_saldo ~ i(event_time, treated_main, ref=-1) | cbo_4d + periodo",22049,341
46.0,"C(event_time, contr.treatment(base=-1))[24]:treated_main",24,-3.062498356933585,0.8395157842623703,-4.713797137804736,-1.411199576062434,0.00030580778318367585,False,True,-2.8348270494226773,-23_to_-2,national_extended__asinh_saldo,asinh_saldo,ols,-23_to_41,-1,2022-11,False,"asinh_saldo ~ i(event_time, treated_main, ref=-1) | cbo_4d + periodo",22049,341
47.0,"C(event_time, contr.treatment(base=-1))[25]:treated_main",25,-3.6075016852184056,0.9735093698814756,-5.5223612575900916,-1.6926421128467193,0.00024602759558400855,False,True,-2.8348270494226773,-23_to_-2,national_extended__asinh_saldo,asinh_saldo,ols,-23_to_41,-1,2022-11,False,"asinh_saldo ~ i(event_time, treated_main, ref=-1) | cbo_4d + periodo",22049,341
48.0,"C(event_time, contr.treatment(base=-1))[26]:treated_main",26,-3.9366184022664714,0.9285809644036188,-5.763105340575946,-2.1101314639569972,2.891411486216633e-05,False,True,-2.8348270494226773,-23_to_-2,national_extended__asinh_saldo,asinh_saldo,ols,-23_to_41,-1,2022-11,False,"asinh_saldo ~ i(event_time, treated_main, ref=-1) | cbo_4d + periodo",22049,341
49.0,"C(event_time, contr.treatment(base=-1))[27]:treated_main",27,-3.2472598375765065,0.9612867863086797,-5.138078006878461,-1.356441668274552,0.0008147366033239845,False,True,-2.8348270494226773,-23_to_-2,national_extended__asinh_saldo,asinh_saldo,ols,-23_to_41,-1,2022-11,False,"asinh_saldo ~ i(event_time, treated_main, ref=-1) | cbo_4d + periodo",22049,341
50.0,"C(event_time, contr.treatment(base=-1))[28]:treated_main",28,-3.770182271642583,0.8016425247076153,-5.346985648731263,-2.193378894553903,3.7319188861406616e-06,False,True,-2.8348270494226773,-23_to_-2,national_extended__asinh_saldo,asinh_saldo,ols,-23_to_41,-1,2022-11,False,"asinh_saldo ~ i(event_time, treated_main, ref=-1) | cbo_4d + periodo",22049,341
51.0,"C(event_time, contr.treatment(base=-1))[29]:treated_main",29,-3.9922260700160273,0.8769393922602242,-5.717135805464945,-2.267316334567109,7.394681404093717e-06,False,True,-2.8348270494226773,-23_to_-2,national_extended__asinh_saldo,asinh_saldo,ols,-23_to_41,-1,2022-11,False,"asinh_saldo ~ i(event_time, treated_main, ref=-1) | cbo_4d + periodo",22049,341
52.0,"C(event_time, contr.treatment(base=-1))[30]:treated_main",30,-2.3870060124229546,0.8620114005887083,-4.082552899775232,-0.6914591250706779,0.005929284401679613,False,True,-2.8348270494226773,-23_to_-2,national_extended__asinh_saldo,asinh_saldo,ols,-23_to_41,-1,2022-11,False,"asinh_saldo ~ i(event_time, treated_main, ref=-1) | cbo_4d + periodo",22049,341
53.0,"C(event_time, contr.treatment(base=-1))[31]:treated_main",31,-2.5193065338620833,0.8980533035017244,-4.285746609235634,-0.7528664584885321,0.005316261830698332,False,True,-2.8348270494226773,-23_to_-2,national_extended__asinh_saldo,asinh_saldo,ols,-23_to_41,-1,2022-11,False,"asinh_saldo ~ i(event_time, treated_main, ref=-1) | cbo_4d + periodo",22049,341
54.0,"C(event_time, contr.treatment(base=-1))[32]:treated_main",32,-3.1774615472062475,0.8667407186498486,-4.882310841130397,-1.4726122532820982,0.00028578334712570097,False,True,-2.8348270494226773,-23_to_-2,national_extended__asinh_saldo,asinh_saldo,ols,-23_to_41,-1,2022-11,False,"asinh_saldo ~ i(event_time, treated_main, ref=-1) | cbo_4d + periodo",22049,341
55.0,"C(event_time, contr.treatment(base=-1))[33]:treated_main",33,-2.3575527499091473,0.8616298052354651,-4.052349052277307,-0.6627564475409877,0.006542548515437341,False,True,-2.8348270494226773,-23_to_-2,national_extended__asinh_saldo,asinh_saldo,ols,-23_to_41,-1,2022-11,False,"asinh_saldo ~ i(event_time, treated_main, ref=-1) | cbo_4d + periodo",22049,341
56.0,"C(event_time, contr.treatment(base=-1))[34]:treated_main",34,-2.189778394633764,0.911559311132711,-3.982784324221814,-0.39677246504571384,0.016831070876580423,False,True,-2.8348270494226773,-23_to_-2,national_extended__asinh_saldo,asinh_saldo,ols,-23_to_41,-1,2022-11,False,"asinh_saldo ~ i(event_time, treated_main, ref=-1) | cbo_4d + periodo",22049,341
57.0,"C(event_time, contr.treatment(base=-1))[35]:treated_main",35,-0.39089251667953534,0.770209356661036,-1.905867929306724,1.1240828959476532,0.6121228162944694,False,True,-2.8348270494226773,-23_to_-2,national_extended__asinh_saldo,asinh_saldo,ols,-23_to_41,-1,2022-11,False,"asinh_saldo ~ i(event_time, treated_main, ref=-1) | cbo_4d + periodo",22049,341
58.0,"C(event_time, contr.treatment(base=-1))[36]:treated_main",36,-3.0695848758488857,0.8299508425161172,-4.7020697440565975,-1.4371000076411744,0.00025278617313184704,False,True,-2.8348270494226773,-23_to_-2,national_extended__asinh_saldo,asinh_saldo,ols,-23_to_41,-1,2022-11,False,"asinh_saldo ~ i(event_time, treated_main, ref=-1) | cbo_4d + periodo",22049,341
59.0,"C(event_time, contr.treatment(base=-1))[37]:treated_main",37,-4.1450857255007385,0.971536473863348,-6.0560646790078465,-2.2341067719936305,2.5771297871735044e-05,False,True,-2.8348270494226773,-23_to_-2,national_extended__asinh_saldo,asinh_saldo,ols,-23_to_41,-1,2022-11,False,"asinh_saldo ~ i(event_time, treated_main, ref=-1) | cbo_4d + periodo",22049,341
60.0,"C(event_time, contr.treatment(base=-1))[38]:treated_main",38,-4.460361522009016,0.9841435356074432,-6.396138133974307,-2.5245849100437256,8.094862108842804e-06,False,True,-2.8348270494226773,-23_to_-2,national_extended__asinh_saldo,asinh_saldo,ols,-23_to_41,-1,2022-11,False,"asinh_saldo ~ i(event_time, treated_main, ref=-1) | cbo_4d + periodo",22049,341
61.0,"C(event_time, contr.treatment(base=-1))[39]:treated_main",39,-3.061434269625791,0.9339398677412744,-4.8984619871727295,-1.2244065520788519,0.0011535274248111183,False,True,-2.8348270494226773,-23_to_-2,national_extended__asinh_saldo,asinh_saldo,ols,-23_to_41,-1,2022-11,False,"asinh_saldo ~ i(event_time, treated_main, ref=-1) | cbo_4d + periodo",22049,341
62.0,"C(event_time, contr.treatment(base=-1))[40]:treated_main",40,-3.877939213696922,0.9673190883485593,-5.780622714408996,-1.9752557129848476,7.499554275702813e-05,False,True,-2.8348270494226773,-23_to_-2,national_extended__asinh_saldo,asinh_saldo,ols,-23_to_41,-1,2022-11,False,"asinh_saldo ~ i(event_time, treated_main, ref=-1) | cbo_4d + periodo",22049,341
63.0,"C(event_time, contr.treatment(base=-1))[41]:treated_main",41,-4.3827029134243976,0.919381621153657,-6.191095058785072,-2.574310768063724,2.7765842609550617e-06,False,True,-2.8348270494226773,-23_to_-2,national_extended__asinh_saldo,asinh_saldo,ols,-23_to_41,-1,2022-11,False,"asinh_saldo ~ i(event_time, treated_main, ref=-1) | cbo_4d + periodo",22049,341
