family,family_label,event_time,periodo,is_reference,coefficient,standard_error,ci_low,ci_high,p_value,cluster_df,n_obs,n_clusters,effect_percent,bh_adjusted_p_value
contract_end,Contract termination,-23,2021-01,False,0.16527893408512553,0.12466612228657481,-0.07993764057804822,0.4104955087482993,0.1858076790978478,339,15926,340,17.972213753711102,0.3716153581956956
contract_end,Contract termination,-22,2021-02,False,0.0478622216815838,0.10207640371951188,-0.15292068240598083,0.24864512576914843,0.6394523334982767,339,15926,340,4.902611231352343,0.8018889721878035
contract_end,Contract termination,-21,2021-03,False,-0.1850986514895825,0.08325451649373726,-0.3488591582365824,-0.021338144742582527,0.02685531570959876,339,15926,340,-16.89777017794059,0.08328165321178942
contract_end,Contract termination,-20,2021-04,False,-0.24160621556229997,0.0851824668436977,-0.40915897454484473,-0.07405345657975523,0.004837675173450018,339,15926,340,-21.463461866690732,0.02840847548664266
contract_end,Contract termination,-19,2021-05,False,-0.08560099950795384,0.056671090870700595,-0.19707226797168131,0.025870268955773615,0.1318504874779669,339,15926,340,-8.203957517923826,0.28654121688125095
contract_end,Contract termination,-18,2021-06,False,-0.08259214059459255,0.06451861445969721,-0.20949938170900248,0.04431510051981738,0.20137509180756474,339,15926,340,-7.927340234791372,0.3859689259644991
contract_end,Contract termination,-17,2021-07,False,-0.09892938766435187,0.05932847162241032,-0.2156276880879904,0.01776891275928666,0.09634129519591594,339,15926,340,-9.419333311022582,0.2215849789506067
contract_end,Contract termination,-16,2021-08,False,-0.11446453016147388,0.06894200260885872,-0.2500725158763266,0.021143455553378862,0.09777839279892642,339,15926,340,-10.815642859541828,0.22303170588846027
contract_end,Contract termination,-15,2021-09,False,-0.19624563423307992,0.08857055813896962,-0.37046272292151594,-0.02202854554464387,0.02737607253091645,339,15926,340,-17.818965487015365,0.08395328909481045
contract_end,Contract termination,-14,2021-10,False,-0.17959619598199822,0.09648223241357566,-0.36937544085116414,0.010183048887167673,0.06354694079387979,339,15926,340,-16.439243501346233,0.15800860954153895
contract_end,Contract termination,-13,2021-11,False,-0.22769917758649524,0.08151383363778064,-0.38803578472321143,-0.06736257044977906,0.005512363827958167,339,15926,340,-20.36362121173566,0.02944386068216882
contract_end,Contract termination,-12,2021-12,False,0.01938872583690497,0.11635851513741476,-0.20948689804188958,0.2482643497156995,0.8677611615626593,339,15926,340,1.9577907869839946,0.9541915561406134
contract_end,Contract termination,-11,2022-01,False,0.11956991042273743,0.12029078552541039,-0.11704043606960837,0.35618025691508326,0.3209283142964803,339,15926,340,12.701203120068428,0.5120012413053674
contract_end,Contract termination,-10,2022-02,False,0.05876040383250942,0.06984161306054104,-0.07861710346083306,0.19613791112585188,0.4007516798351334,339,15926,340,6.052111350308051,0.5629030680946936
contract_end,Contract termination,-9,2022-03,False,-0.17578928460046417,0.07687409947581493,-0.32699959745869484,-0.024578971742233502,0.022828401805441878,339,15926,340,-16.120528832047146,0.07875798622877447
contract_end,Contract termination,-8,2022-04,False,-0.20832677355203877,0.07550255655992291,-0.3568392800642482,-0.05981426703982934,0.006108924869731025,339,15926,340,-18.805832770704,0.030108272572245767
contract_end,Contract termination,-7,2022-05,False,-0.08780203541290109,0.06989741209085897,-0.2252892986434069,0.049685227817604746,0.2099244967727103,339,15926,340,-8.405781710732414,0.3942597656018281
contract_end,Contract termination,-6,2022-06,False,-0.11244476671408891,0.06116033972206243,-0.23274632688778868,0.007856793459610864,0.06685984970682157,339,15926,340,-10.63532952106412,0.16046363929637178
contract_end,Contract termination,-5,2022-07,False,-0.0686067476445629,0.054623842306767444,-0.17605110590105877,0.038837610611932985,0.2099861795053215,339,15926,340,-6.630621482872471,0.3942597656018281
contract_end,Contract termination,-4,2022-08,False,-0.11411315712175499,0.05803655140439856,-0.22827026796807834,4.3953724568362995e-05,0.0500877764695733,339,15926,340,-10.784300374748403,0.13041722929813426
contract_end,Contract termination,-3,2022-09,False,-0.1302655356991733,0.06908925323888435,-0.2661631614096367,0.005632090011290114,0.060221680264124444,339,15926,340,-12.213770380946244,0.15197586831556853
contract_end,Contract termination,-2,2022-10,False,-0.05911775713228998,0.040751295035557675,-0.13927500272894697,0.021039488464367012,0.1477890630331391,339,15926,340,-5.740423475274722,0.3137675492088184
contract_end,Contract termination,-1,2022-11,True,0.0,,,,,339,15926,340,0.0,
contract_end,Contract termination,0,2022-12,False,-0.020646719726682587,0.08947403156695453,-0.19664092841569408,0.15534748896232892,0.8176431293813828,339,15926,340,-2.043503557323624,0.9368390195043811
contract_end,Contract termination,1,2023-01,False,0.1508249755828117,0.11216911288859445,-0.06981015079353872,0.3714601019591621,0.1796465444804689,339,15926,340,16.279312308186448,0.36894452001914285
contract_end,Contract termination,2,2023-02,False,0.06607378251927913,0.07656214973652045,-0.08452292942529659,0.21667049446385483,0.3887429485171383,339,15926,340,6.830553653205705,0.5559225585011925
contract_end,Contract termination,3,2023-03,False,-0.2177085189498322,0.06661203221712592,-0.3487334844499874,-0.08668355344967701,0.0011927587677358353,339,15926,340,-19.564013684218523,0.010619400641777115
contract_end,Contract termination,4,2023-04,False,-0.2209892049456285,0.06903229038413805,-0.3567747854920351,-0.08520362439922186,0.0014978367262972192,339,15926,340,-19.827466508793695,0.01257171113331071
contract_end,Contract termination,5,2023-05,False,-0.18788088537506223,0.08276106421355972,-0.3506707781678821,-0.025090992582242344,0.023825127745650043,339,15926,340,-17.128658675870152,0.07970089952614473
contract_end,Contract termination,6,2023-06,False,-0.13823038419633898,0.06741849691765518,-0.270841654843581,-0.005619113549096971,0.041100586888116686,339,15926,340,-12.910197251040719,0.11399509187361336
contract_end,Contract termination,7,2023-07,False,-0.03315946930795017,0.056449321693639955,-0.14419452080296763,0.07787558218706728,0.5573126050860284,339,15926,340,-3.261572081365928,0.7430834734480378
contract_end,Contract termination,8,2023-08,False,-0.1162596839976068,0.06174503872011026,-0.23771133918413365,0.005191971188920036,0.060570092444610646,339,15926,340,-10.975598884593692,0.15197586831556853
contract_end,Contract termination,9,2023-09,False,-0.07233975776577098,0.07390732486136416,-0.2177144651250118,0.07303494959346984,0.3283816780803841,339,15926,340,-6.978520558494313,0.512052786159243
contract_end,Contract termination,10,2023-10,False,-0.07856065879969097,0.07524685479509569,-0.22657020340247225,0.06944888580309029,0.2972112137728615,339,15926,340,-7.555401755290049,0.49491990242434036
contract_end,Contract termination,11,2023-11,False,-0.21540419675987454,0.07444315557591095,-0.3618328758799314,-0.06897551763981771,0.0040557520818309545,339,15926,340,-19.378449538401096,0.02544062669512144
contract_end,Contract termination,12,2023-12,False,-0.11246365265665788,0.08845801246804275,-0.2864593655341546,0.061532060220838805,0.20446548559948563,339,15926,340,-10.637017241161336,0.38918947603764165
contract_end,Contract termination,13,2024-01,False,0.1388546322126916,0.11557641672057266,-0.08848261466912977,0.36619187909451295,0.2304309721398543,339,15926,340,14.895706651678314,0.4211850881496675
contract_end,Contract termination,14,2024-02,False,-0.02325148768477936,0.07758052530610245,-0.17585133058677355,0.12934835521721483,0.7645837352893294,339,15926,340,-2.29832548047806,0.8979791954887444
contract_end,Contract termination,15,2024-03,False,-0.1923480544232752,0.08624870872842104,-0.3619980967570518,-0.02269801208949862,0.026391342736625134,339,15926,340,-17.49803332306413,0.08328165321178942
contract_end,Contract termination,16,2024-04,False,-0.2416126199187161,0.07162128147731055,-0.38249071089262954,-0.10073452894480264,0.0008281610780078719,339,15926,340,-21.463964841062015,0.009480433757308972
contract_end,Contract termination,17,2024-05,False,-0.2079121153602561,0.0900206691188024,-0.3849815527127393,-0.030842678007772906,0.02151053475986453,339,15926,340,-18.772157962852447,0.0757743714615898
contract_end,Contract termination,18,2024-06,False,-0.11748865702449279,0.07970220768007702,-0.2742618204302988,0.03928450638131323,0.1413839058112687,339,15926,340,-11.084940269730472,0.3048590469055481
contract_end,Contract termination,19,2024-07,False,-0.14755293638092554,0.0705716666035342,-0.28636644910902415,-0.008739423652826928,0.0372881152353961,339,15926,340,-13.718323728438461,0.10609814231927138
contract_end,Contract termination,20,2024-08,False,-0.15928828974179746,0.08279127318865016,-0.3221376031796161,0.0035610236960211816,0.05519476835927839,339,15926,340,-14.72495156876763,0.1410532969181559
contract_end,Contract termination,21,2024-09,False,-0.08935148683282718,0.10071778140439128,-0.2874619992211539,0.10875902555549952,0.3756286590406259,339,15926,340,-8.547592609396961,0.548447573129512
contract_end,Contract termination,22,2024-10,False,0.03460836417798578,0.06702510249060661,-0.09722910495748162,0.1664458333134532,0.6059471205254989,339,15926,340,3.5214202434265762,0.7815018937618585
contract_end,Contract termination,23,2024-11,False,-0.21995551684202355,0.09093204538548195,-0.3988176189717968,-0.04109341471225034,0.016093601452559003,339,15926,340,-19.744550267304835,0.0648498811291045
dismissal_with_cause,Dismissal with cause or reciprocal fault,-23,2021-01,False,0.1853938201348953,0.05793063807147679,0.07144383153668182,0.2993438087331088,0.0015031393746349764,338,15879,339,20.369238509450486,0.01257171113331071
dismissal_with_cause,Dismissal with cause or reciprocal fault,-22,2021-02,False,0.09655898193868136,0.08108486530872647,-0.06293554090805305,0.2560535047854158,0.23455259805459439,338,15879,339,10.137454043367205,0.4258981385728161
dismissal_with_cause,Dismissal with cause or reciprocal fault,-21,2021-03,False,0.07591200886844268,0.05829390291626417,-0.038752524335175995,0.19057654207206137,0.19372479749680904,338,15879,339,7.886763919625436,0.37920598658949856
dismissal_with_cause,Dismissal with cause or reciprocal fault,-20,2021-04,False,0.1532226897263639,0.06377107071223263,0.027784527426324035,0.2786608520264038,0.016813218631319904,338,15879,339,16.558451374021764,0.06498593771797881
dismissal_with_cause,Dismissal with cause or reciprocal fault,-19,2021-05,False,0.09169108192258378,0.0664726368418056,-0.03906108070457716,0.22244324454974473,0.16868930326686948,338,15879,339,9.602618747570158,0.35271399773981804
dismissal_with_cause,Dismissal with cause or reciprocal fault,-18,2021-06,False,0.15988331942990658,0.05486831810003978,0.051956936603112014,0.26780970225670114,0.0038066681835060567,338,15879,339,17.337395306235845,0.024433498108085386
dismissal_with_cause,Dismissal with cause or reciprocal fault,-17,2021-07,False,0.024920553999280653,0.08944752378107582,-0.15102337919917838,0.20086448719773967,0.780718116402483,338,15879,339,2.5233666574264237,0.909190717835803
dismissal_with_cause,Dismissal with cause or reciprocal fault,-16,2021-08,False,0.1584889175665025,0.06613871942707793,0.028393572935270006,0.288584262197735,0.017104037471442846,338,15879,339,17.17389384343814,0.06498593771797881
dismissal_with_cause,Dismissal with cause or reciprocal fault,-15,2021-09,False,0.08042909015876723,0.08126150549275919,-0.07941288522131718,0.24027106553885164,0.3230012289475386,338,15879,339,8.375199523560461,0.512052786159243
dismissal_with_cause,Dismissal with cause or reciprocal fault,-14,2021-10,False,0.03610169051854273,0.07615853891124977,-0.11370271228962195,0.1859060933267074,0.6357821617562138,338,15879,339,3.676126992169456,0.8012597107064613
dismissal_with_cause,Dismissal with cause or reciprocal fault,-13,2021-11,False,0.011686277311305122,0.061163388992358514,-0.108622555981849,0.13199511060445926,0.8485881761636183,338,15879,339,1.1754828626304852,0.9443965186337041
dismissal_with_cause,Dismissal with cause or reciprocal fault,-12,2021-12,False,0.1300157947687485,0.06497712236584732,0.0022053200490061986,0.2578262694884908,0.04619734208710358,338,15879,339,13.884637099763586,0.12260063861577489
dismissal_with_cause,Dismissal with cause or reciprocal fault,-11,2022-01,False,0.2053977705094834,0.06075261847419528,0.08589692582856293,0.32489861519040386,0.0008071128625697366,338,15879,339,22.80134353569027,0.009480433757308972
dismissal_with_cause,Dismissal with cause or reciprocal fault,-10,2022-02,False,0.13410877281348949,0.07268109569492245,-0.008855473765729122,0.2770730193927081,0.0658878166963619,338,15879,339,14.351719646284891,0.1595178720017183
dismissal_with_cause,Dismissal with cause or reciprocal fault,-9,2022-03,False,0.13551474584649426,0.06002736981177154,0.017440470586612924,0.2535890211063756,0.024611465229242624,338,15879,339,14.51260815633535,0.08086624289608291
dismissal_with_cause,Dismissal with cause or reciprocal fault,-8,2022-04,False,0.16977562666480905,0.08443931338917475,0.0036828799205791407,0.33586837340903897,0.04515915256855374,338,15879,339,18.503893035155972,0.12100899134874595
dismissal_with_cause,Dismissal with cause or reciprocal fault,-7,2022-05,False,0.21251484150547031,0.08373395005546563,0.04780954959532285,0.3772201334156178,0.01159804494989003,338,15879,339,23.678446917253677,0.050810482637613466
dismissal_with_cause,Dismissal with cause or reciprocal fault,-6,2022-06,False,0.15408522190655438,0.061907231037017334,0.032313245873574675,0.2758571979395341,0.01329202503855531,338,15879,339,16.659030159188887,0.055584831979413114
dismissal_with_cause,Dismissal with cause or reciprocal fault,-5,2022-07,False,0.1361522395868476,0.036247768705352776,0.06485261354804306,0.20745186562565215,0.0002031389378347459,338,15879,339,14.58563250103479,0.004672195570199156
dismissal_with_cause,Dismissal with cause or reciprocal fault,-4,2022-08,False,0.11136832606626626,0.050796820051514785,0.011450609666287817,0.21128604246624472,0.029030028478155723,338,15879,339,11.780654832945476,0.08709008543446715
dismissal_with_cause,Dismissal with cause or reciprocal fault,-3,2022-09,False,0.11534485865609732,0.034295828194669385,0.047884713871794576,0.18280500344040007,0.000858734941785233,338,15879,339,12.226039205639747,0.009480433757308972
dismissal_with_cause,Dismissal with cause or reciprocal fault,-2,2022-10,False,0.10476773222081381,0.06533823813213793,-0.02375305985121931,0.23328852429284694,0.10976551473142182,338,15879,339,11.04526580270863,0.24630310622660503
dismissal_with_cause,Dismissal with cause or reciprocal fault,-1,2022-11,True,0.0,,,,,338,15879,339,0.0,
dismissal_with_cause,Dismissal with cause or reciprocal fault,0,2022-12,False,-0.007704188476730748,0.03776459737755112,-0.08198742760277915,0.06657905064931764,0.8384719159608629,338,15879,339,-0.7674587283192461,0.940724588639017
dismissal_with_cause,Dismissal with cause or reciprocal fault,1,2023-01,False,0.10994927883033899,0.044678493640026386,0.022066355210806757,0.1978322024498712,0.01435826031744214,338,15879,339,11.622145296533557,0.05914746041214971
dismissal_with_cause,Dismissal with cause or reciprocal fault,2,2023-02,False,0.00403428048718795,0.03196790086733178,-0.05884681422553966,0.06691537519991556,0.8996503436806558,338,15879,339,0.40424291510261484,0.9576614587650669
dismissal_with_cause,Dismissal with cause or reciprocal fault,3,2023-03,False,0.05056017562871075,0.036360116099389245,-0.02096043855549795,0.12208078981291945,0.16527999786822778,338,15879,339,5.186015779690402,0.3482235069590143
dismissal_with_cause,Dismissal with cause or reciprocal fault,4,2023-04,False,0.01426076076171646,0.039541111922389044,-0.06351689546153483,0.09203841698496776,0.7185815032400398,338,15879,339,1.436293050550568,0.8622978038880478
dismissal_with_cause,Dismissal with cause or reciprocal fault,5,2023-05,False,0.013627782732326451,0.04859824872275489,-0.08196532779095786,0.10922089325561077,0.7793290276375029,338,15879,339,1.3721064221726658,0.909190717835803
dismissal_with_cause,Dismissal with cause or reciprocal fault,6,2023-06,False,0.03950312681892018,0.055529673919781704,-0.06972414774025908,0.14873040137809945,0.47733467629419657,338,15879,339,4.029375169005782,0.6521998547386052
dismissal_with_cause,Dismissal with cause or reciprocal fault,7,2023-07,False,0.002773019285568222,0.05323882795166715,-0.1019481445067171,0.10749418307785355,0.9584906125648429,338,15879,339,0.2776867659930562,0.9797904039551727
dismissal_with_cause,Dismissal with cause or reciprocal fault,8,2023-08,False,0.028807316536460553,0.04553636397515438,-0.060763044303873,0.11837767737679411,0.5274080904810803,338,15879,339,2.9226260487268148,0.7135521224155792
dismissal_with_cause,Dismissal with cause or reciprocal fault,9,2023-09,False,0.0018305817233924097,0.0755150901464698,-0.14670815266041026,0.15036931610719506,0.9806744636376072,338,15879,339,0.18322582609723584,0.9914511060951633
dismissal_with_cause,Dismissal with cause or reciprocal fault,10,2023-10,False,-0.024968140628370668,0.06297233716687206,-0.1488351882054111,0.09889890694866979,0.6919909900662704,338,15879,339,-2.4659014715741674,0.8411423106628226
dismissal_with_cause,Dismissal with cause or reciprocal fault,11,2023-11,False,-0.046254844510369056,0.05304016452508517,-0.15058523589020542,0.05807554686946731,0.3837881217144199,338,15879,339,-4.520139400021002,0.5545838826868057
dismissal_with_cause,Dismissal with cause or reciprocal fault,12,2023-12,False,0.08664746998623704,0.06375007315222594,-0.038749389959763514,0.2120443299322376,0.17499748540182214,338,15879,339,9.051217367570505,0.3631526764729542
dismissal_with_cause,Dismissal with cause or reciprocal fault,13,2024-01,False,0.10401025518364745,0.06738050884894745,-0.02852769831871163,0.23654820868600654,0.12361485323518662,338,15879,339,10.961183413037087,0.27294159594329204
dismissal_with_cause,Dismissal with cause or reciprocal fault,14,2024-02,False,0.0678461023140544,0.07280148046883902,-0.07535494199555114,0.21104714662365992,0.35203633644155996,338,15879,339,7.020059440956518,0.5280545046623399
dismissal_with_cause,Dismissal with cause or reciprocal fault,15,2024-03,False,0.020514485672157412,0.06201661490918498,-0.10147264923704515,0.14250162058135996,0.7410079611216605,338,15879,339,2.072635404342926,0.8777605033029111
dismissal_with_cause,Dismissal with cause or reciprocal fault,16,2024-04,False,-0.010357781955340296,0.07438004309728698,-0.15666387049544905,0.13594830658476847,0.88933169993732,338,15879,339,-1.0304324856677882,0.9576614587650669
dismissal_with_cause,Dismissal with cause or reciprocal fault,17,2024-05,False,0.03621802213040847,0.08424868885174144,-0.12949976475509756,0.2019358090159145,0.6675465491525894,338,15879,339,3.6881885046884464,0.8225127123487262
dismissal_with_cause,Dismissal with cause or reciprocal fault,18,2024-06,False,0.04769431479923994,0.11912065475784833,-0.18661688396091752,0.2820055135593974,0.6891247298493413,338,15879,339,4.884998839613029,0.8411423106628226
dismissal_with_cause,Dismissal with cause or reciprocal fault,19,2024-07,False,0.007170875655242139,0.09143302920800646,-0.17267856123335895,0.18702031254384321,0.9375343053305549,338,15879,339,0.719664795055189,0.9727799559068916
dismissal_with_cause,Dismissal with cause or reciprocal fault,20,2024-08,False,-0.038691625133694126,0.09375385976278605,-0.2231061526903666,0.14572290242297836,0.6800927106649,338,15879,339,-3.7952665373709964,0.8342470584156106
dismissal_with_cause,Dismissal with cause or reciprocal fault,21,2024-09,False,-0.05361122866315644,0.09714431859663686,-0.2446948135325298,0.13747235620621695,0.5814007472611913,338,15879,339,-5.2199487443371435,0.7605052428629802
dismissal_with_cause,Dismissal with cause or reciprocal fault,22,2024-10,False,-0.07774122791295811,0.08747416419793545,-0.24980354838480473,0.09432109255888853,0.37477831258227035,338,15879,339,-7.479618750949982,0.548447573129512
dismissal_with_cause,Dismissal with cause or reciprocal fault,23,2024-11,False,-0.11067532094033579,0.10520685230143084,-0.31761796854954005,0.09626732666886849,0.293561018875125,338,15879,339,-10.47706360237525,0.4940417146922835
dismissal_without_cause,Dismissal without cause,-23,2021-01,False,0.21372890179560755,0.06303539419884246,0.08974044137167572,0.3377173622195394,0.0007794117296007208,340,15935,341,23.828691192751826,0.009480433757308972
dismissal_without_cause,Dismissal without cause,-22,2021-02,False,0.12662805782648276,0.0488938479601683,0.03045553428106182,0.2228005813719037,0.010014527890028768,340,15935,341,13.499478683565986,0.04531163438767115
dismissal_without_cause,Dismissal without cause,-21,2021-03,False,0.10665065903081708,0.05420284714079457,3.551601479633015e-05,0.21326580204683782,0.0499241597661102,340,15935,341,11.254552885107609,0.13041722929813426
dismissal_without_cause,Dismissal without cause,-20,2021-04,False,0.08554075470800612,0.050485024088057454,-0.013761557757873605,0.18484306717388585,0.09110903002224191,340,15935,341,8.930595478555526,0.213102477001176
dismissal_without_cause,Dismissal without cause,-19,2021-05,False,0.05058876882862183,0.054246181526290516,-0.056111611438777256,0.15728914909602093,0.3516999112315413,340,15935,341,5.189023427466373,0.5280545046623399
dismissal_without_cause,Dismissal without cause,-18,2021-06,False,0.10936641454591833,0.059107146074732414,-0.0068953164228886255,0.2256281455147253,0.06513657034163245,340,15935,341,11.557103691745397,0.1595178720017183
dismissal_without_cause,Dismissal without cause,-17,2021-07,False,0.10488518426148151,0.037610310637764634,0.030906991988545823,0.1788633765344172,0.005589336045978666,340,15935,341,11.058309061747346,0.02944386068216882
dismissal_without_cause,Dismissal without cause,-16,2021-08,False,0.06544760840297402,0.03645037444574056,-0.006249029126520339,0.13714424593246838,0.07345774648663506,340,15935,341,6.763680065117547,0.17328494043001091
dismissal_without_cause,Dismissal without cause,-15,2021-09,False,0.12484760672894506,0.03674572897539394,0.05257001696021446,0.19712519649767565,0.0007604070722369016,340,15935,341,13.297578202475924,0.009480433757308972
dismissal_without_cause,Dismissal without cause,-14,2021-10,False,0.05599112390573301,0.02650035877974294,0.003865826244907271,0.10811642156655876,0.035342578133366276,340,15935,341,5.7588296441535185,0.10351565352946836
dismissal_without_cause,Dismissal without cause,-13,2021-11,False,-0.015219242299624947,0.02620803979063276,-0.06676955852544736,0.03633107392619747,0.561821353707511,340,15935,341,-1.5104014929914666,0.7454937193426587
dismissal_without_cause,Dismissal without cause,-12,2021-12,False,-0.00330084814348763,0.030784536157154634,-0.06385297590444255,0.0572512796174673,0.9146743358318008,340,15935,341,-0.329540633343062,0.9576614587650669
dismissal_without_cause,Dismissal without cause,-11,2022-01,False,0.23486854361354922,0.05489865390754136,0.12688477252979008,0.34285231469730837,2.451992169372197e-05,340,15935,341,26.47424993257914,0.0007519442652741404
dismissal_without_cause,Dismissal without cause,-10,2022-02,False,0.15075618195977475,0.04179356239286176,0.06854967682749426,0.23296268709205525,0.0003559864682098901,340,15935,341,16.271313308151775,0.007557866555840744
dismissal_without_cause,Dismissal without cause,-9,2022-03,False,0.11129117787154066,0.04668292206383793,0.019467469804812135,0.2031148859382692,0.01767463920802026,340,15935,341,11.772031489861822,0.06592162731639989
dismissal_without_cause,Dismissal without cause,-8,2022-04,False,0.13644681297237354,0.04391057381511884,0.05007621891383782,0.22281740703090927,0.0020465829525213586,340,15935,341,14.619391350718455,0.01569046930266375
dismissal_without_cause,Dismissal without cause,-7,2022-05,False,0.1398197252189795,0.030528403460002233,0.07977140169670321,0.1998680487412558,6.5344532191868865e-06,340,15935,341,15.00664521902737,0.00045087727212389517
dismissal_without_cause,Dismissal without cause,-6,2022-06,False,0.13881696865819895,0.030944040239919385,0.07795110183199842,0.19968283548439947,9.939090564792252e-06,340,15935,341,14.891379352461115,0.0005486377991765323
dismissal_without_cause,Dismissal without cause,-5,2022-07,False,0.1456430260274032,0.03501034754351511,0.076778872070753,0.2145071799840534,4.034960693211076e-05,340,15935,341,15.678317285269774,0.001113649151326257
dismissal_without_cause,Dismissal without cause,-4,2022-08,False,0.14804034928159746,0.034030645713113324,0.0811032352549721,0.21497746330822282,1.800511756333556e-05,340,15935,341,15.955968281923877,0.000709916063925802
dismissal_without_cause,Dismissal without cause,-3,2022-09,False,0.15608830261278384,0.029956247748585484,0.09716538976942775,0.21501121545613994,3.272054056591145e-07,340,15935,341,16.89294180545006,9.03086919619156e-05
dismissal_without_cause,Dismissal without cause,-2,2022-10,False,0.10891531215184509,0.023702033812685996,0.0622942238140668,0.1555364004896234,6.101642084699321e-06,340,15935,341,11.506791364053095,0.00045087727212389517
dismissal_without_cause,Dismissal without cause,-1,2022-11,True,0.0,,,,,340,15935,341,0.0,
dismissal_without_cause,Dismissal without cause,0,2022-12,False,-0.04052687768740383,0.035308266054068,-0.10997702714586247,0.028923271771054804,0.25185752071887,340,15935,341,-3.9716646031256375,0.4513810111584944
dismissal_without_cause,Dismissal without cause,1,2023-01,False,0.18909947429432628,0.038656614073969815,0.11306323901491515,0.2651357095737374,1.5450208872280768e-06,340,15935,341,20.81611274812298,0.0002132128824374746
dismissal_without_cause,Dismissal without cause,2,2023-02,False,0.15135856407612025,0.03413542000683174,0.08421536260393736,0.21850176554830314,1.2499109298680366e-05,340,15935,341,16.34137416751843,0.0005749590277392969
dismissal_without_cause,Dismissal without cause,3,2023-03,False,0.13581390284376302,0.04896833853220188,0.03949485889563932,0.23213294679188673,0.0058516023531272054,340,15935,341,14.54687052899955,0.02944386068216882
dismissal_without_cause,Dismissal without cause,4,2023-04,False,0.1245161812179544,0.05676883476941519,0.012853828462339942,0.23617853397356886,0.028956004400723323,340,15935,341,13.260034716504332,0.08709008543446715
dismissal_without_cause,Dismissal without cause,5,2023-05,False,0.11593396112967067,0.04987413188184776,0.01783325270062759,0.21403466955871375,0.020685593693634763,340,15935,341,12.292171320318749,0.07512136657162098
dismissal_without_cause,Dismissal without cause,6,2023-06,False,0.14691621493190307,0.04696234790930862,0.05454288580191477,0.23928954406189137,0.0019096376411837923,340,15935,341,15.825691432985522,0.015058856827620763
dismissal_without_cause,Dismissal without cause,7,2023-07,False,0.1498824522454818,0.04570369902495476,0.059984842342267225,0.23978006214869638,0.0011477585003314417,340,15935,341,16.169767974842113,0.010559378203049263
dismissal_without_cause,Dismissal without cause,8,2023-08,False,0.14076949810978726,0.0416439207146362,0.05885733303096807,0.22268166318860644,0.0008082303263334811,340,15935,341,15.115927301283744,0.009480433757308972
dismissal_without_cause,Dismissal without cause,9,2023-09,False,0.11475468138014537,0.04322945533586892,0.029723824031149232,0.1997855387291415,0.00831488415549586,340,15935,341,12.159825488368035,0.03956737977442858
dismissal_without_cause,Dismissal without cause,10,2023-10,False,0.09472474973478982,0.04013976466113062,0.015771208071939047,0.1736782913976406,0.018845688886897527,340,15935,341,9.935621538733368,0.0693521351037829
dismissal_without_cause,Dismissal without cause,11,2023-11,False,-0.0007107204293625993,0.039865172063451214,-0.07912414786174343,0.07770270700301823,0.985786441843616,340,15935,341,-0.07104679274212147,0.992981963316927
dismissal_without_cause,Dismissal without cause,12,2023-12,False,-0.07020532299869807,0.05247132532053205,-0.1734146219264346,0.03300397592903845,0.18179874899493997,340,15935,341,-6.779760233675547,0.36894452001914285
dismissal_without_cause,Dismissal without cause,13,2024-01,False,0.18461122591916104,0.052582206227596774,0.08118382804666348,0.2880386237916586,0.000506782859753141,340,15935,341,20.27507509032012,0.009324804619457793
dismissal_without_cause,Dismissal without cause,14,2024-02,False,0.11787630364433443,0.05820722299902514,0.003384690528759879,0.23236791675990898,0.04363658709402962,340,15935,341,12.51049313797381,0.11924453502922946
dismissal_without_cause,Dismissal without cause,15,2024-03,False,0.09486690475783671,0.0513217793742071,-0.0060812766837174265,0.19581508619939086,0.06540211717815403,340,15935,341,9.951250550391817,0.1595178720017183
dismissal_without_cause,Dismissal without cause,16,2024-04,False,0.13099159615220776,0.05465627253455028,0.023484580923703605,0.23849861138071193,0.017085569586782645,340,15935,341,13.995820123652292,0.06498593771797881
dismissal_without_cause,Dismissal without cause,17,2024-05,False,0.11819455027644914,0.04435758117188993,0.030944708064258863,0.2054443924886394,0.00807579284086124,340,15935,341,12.54630492168006,0.03910383901890706
dismissal_without_cause,Dismissal without cause,18,2024-06,False,0.1396939054282745,0.04401903573631783,0.053109970487286884,0.22627784036926213,0.001643646614490235,340,15935,341,14.992176017271285,0.013342543105861908
dismissal_without_cause,Dismissal without cause,19,2024-07,False,0.1550905692029158,0.036020268123599784,0.08423993607108751,0.2259412023347441,2.1808812800561128e-05,340,15935,341,16.776371974510624,0.0007519442652741404
dismissal_without_cause,Dismissal without cause,20,2024-08,False,0.11138951120428875,0.039684976575765966,0.0333305221216223,0.1894485002869552,0.005291400220143183,340,15935,341,11.783022946630677,0.02944386068216882
dismissal_without_cause,Dismissal without cause,21,2024-09,False,0.1256413955725273,0.041353623964339684,0.044300234254258816,0.20698255689079575,0.002564012905749591,340,15935,341,13.38754825994769,0.01854565312458238
dismissal_without_cause,Dismissal without cause,22,2024-10,False,0.08576992073441797,0.03782065540064225,0.011377987520556881,0.16016185394827906,0.023968024132862364,340,15935,341,8.955561530852261,0.07970089952614473
dismissal_without_cause,Dismissal without cause,23,2024-11,False,-0.0014323132282312242,0.04256959522047483,-0.08516524834095501,0.08230062188449255,0.9731788723760739,340,15935,341,-0.14312879572008488,0.9874903263816044
mutual_agreement,Mutual agreement,-23,2021-01,False,0.0038811896787279217,0.1110226402593387,-0.2145058264488975,0.22226820580635334,0.972133557551289,336,15839,337,0.38887312489874704,0.9874903263816044
mutual_agreement,Mutual agreement,-22,2021-02,False,0.006082409039104521,0.10931601220301726,-0.20894758542168682,0.22111240349989583,0.9556611870595484,336,15839,337,0.6100944449891594,0.9797904039551727
mutual_agreement,Mutual agreement,-21,2021-03,False,0.009816300365812167,0.09615624384998277,-0.17932777986310053,0.19896038059472484,0.918748532746765,336,15839,337,0.9864638279271862,0.9576614587650669
mutual_agreement,Mutual agreement,-20,2021-04,False,0.013443974853624007,0.12001959904677915,-0.22264050351434,0.249528453221588,0.9108785360609386,336,15839,337,1.3534751426720444,0.9576614587650669
mutual_agreement,Mutual agreement,-19,2021-05,False,-0.11871423363892972,0.1091353705945005,-0.3333888971349708,0.09596042985711137,0.27747610344834595,336,15839,337,-11.19384573797794,0.4756733201971645
mutual_agreement,Mutual agreement,-18,2021-06,False,0.10278211016136714,0.11589200769760291,-0.12518319218596557,0.3307474125086998,0.3757787573263798,336,15839,337,10.824990637320568,0.548447573129512
mutual_agreement,Mutual agreement,-17,2021-07,False,0.01570340473898453,0.12809452009718844,-0.236264842106704,0.26767165158467304,0.9025032259666022,336,15839,337,1.5827351142787733,0.9576614587650669
mutual_agreement,Mutual agreement,-16,2021-08,False,0.01073994288668962,0.10618112143998856,-0.1981235666299076,0.21960345240328683,0.9194937919302273,336,15839,337,1.0797823097763357,0.9576614587650669
mutual_agreement,Mutual agreement,-15,2021-09,False,0.11165063667598542,0.11553790124969855,-0.11561812080114113,0.33891939415311195,0.3345615648916347,336,15839,337,11.812216152604254,0.5121072843995012
mutual_agreement,Mutual agreement,-14,2021-10,False,0.005509037189252002,0.09804620992830312,-0.187352699649724,0.198370774028228,0.9552253015438743,336,15839,337,0.5524239839128295,0.9797904039551727
mutual_agreement,Mutual agreement,-13,2021-11,False,0.16230241016009717,0.12214699631497428,-0.07796676369370595,0.40257158401390025,0.1848332386864553,336,15839,337,17.621588717757927,0.3716153581956956
mutual_agreement,Mutual agreement,-12,2021-12,False,0.11869504539806583,0.12315297063717254,-0.12355292962649586,0.3609430204226275,0.3358384727402526,336,15839,337,12.60264789676529,0.5121072843995012
mutual_agreement,Mutual agreement,-11,2022-01,False,0.11124050528654103,0.13193287569648054,-0.1482779765761503,0.3707589871492324,0.3997388644360482,336,15839,337,11.766367855592277,0.5629030680946936
mutual_agreement,Mutual agreement,-10,2022-02,False,-0.02124504552273604,0.1241309892809882,-0.2654168315181157,0.2229267404726436,0.8642086745103872,336,15839,337,-2.102095925625617,0.9540863766594674
mutual_agreement,Mutual agreement,-9,2022-03,False,0.30403561190935485,0.10372710363512476,0.09999927660403923,0.5080719472146704,0.0036088899173629674,336,15839,337,35.53173206678404,0.0237155623140995
mutual_agreement,Mutual agreement,-8,2022-04,False,0.13261498725107354,0.1183984244023042,-0.1002805605311862,0.3655105350333333,0.2634822478952341,336,15839,337,14.181030216882116,0.46319172241455175
mutual_agreement,Mutual agreement,-7,2022-05,False,-0.02590280451020109,0.09711239117179471,-0.21692767373945793,0.16512206471905577,0.7898405454789998,336,15839,337,-2.557020481258489,0.9121171152811881
mutual_agreement,Mutual agreement,-6,2022-06,False,0.048986848775150624,0.1095863611533278,-0.16657493542180302,0.26454863297210424,0.6551515644889336,336,15839,337,5.020653914687405,0.8108602322822677
mutual_agreement,Mutual agreement,-5,2022-07,False,0.019245235054913372,0.09417497528825859,-0.16600159207020257,0.20449206218002933,0.8381989230369191,336,15839,337,1.9431618334389267,0.940724588639017
mutual_agreement,Mutual agreement,-4,2022-08,False,-0.07932388827174319,0.10592217916443711,-0.28767804554473597,0.1290302690012496,0.4544484188518323,336,15839,337,-7.625931278673257,0.6271388180155286
mutual_agreement,Mutual agreement,-3,2022-09,False,0.04855613256771362,0.09954706515150712,-0.14725786061347731,0.24437012574890457,0.6260304490570645,336,15839,337,4.975429557061773,0.7925890088979349
mutual_agreement,Mutual agreement,-2,2022-10,False,-0.08543738778208378,0.09488068325871901,-0.2720723773357488,0.10119760177158126,0.36851412152872864,336,15839,337,-8.188937380283475,0.5468274061394038
mutual_agreement,Mutual agreement,-1,2022-11,True,0.0,,,,,336,15839,337,0.0,
mutual_agreement,Mutual agreement,0,2022-12,False,0.00015166462536082994,0.13453761357862626,-0.26449046528377973,0.26479379453450136,0.9991012117102649,336,15839,337,0.015167612702158054,0.9994291048662937
mutual_agreement,Mutual agreement,1,2023-01,False,-0.14623888952777897,0.14418678889111058,-0.42986142379105347,0.13738364473549552,0.3112017266092808,336,15839,337,-13.604871038499585,0.50608696368842
mutual_agreement,Mutual agreement,2,2023-02,False,0.08134676469947365,0.08161249069100833,-0.07918903483762772,0.241882564236575,0.3196060302357455,336,15839,337,8.474698331786232,0.5120012413053674
mutual_agreement,Mutual agreement,3,2023-03,False,-0.02578781146864106,0.11805973626178122,-0.25801714295273087,0.20644152001544874,0.8272265467335034,336,15839,337,-2.545814572376533,0.9395659543145964
mutual_agreement,Mutual agreement,4,2023-04,False,-0.07270216823284355,0.1360934624750906,-0.34040472975530744,0.19500039328962038,0.593551148856555,336,15839,337,-7.0122264082611965,0.7691085309127192
mutual_agreement,Mutual agreement,5,2023-05,False,-0.06764632170124518,0.14618989175999614,-0.35520905822876736,0.219916414826277,0.643858063529867,336,15839,337,-6.540904032846299,0.8018889721878035
mutual_agreement,Mutual agreement,6,2023-06,False,-0.0254689233541955,0.11061380860861714,-0.24305174743512617,0.19211390072673515,0.8180369699295502,336,15839,337,-2.5147326353739405,0.9368390195043811
mutual_agreement,Mutual agreement,7,2023-07,False,0.026403194565899464,0.1285306383709575,-0.22642291846153972,0.27922930759333864,0.8373657742678307,336,15839,337,2.67548470018383,0.940724588639017
mutual_agreement,Mutual agreement,8,2023-08,False,0.07015387432204437,0.128767492409951,-0.18313814229688516,0.32344589094097387,0.5862453093174236,336,15839,337,7.2673225421198016,0.7632250253377779
mutual_agreement,Mutual agreement,9,2023-09,False,0.053030186615606455,0.10502262933421415,-0.1535545117180059,0.2596148849492188,0.6139315900876148,336,15839,337,5.44614752621569,0.7863294432970862
mutual_agreement,Mutual agreement,10,2023-10,False,0.062249506690662315,0.10912717369863384,-0.15240903310641388,0.2769080464877385,0.5687667641741494,336,15839,337,6.422784357214771,0.7510986933591638
mutual_agreement,Mutual agreement,11,2023-11,False,0.07184161521038611,0.10154076918912423,-0.12789409226979603,0.2715773226905682,0.47973695019579576,336,15839,337,7.4485148481788155,0.6522531933696534
mutual_agreement,Mutual agreement,12,2023-12,False,0.11952618549300921,0.1384720022680898,-0.1528550812639956,0.391907452250014,0.3886545246474409,336,15839,337,12.69627537561514,0.5559225585011925
mutual_agreement,Mutual agreement,13,2024-01,False,0.06900552381007485,0.0862569922441729,-0.10066623964597513,0.23867728726612483,0.42427650033029773,336,15839,337,7.144212757481898,0.588443789402825
mutual_agreement,Mutual agreement,14,2024-02,False,0.05488950091135673,0.11060890257497279,-0.16268367275911616,0.2724626745818296,0.6200435732304175,336,15839,337,5.642387435042659,0.7886268489013605
mutual_agreement,Mutual agreement,15,2024-03,False,0.10497577265670761,0.10361383791027637,-0.09883776337432133,0.3087893086877366,0.31172023125736015,336,15839,337,11.068370111442068,0.50608696368842
mutual_agreement,Mutual agreement,16,2024-04,False,-0.027377968096668672,0.12411092742007145,-0.27151029142089095,0.2167543552275536,0.8255435412388414,336,15839,337,-2.700658845311597,0.9395659543145964
mutual_agreement,Mutual agreement,17,2024-05,False,-0.046741996693880024,0.11905460307125351,-0.2809282803226635,0.18744428693490342,0.6948566914171144,336,15839,337,-4.5666412949241435,0.8411423106628226
mutual_agreement,Mutual agreement,18,2024-06,False,-0.05635140917525914,0.12220063625775365,-0.296726095445462,0.18402327709494376,0.6449976515423637,336,15839,337,-5.479307686279871,0.8018889721878035
mutual_agreement,Mutual agreement,19,2024-07,False,0.03329488919044584,0.12464514281370663,-0.2118882621947279,0.2784780405756196,0.7895426281789932,336,15839,337,3.3855367066113464,0.9121171152811881
mutual_agreement,Mutual agreement,20,2024-08,False,0.007959067851220506,0.11444539346240513,-0.2171606728559402,0.2330788085583812,0.9445974422582077,336,15839,337,0.7990825429412589,0.9764378054803946
mutual_agreement,Mutual agreement,21,2024-09,False,0.021302699389415883,0.11562125767196119,-0.2061300242867714,0.24873542306560315,0.8539319936322725,336,15839,337,2.1531221719454186,0.9465270290863743
mutual_agreement,Mutual agreement,22,2024-10,False,0.09238995447704325,0.11299911603892945,-0.12988488711523588,0.3146647960693224,0.41415553595955834,336,15839,337,9.679243782157764,0.5773077167921117
mutual_agreement,Mutual agreement,23,2024-11,False,-0.01687527286330257,0.11205823215587689,-0.23729934939304628,0.20354880366644115,0.8803865320016624,336,15839,337,-1.673368302071208,0.9576614587650669
resignation,Resignation,-23,2021-01,False,-0.03960087984078108,0.05484472500191044,-0.14747971136805718,0.06827795168649503,0.4707587399014219,339,15926,340,-3.882701387817418,0.6464149861332957
resignation,Resignation,-22,2021-02,False,0.020859102311217896,0.06544347148565569,-0.10786732005146552,0.14958552467390132,0.7501240222654382,339,15926,340,2.1078173946974665,0.88476166728744
resignation,Resignation,-21,2021-03,False,-0.024925460170257065,0.07501023103055848,-0.17246956903188054,0.1226186486913664,0.7398725350465205,339,15926,340,-2.4617385827309075,0.8777605033029111
resignation,Resignation,-20,2021-04,False,0.042204700938717685,0.08392909410472839,-0.12288269083588792,0.20729209271332327,0.6153882599716327,339,15926,340,4.310798208096754,0.7863294432970862
resignation,Resignation,-19,2021-05,False,0.04761353451003489,0.07804747323193605,-0.10590478863999153,0.2011318576600613,0.5422316880782776,339,15926,340,4.876526541275457,0.7300290044370956
resignation,Resignation,-18,2021-06,False,0.06652849739234558,0.07088497252781785,-0.07290128384692009,0.20595827863161126,0.3486343372526637,339,15926,340,6.87914214096656,0.5280545046623399
resignation,Resignation,-17,2021-07,False,0.06878042315745934,0.06729273719447551,-0.06358347981696923,0.20114432613188793,0.3074587736035126,339,15926,340,7.1200972395774516,0.5051108423486278
resignation,Resignation,-16,2021-08,False,0.05059237255535124,0.05725903552539356,-0.0620353750838808,0.1632201201945833,0.3775544887485771,339,15926,340,5.189402500644777,0.548447573129512
resignation,Resignation,-15,2021-09,False,0.055060844692718464,0.049546451576168986,-0.04239635474029339,0.15251804412573033,0.2672278814479938,339,15926,340,5.660490152027562,0.4643055598672747
resignation,Resignation,-14,2021-10,False,0.10209064283148805,0.04554628580607483,0.012501715309368847,0.19167957035360728,0.02564227585884815,339,15926,340,10.748385265069068,0.08290894851933894
resignation,Resignation,-13,2021-11,False,0.1105129397542557,0.039858139212724915,0.032112519568531575,0.18891335993997982,0.005867436005504656,339,15926,340,11.685080073351921,0.02944386068216882
resignation,Resignation,-12,2021-12,False,0.14146689415656655,0.036571600224608716,0.06953105166349129,0.21340273664964182,0.0001314569590213921,339,15926,340,15.196236694376674,0.0032983746081731106
resignation,Resignation,-11,2022-01,False,0.023916235027102915,0.039952411739437435,-0.05466961794229397,0.10250208799649979,0.5498273807739824,339,15926,340,2.4204521833307053,0.7366619276389279
resignation,Resignation,-10,2022-02,False,0.05252313931197094,0.04728789662327305,-0.040491513107630446,0.14553779173157233,0.26748037688006043,339,15926,340,5.3926948940854755,0.4643055598672747
resignation,Resignation,-9,2022-03,False,0.04899471678560242,0.044968263073737684,-0.039457247847951606,0.13744668141915645,0.27668976187328553,339,15926,340,5.021480221540752,0.4756733201971645
resignation,Resignation,-8,2022-04,False,0.09623655181158514,0.04698410972002854,0.0038194441176463423,0.18865365950552393,0.041302569519425125,339,15926,340,10.101948134456913,0.11399509187361336
resignation,Resignation,-7,2022-05,False,0.06010231830240454,0.04119064751472386,-0.02091912767230903,0.14112376427711812,0.1454565581686884,339,15926,340,6.19451974166248,0.3112093802678915
resignation,Resignation,-6,2022-06,False,0.04339713169949331,0.03865568228853031,-0.032638071996596164,0.11943233539558279,0.2623770211290477,339,15926,340,4.435255801345353,0.46319172241455175
resignation,Resignation,-5,2022-07,False,0.03197103066019518,0.033110165563173484,-0.03315621671875311,0.09709827803914348,0.33493489250561304,339,15926,340,3.248759438790467,0.5121072843995012
resignation,Resignation,-4,2022-08,False,-0.004397169032985561,0.028115591462593407,-0.059700156778428416,0.0509058187124573,0.8758139010734824,339,15926,340,-0.4387515639617213,0.9576614587650669
resignation,Resignation,-3,2022-09,False,-0.0038652940391528602,0.026594515971646703,-0.0561763468879873,0.04844575880968158,0.8845274139017363,339,15926,340,-0.38578334057577035,0.9576614587650669
resignation,Resignation,-2,2022-10,False,-0.011797561887136342,0.01220022901307616,-0.03579524717501011,0.01220012340073743,0.3342358253798432,339,15926,340,-1.1728243517600387,0.5121072843995012
resignation,Resignation,-1,2022-11,True,0.0,,,,,339,15926,340,0.0,
resignation,Resignation,0,2022-12,False,2.065781460545322e-05,0.028850130820290767,-0.05672715890238256,0.05676847453159346,0.9994291048662935,339,15926,340,0.0020658027979574634,0.9994291048662937
resignation,Resignation,1,2023-01,False,-0.07332736656827452,0.028615355680723983,-0.12961338376439274,-0.017041349372156296,0.010823056653276986,339,15926,340,-7.070344040109787,0.048180058650071744
resignation,Resignation,2,2023-02,False,-0.06597883337890939,0.030199215333507796,-0.12538028106792484,-0.006577385689893939,0.029588878659639883,339,15926,340,-6.384932077137857,0.08781215602215707
resignation,Resignation,3,2023-03,False,-0.06314660381945227,0.03064994353130076,-0.1234346277710455,-0.0028585798678590346,0.040137250793624624,339,15926,340,-6.1194168920646685,0.11303960427592241
resignation,Resignation,4,2023-04,False,-0.053367515887652824,0.0253703999888989,-0.10327074917192391,-0.0034642826033817326,0.036155476360588246,339,15926,340,-5.1968468199805455,0.1039469945366912
resignation,Resignation,5,2023-05,False,-0.09183056236506662,0.02795340350422929,-0.1468145285922959,-0.03684659613783734,0.0011258483221747717,339,15926,340,-8.77402924219561,0.010559378203049263
resignation,Resignation,6,2023-06,False,-0.0724060938629334,0.029058973895520993,-0.12956470208133955,-0.01524748564452725,0.013190932664373989,339,15926,340,-6.984691035727784,0.055584831979413114
resignation,Resignation,7,2023-07,False,-0.08558554714844334,0.02474201552944231,-0.13425275670876077,-0.03691833758812591,0.0006110904893306124,339,15926,340,-8.202539041514376,0.009480433757308972
resignation,Resignation,8,2023-08,False,-0.08867634783267986,0.025127933369551003,-0.1381026525594879,-0.03925004310587184,0.00047469646647946284,339,15926,340,-8.485828675235894,0.009324804619457793
resignation,Resignation,9,2023-09,False,-0.0828302220985841,0.024534879933163507,-0.131089998745463,-0.034570445451705185,0.0008207906516930485,339,15926,340,-7.949258422843654,0.009480433757308972
resignation,Resignation,10,2023-10,False,-0.08346530161560808,0.027062753984009535,-0.13669737229521106,-0.030233230936005114,0.0022091240575321525,339,15926,340,-8.007699404046885,0.016478871348077677
resignation,Resignation,11,2023-11,False,-0.04367282686023076,0.03255861891241981,-0.10771518944462467,0.020369535724163154,0.18070153945657363,339,15926,340,-4.273290167322739,0.36894452001914285
resignation,Resignation,12,2023-12,False,-0.006836713802981169,0.05225593162612012,-0.10962342381016424,0.09594999620420191,0.8959863305153255,339,15926,340,-0.6813396643012432,0.9576614587650669
resignation,Resignation,13,2024-01,False,-0.10479340973107643,0.03129255954651324,-0.16634545068411186,-0.043241368778040995,0.0009028360609195651,339,15926,340,-9.94894599144538,0.009583952031299999
resignation,Resignation,14,2024-02,False,-0.08161210467420592,0.04193307930072149,-0.16409390392007442,0.0008696945716625826,0.05245107649941372,339,15926,340,-7.837061489955375,0.13529436554988958
resignation,Resignation,15,2024-03,False,-0.08052188334279292,0.03490193853300285,-0.14917352389429547,-0.01187024279129037,0.02165202281267886,339,15926,340,-7.736528696885891,0.0757743714615898
resignation,Resignation,16,2024-04,False,-0.10081832119088391,0.03510337707438044,-0.16986618862596764,-0.03177045375580019,0.004335006997100432,339,15926,340,-9.59027267181525,0.02658804291554932
resignation,Resignation,17,2024-05,False,-0.0931428716675403,0.031106860635574565,-0.15432964537696653,-0.03195609795811407,0.00295308613160139,339,15926,340,-8.893667413935786,0.020376294308049592
resignation,Resignation,18,2024-06,False,-0.10768915321625543,0.03635011662723813,-0.17918934047200452,-0.036188965960506345,0.003266511702314734,339,15926,340,-10.209333554676277,0.02198920072777723
resignation,Resignation,19,2024-07,False,-0.09147846215573806,0.03527009032272152,-0.16085425229315142,-0.022102672018324707,0.009907949289758688,339,15926,340,-8.741902903282163,0.04531163438767115
resignation,Resignation,20,2024-08,False,-0.08717386186561607,0.03779595748384038,-0.16151799851083176,-0.012829725220400379,0.0216890411067594,339,15926,340,-8.348226570303098,0.0757743714615898
resignation,Resignation,21,2024-09,False,-0.11498217123918643,0.04044053907565913,-0.1945281640700975,-0.03543617840827536,0.0047365414280833296,339,15926,340,-10.861796399772384,0.02840847548664266
resignation,Resignation,22,2024-10,False,-0.10162498000010042,0.042442024942515755,-0.185107868432682,-0.018142091567518837,0.017188309613813235,339,15926,340,-9.663173067976999,0.06498593771797881
resignation,Resignation,23,2024-11,False,-0.04769095694692887,0.04572267839850948,-0.13762684631015956,0.04224493241630183,0.29766921667550905,339,15926,340,-4.657160802649807,0.49491990242434036
unknown_separation,Unknown separation type,-23,2021-01,False,-1.890617397898533,0.5515761665010707,-2.976329953435333,-0.8049048423617331,0.0006992305794235598,283,13348,284,-84.90214337940684,0.009480433757308972
unknown_separation,Unknown separation type,-22,2021-02,False,-2.3882529733276816,0.688291530655568,-3.74307358032166,-1.033432366333703,0.0006019623701694066,283,13348,284,-90.821009670774,0.009480433757308972
unknown_separation,Unknown separation type,-21,2021-03,False,-1.5807474199711542,0.565506459504713,-2.693880112444439,-0.46761472749786925,0.005540222994781185,283,13348,284,-79.41787941787906,0.02944386068216882
unknown_separation,Unknown separation type,-20,2021-04,False,-1.8191584434161592,0.5991947622489453,-2.9986025820423063,-0.639714304790012,0.0026205814197779453,283,13348,284,-83.78378378378362,0.01854565312458238
unknown_separation,Unknown separation type,-19,2021-05,False,-1.045968555182677,0.46943252689941745,-1.9699910554026436,-0.12194605496271016,0.026655990225984416,283,13348,284,-64.86486486486449,0.08328165321178942
unknown_separation,Unknown separation type,-18,2021-06,False,-0.8886830765500494,0.2662833421026301,-1.4128303936560094,-0.36453575944408945,0.0009589719638090077,283,13348,284,-58.88030888030853,0.009802824518936524
unknown_separation,Unknown separation type,-17,2021-07,False,-0.26676246936907844,0.267243627092507,-0.7927999940904554,0.25927505535229856,0.3190353286207579,283,13348,284,-23.414503612522708,0.5120012413053674
unknown_separation,Unknown separation type,-16,2021-08,False,-0.027398974188104854,0.22951037209090416,-0.4791630418520649,0.4243650934758552,0.9050589157574163,283,13348,284,-2.7027027027017696,0.9576614587650669
unknown_separation,Unknown separation type,-15,2021-09,False,-0.296981004996268,0.22893942477874593,-0.7476212302917435,0.15365922029920748,0.1956177148316729,283,13348,284,-25.694187338022257,0.38021471333480084
unknown_separation,Unknown separation type,-14,2021-10,False,0.11670136978565065,0.20720523237982644,-0.2911576640713917,0.524560403642693,0.5737335408230431,283,13348,284,12.378378378379304,0.7540497965102853
unknown_separation,Unknown separation type,-13,2021-11,False,-0.04041434230017531,0.2073250400123695,-0.4485092033354047,0.3676805187350541,0.8455858349202305,283,13348,284,-3.9608574091323643,0.9443965186337041
unknown_separation,Unknown separation type,-12,2021-12,False,-0.1547383965647066,0.18426932585999065,-0.5174508066305709,0.20797401350115766,0.4017627927427858,283,13348,284,-14.336075205639617,0.5629030680946936
unknown_separation,Unknown separation type,-11,2022-01,False,-0.14007213669221802,0.14274067165688606,-0.4210402945202198,0.14089602113578376,0.3272805091741209,283,13348,284,-13.070447496676199,0.512052786159243
unknown_separation,Unknown separation type,-10,2022-02,False,-0.18762018398139385,0.17606958406361936,-0.5341923705184685,0.15895200255568076,0.2875116591928628,283,13348,284,-17.107051185262705,0.4898346786248774
unknown_separation,Unknown separation type,-9,2022-03,False,-0.15302518730551432,0.12279178312966428,-0.3947263135639665,0.08867593895293785,0.2137154101999017,283,13348,284,-14.189189189188376,0.3985503595619788
unknown_separation,Unknown separation type,-8,2022-04,False,-0.1835942263898401,0.18680162733117514,-0.551291172896265,0.18410272011658477,0.3265306412551934,283,13348,284,-16.772655007948387,0.512052786159243
unknown_separation,Unknown separation type,-7,2022-05,False,-0.17016973035260077,0.1515589749938744,-0.46849567706447326,0.12815621635927174,0.26247600951718564,283,13348,284,-15.647836677878797,0.46319172241455175
unknown_separation,Unknown separation type,-6,2022-06,False,0.016845727609652177,0.13672049805993836,-0.25227242933419325,0.28596388455349764,0.9020259775750579,283,13348,284,1.6988416988426407,0.9576614587650669
unknown_separation,Unknown separation type,-5,2022-07,False,-0.11202086378035307,0.13340492319763625,-0.3746127030994565,0.15057097553875032,0.40178226237193715,283,13348,284,-10.597439544807097,0.5629030680946936
unknown_separation,Unknown separation type,-4,2022-08,False,-0.21461051627625138,0.10661739792076914,-0.4244742750668834,-0.004746757485619396,0.045071678644805546,283,13348,284,-19.314436387606353,0.12100899134874595
unknown_separation,Unknown separation type,-3,2022-09,False,-0.1479400470229473,0.11306012851726802,-0.370485560257272,0.07460546621137734,0.1917628427006921,283,13348,284,-13.75171781951362,0.37804674703850727
unknown_separation,Unknown separation type,-2,2022-10,False,-0.057770072064403655,0.15293970468735185,-0.3588138221460634,0.24327367801725608,0.7059135553604701,283,13348,284,-5.613305613304713,0.8507953767663308
unknown_separation,Unknown separation type,-1,2022-11,True,0.0,,,,,283,13348,284,0.0,
unknown_separation,Unknown separation type,0,2022-12,False,-0.014153747438084372,0.12360868938207926,-0.257462857196929,0.22915536232076028,0.9089190987848701,283,13348,284,-1.4054054054044756,0.9576614587650669
unknown_separation,Unknown separation type,1,2023-01,False,-0.05149652576716545,0.15020565288941068,-0.34715861771203016,0.24416556617769924,0.731973248161552,283,13348,284,-5.0193050193041175,0.8745654393618543
unknown_separation,Unknown separation type,2,2023-02,False,-0.12142792383638108,0.1185225166868836,-0.3547255032025476,0.11186965552978541,0.30646770441586546,283,13348,284,-11.434511434510577,0.5051108423486278
unknown_separation,Unknown separation type,3,2023-03,False,-0.1504039538256403,0.09771588683862216,-0.34274613911094176,0.04193823145966111,0.12487366175340231,283,13348,284,-13.963963963963167,0.27353278288840505
unknown_separation,Unknown separation type,4,2023-04,False,-0.1356658651531453,0.11616117224483004,-0.3643154168045762,0.09298368649828559,0.24382581520866475,283,13348,284,-12.686567164178236,0.4398426470430815
unknown_separation,Unknown separation type,5,2023-05,False,-0.10415385101054521,0.11522636759283453,-0.3309633500830477,0.12265564806195729,0.3668138246156434,283,13348,284,-9.891334633601783,0.5468274061394038
unknown_separation,Unknown separation type,6,2023-06,False,-0.16690053379913164,0.13020670816347304,-0.42319706445773875,0.08939599685947544,0.2009577081727616,283,13348,284,-15.37162162162084,0.3859689259644991
unknown_separation,Unknown separation type,7,2023-07,False,-0.48864981232424554,0.19289786931871095,-0.8683464913598049,-0.10895313328868611,0.011842667457511169,283,13348,284,-38.65458865458805,0.051071503410516916
unknown_separation,Unknown separation type,8,2023-08,False,-0.23256002295188227,0.12830770333078603,-0.4851185868253176,0.019998540921553065,0.07096578348985028,283,13348,284,-20.749782040103863,0.16884962278619547
unknown_separation,Unknown separation type,9,2023-09,False,-0.23679382531059484,0.1417423039026572,-0.5157968140982349,0.042209163477045175,0.09590743592559181,283,13348,284,-21.084602517826553,0.2215849789506067
unknown_separation,Unknown separation type,10,2023-10,False,-0.2315793247945591,0.14018526068524761,-0.5075174578590471,0.04435880826992897,0.0996533992894264,283,13348,284,-20.67202337472536,0.2254453951137843
unknown_separation,Unknown separation type,11,2023-11,False,-0.17488296265717435,0.13295630931273417,-0.4365917585146357,0.08682583320028703,0.18945981700488357,283,13348,284,-16.04447256621093,0.3761935934773228
unknown_separation,Unknown separation type,12,2023-12,False,-0.4697973373419517,0.16850368268956822,-0.8014769403798724,-0.13811773430403107,0.005661836859573333,283,13348,284,-37.48710542603613,0.02944386068216882
unknown_separation,Unknown separation type,13,2024-01,False,-0.35625696082407243,0.16874477320766168,-0.6884111220797191,-0.024102799568425703,0.03563038799021556,283,13348,284,-29.9707350662758,0.10351565352946836
unknown_separation,Unknown separation type,14,2024-02,False,-0.34171191264060835,0.14128629739956314,-0.6198173064705904,-0.06360651881062629,0.016212470282276126,283,13348,284,-28.944712347201314,0.0648498811291045
unknown_separation,Unknown separation type,15,2024-03,False,-0.9714453868427951,0.371271471010591,-1.7022494390661669,-0.24064133461942339,0.009359824477455758,283,13348,284,-62.146448774355335,0.043784941623352364
unknown_separation,Unknown separation type,16,2024-04,False,-0.2282825488421193,0.18383352755378096,-0.590137141399778,0.13357204371553938,0.21534239277187428,283,13348,284,-20.410065237650706,0.39888926446333756
unknown_separation,Unknown separation type,17,2024-05,False,-0.28416770047479284,0.12683188034558493,-0.5338212810619725,-0.03451411988761327,0.025833947727040396,283,13348,284,-24.735958403292365,0.08290894851933894
unknown_separation,Unknown separation type,18,2024-06,False,-0.30369572441476067,0.13320133696170594,-0.5658868282671992,-0.041504620562322125,0.023353170968156256,283,13348,284,-26.19145863420604,0.07957376774334725
unknown_separation,Unknown separation type,19,2024-07,False,-0.362412421345658,0.1301432716065025,-0.6185840846322395,-0.10624075805907657,0.0057187962568985284,283,13348,284,-30.40047346616624,0.02944386068216882
unknown_separation,Unknown separation type,20,2024-08,False,-0.1629608243630096,0.15453462051833444,-0.46714397793577145,0.14122232920975228,0.2925414745956503,283,13348,284,-15.037552765746687,0.4940417146922835
unknown_separation,Unknown separation type,21,2024-09,False,-0.16993673210421065,0.1400207047500375,-0.4455509562404376,0.10567749203201635,0.2258916716142334,283,13348,284,-15.628180481736115,0.4156406757701895
unknown_separation,Unknown separation type,22,2024-10,False,-0.42435654069285256,0.2678269853075404,-0.951542337179587,0.10282925579388191,0.1142097752549418,283,13348,284,-34.58094052447635,0.25420885459970916
unknown_separation,Unknown separation type,23,2024-11,False,-0.46417695580552026,0.1410073101528384,-0.7417331961821811,-0.18662071542885933,0.0011215335641956425,283,13348,284,-37.13476990503959,0.010559378203049263
