dimension,dimension_kind,group_id,group_label,outcome,estimator,coefficient,standard_error,nominal_p_value,n_obs,minimum_clusters,group_pretrend_status,group_pretrend_joint_p_value,ddd_pretrend_status,group_mde_80_power,result_status,error,source_diagnostic_family,ci_low,ci_high,cluster_df,support_status,target_treated_cbo_with_flows,target_control_cbo_with_flows,bh_adjusted_p_value,nominal_significant_005,bh_significant_005,family_id,family_size,multiplicity_method,multiplicity_scope,interpretation,is_causal_effect
age_canaries,micro,age_22_25,Age 22-25,admissoes,ppml,-0.0741052739665235,0.0322121368800767,0.0220243408998903,15926,340,fail,6.374834742538925e-42,fail,0.0905054513497051,estimated,,A,-0.137466111084374,-0.0107444368486729,339.0,adequate,75,265,0.0650719162951304,True,False,C,130,Benjamini-Hochberg,single adjustment over all 130 per-group DiD tests,reportable,False
age_canaries,micro,age_22_25,Age 22-25,desligamentos,ppml,-0.0530134494522436,0.0359362776734424,0.1410850267868744,15926,340,fail,1.2826661375956142e-14,fail,0.100969055321346,estimated,,A,-0.1236996210889081,0.0176727221844209,339.0,adequate,75,265,0.2441470915797153,False,False,C,130,Benjamini-Hochberg,single adjustment over all 130 per-group DiD tests,reportable,False
age_canaries,micro,age_22_25,Age 22-25,n_movimentacoes,ppml,-0.063850082076608,0.0310253295342569,0.0403544006905136,15926,340,fail,3.640128443025763e-46,fail,0.0871709152120234,estimated,,A,-0.1248764852136049,-0.002823678939611,339.0,adequate,75,265,0.100886001726284,True,False,C,130,Benjamini-Hochberg,single adjustment over all 130 per-group DiD tests,reportable,False
age_canaries,micro,age_22_25,Age 22-25,ln_salario_real_adm,ols,-0.0517373180873344,0.0104744794396787,1.234660626403539e-06,15554,339,pass,0.5852100812424963,fail,0.0294300744069431,estimated,,A,-0.0723406957206162,-0.0311339404540525,338.0,adequate,75,265,4.0126470358115014e-05,True,True,C,130,Benjamini-Hochberg,single adjustment over all 130 per-group DiD tests,reportable,False
age_canaries,micro,age_22_25,Age 22-25,asinh_saldo,ols,-0.1279724764441231,0.2481535026064243,0.6063999240408351,15935,341,fail,2.4169895540361104e-05,fail,0.6972233531779402,estimated,,A,-0.6160819128651888,0.3601369599769425,340.0,adequate,75,265,0.685495566307031,False,False,C,130,Benjamini-Hochberg,single adjustment over all 130 per-group DiD tests,reportable,False
age_canaries,micro,age_26_30,Age 26-30,admissoes,ppml,-0.0753225441457009,0.0312277043656172,0.0163925868576113,15935,341,fail,1.0705776856027585e-29,fail,0.0877387766892691,estimated,,A,-0.1367463685871394,-0.0138987197042623,340.0,adequate,75,266,0.0519764949143772,True,False,C,130,Benjamini-Hochberg,single adjustment over all 130 per-group DiD tests,reportable,False
age_canaries,micro,age_26_30,Age 26-30,desligamentos,ppml,-0.0680411381754881,0.0267158509405139,0.0113103219320549,15935,341,fail,5.2071363078893264e-09,fail,0.0750620683573011,estimated,,A,-0.1205903015325151,-0.015491974818461,340.0,adequate,75,266,0.0377010731068496,True,True,C,130,Benjamini-Hochberg,single adjustment over all 130 per-group DiD tests,reportable,False
age_canaries,micro,age_26_30,Age 26-30,n_movimentacoes,ppml,-0.0709793881536033,0.0263162270076065,0.0073415488535193,15935,341,fail,1.811920302176745e-16,fail,0.0739392668026774,estimated,,A,-0.1227425049280795,-0.019216271379127,340.0,adequate,75,266,0.0265111486377085,True,True,C,130,Benjamini-Hochberg,single adjustment over all 130 per-group DiD tests,reportable,False
age_canaries,micro,age_26_30,Age 26-30,ln_salario_real_adm,ols,-0.040319565533128,0.0105050448828657,0.0001478919526263,15708,340,fail,6.848720646747159e-05,fail,0.0295157018645579,estimated,,A,-0.0609828465882461,-0.0196562844780098,339.0,adequate,75,266,0.0011309384612599,True,True,C,130,Benjamini-Hochberg,single adjustment over all 130 per-group DiD tests,reportable,False
age_canaries,micro,age_26_30,Age 26-30,asinh_saldo,ols,-0.3820253680105089,0.2915864324574942,0.1910255860623873,15935,341,fail,1.3833301882589132e-05,fail,0.8192544858077048,estimated,,A,-0.9555658891797314,0.1915151531587136,340.0,adequate,75,266,0.2887596068384924,False,False,C,130,Benjamini-Hochberg,single adjustment over all 130 per-group DiD tests,reportable,False
age_canaries,micro,age_31_34,Age 31-34,admissoes,ppml,-0.0597147336621077,0.0316077873956221,0.0597102368203599,15935,341,fail,4.869828305972391e-26,fail,0.0888066752354621,estimated,,A,-0.1218861683996746,0.0024567010754592,340.0,adequate,75,266,0.1411332870299415,False,False,C,130,Benjamini-Hochberg,single adjustment over all 130 per-group DiD tests,reportable,False
age_canaries,micro,age_31_34,Age 31-34,desligamentos,ppml,-0.0525727525308174,0.025119967821157,0.0371018533987428,15935,341,fail,9.320968132652553e-16,fail,0.0705782026529237,estimated,,A,-0.1019828684764579,-0.0031626365851768,340.0,adequate,75,266,0.0948141926373284,True,False,C,130,Benjamini-Hochberg,single adjustment over all 130 per-group DiD tests,reportable,False
age_canaries,micro,age_31_34,Age 31-34,n_movimentacoes,ppml,-0.0551366511791231,0.0261194380650079,0.0355068326908465,15935,341,fail,3.205118811622413e-29,fail,0.0733863596505081,estimated,,A,-0.1065126908466602,-0.0037606115115859,340.0,adequate,75,266,0.0948141926373284,True,False,C,130,Benjamini-Hochberg,single adjustment over all 130 per-group DiD tests,reportable,False
age_canaries,micro,age_31_34,Age 31-34,ln_salario_real_adm,ols,-0.0582144436084453,0.0117136154035101,1.0656299764821853e-06,15561,340,fail,0.0053862703010335,fail,0.0329113853259219,estimated,,A,-0.0812549665146419,-0.0351739207022486,339.0,adequate,75,266,4.0126470358115014e-05,True,True,C,130,Benjamini-Hochberg,single adjustment over all 130 per-group DiD tests,reportable,False
age_canaries,micro,age_31_34,Age 31-34,asinh_saldo,ols,-0.3206970014965687,0.3036997465203745,0.2917328961584298,15935,341,fail,2.0680270316362436e-08,fail,0.8532886032403082,estimated,,A,-0.9180639963537384,0.2766699933606009,340.0,adequate,75,266,0.3993343892206753,False,False,C,130,Benjamini-Hochberg,single adjustment over all 130 per-group DiD tests,reportable,False
age_canaries,micro,age_35_40,Age 35-40,admissoes,ppml,-0.0530084180624059,0.0331055183740798,0.1102649665983488,15926,340,fail,5.20283660625768e-19,fail,0.0930155578863576,estimated,,A,-0.1181265244833259,0.0121096883585141,339.0,adequate,75,265,0.2171885705725052,False,False,C,130,Benjamini-Hochberg,single adjustment over all 130 per-group DiD tests,reportable,False
age_canaries,micro,age_35_40,Age 35-40,desligamentos,ppml,-0.0475635628696187,0.0265073439505891,0.0736475493267554,15926,340,fail,2.3122840264658335e-20,fail,0.0744768699220872,estimated,,A,-0.0997031495332687,0.0045760237940313,339.0,adequate,75,265,0.162274261228444,False,False,C,130,Benjamini-Hochberg,single adjustment over all 130 per-group DiD tests,reportable,False
age_canaries,micro,age_35_40,Age 35-40,n_movimentacoes,ppml,-0.049133084027122,0.0281198574848898,0.081495403668222,15926,340,fail,1.295129519671275e-25,fail,0.0790074996587209,estimated,,A,-0.1044444629806635,0.0061782949264195,339.0,adequate,75,265,0.1708774593043364,False,False,C,130,Benjamini-Hochberg,single adjustment over all 130 per-group DiD tests,reportable,False
age_canaries,micro,age_35_40,Age 35-40,ln_salario_real_adm,ols,-0.0499673856015511,0.0110313915332633,8.19926171535812e-06,15663,340,fail,0.0005900275991103,warning,0.0309945618774155,estimated,,A,-0.0716659833917101,-0.0282687878113921,339.0,adequate,75,265,0.0001184337803329,True,True,C,130,Benjamini-Hochberg,single adjustment over all 130 per-group DiD tests,reportable,False
age_canaries,micro,age_35_40,Age 35-40,asinh_saldo,ols,-0.4531949816293073,0.2859226513398605,0.113889928127284,15935,341,fail,7.133060755304344e-09,fail,0.8033412691050353,estimated,,A,-1.0155950394147626,0.109205076156148,340.0,adequate,75,265,0.2209804575604018,False,False,C,130,Benjamini-Hochberg,single adjustment over all 130 per-group DiD tests,reportable,False
age_canaries,micro,age_41_49,Age 41-49,admissoes,ppml,-0.0160675010706727,0.0400435712929788,0.6884878003107413,15935,341,fail,4.793107875953617e-16,fail,0.11250823686495,estimated,,A,-0.0948318336745222,0.0626968315331768,340.0,adequate,75,266,0.7458617836699697,False,False,C,130,Benjamini-Hochberg,single adjustment over all 130 per-group DiD tests,reportable,False
age_canaries,micro,age_41_49,Age 41-49,desligamentos,ppml,-0.0144848640146224,0.0295043517042707,0.6237856624417644,15935,341,fail,5.840784708124108e-21,fail,0.0828967667694742,estimated,,A,-0.0725189128234408,0.043549184794196,340.0,adequate,75,266,0.6930951804908493,False,False,C,130,Benjamini-Hochberg,single adjustment over all 130 per-group DiD tests,reportable,False
age_canaries,micro,age_41_49,Age 41-49,n_movimentacoes,ppml,-0.014085907098148,0.03353600157423,0.6747336258680479,15935,341,fail,1.0534114422047564e-27,fail,0.0942242733798915,estimated,,A,-0.0800500730530217,0.0518782588567257,340.0,adequate,75,266,0.7411102268096736,False,False,C,130,Benjamini-Hochberg,single adjustment over all 130 per-group DiD tests,reportable,False
age_canaries,micro,age_41_49,Age 41-49,ln_salario_real_adm,ols,-0.0454624943296302,0.0136207683449489,0.0009384570133919,15646,340,warning,0.1849472538348389,warning,0.0382698543526879,estimated,,A,-0.072254361250389,-0.0186706274088713,339.0,adequate,75,266,0.0046922850669595,True,True,C,130,Benjamini-Hochberg,single adjustment over all 130 per-group DiD tests,reportable,False
age_canaries,micro,age_41_49,Age 41-49,asinh_saldo,ols,-0.4563481394945126,0.2541342687693238,0.0734305347014931,15935,341,fail,1.3104678269570178e-06,fail,0.7140271854626833,estimated,,A,-0.956221538021602,0.0435252590325768,340.0,adequate,75,266,0.162274261228444,False,False,C,130,Benjamini-Hochberg,single adjustment over all 130 per-group DiD tests,reportable,False
age_canaries,micro,age_50_plus,Age 50+,admissoes,ppml,-0.0296061301892429,0.0592220858126535,0.6174568693955707,15935,341,fail,1.4725145322256526e-18,fail,0.1663930624343364,estimated,,A,-0.1460939436840258,0.08688168330554,340.0,adequate,75,266,0.6919775260467602,False,False,C,130,Benjamini-Hochberg,single adjustment over all 130 per-group DiD tests,reportable,False
age_canaries,micro,age_50_plus,Age 50+,desligamentos,ppml,-0.0631095965410156,0.0353702441998758,0.0752735915797095,15935,341,fail,1.4415484010031867e-25,fail,0.0993778447805055,estimated,,A,-0.1326816548885405,0.0064624618065093,340.0,adequate,75,266,0.1630927817560372,False,False,C,130,Benjamini-Hochberg,single adjustment over all 130 per-group DiD tests,reportable,False
age_canaries,micro,age_50_plus,Age 50+,n_movimentacoes,ppml,-0.0460708061358524,0.045023109993995,0.3069076133895683,15935,341,fail,1.473775821414788e-16,fail,0.1264989749925043,estimated,,A,-0.1346297207361721,0.0424881084644673,340.0,adequate,75,266,0.4156040597983737,False,False,C,130,Benjamini-Hochberg,single adjustment over all 130 per-group DiD tests,reportable,False
age_canaries,micro,age_50_plus,Age 50+,ln_salario_real_adm,ols,-0.0370457094692212,0.0108699159927596,0.0007331907787671,15318,339,fail,0.2284063130062928,fail,0.0305411298295458,estimated,,A,-0.0584269136933182,-0.0156645052451241,338.0,adequate,75,266,0.0039714500516551,True,True,C,130,Benjamini-Hochberg,single adjustment over all 130 per-group DiD tests,reportable,False
age_canaries,micro,age_50_plus,Age 50+,asinh_saldo,ols,0.3816693109790686,0.1724796312628436,0.0275727266622078,15935,341,fail,8.145720904240466e-10,fail,0.4846066068013711,estimated,,A,0.0424077864567051,0.7209308355014321,340.0,adequate,75,266,0.078678049731953,True,False,C,130,Benjamini-Hochberg,single adjustment over all 130 per-group DiD tests,reportable,False
age_pnad,micro,age_18_24,Age 18-24,admissoes,ppml,-0.0379758436745453,0.0359696855775695,0.2918212844304935,15935,341,fail,9.501223333956794e-52,fail,0.1010620625046135,estimated,,B,-0.108726982671589,0.0327752953224984,340.0,adequate,75,266,0.3993343892206753,False,False,C,130,Benjamini-Hochberg,single adjustment over all 130 per-group DiD tests,reportable,False
age_pnad,micro,age_18_24,Age 18-24,desligamentos,ppml,-0.0170308610987383,0.044337146382811,0.7011290549429887,15926,340,fail,5.1119858677577494e-24,fail,0.1245727180370996,estimated,,B,-0.1042414277460291,0.0701797055485525,339.0,adequate,75,266,0.7532791499387482,False,False,C,130,Benjamini-Hochberg,single adjustment over all 130 per-group DiD tests,reportable,False
age_pnad,micro,age_18_24,Age 18-24,n_movimentacoes,ppml,-0.0283808418813417,0.0378559964887628,0.4539506266705113,15935,341,fail,8.412993689971741e-63,fail,0.1063619273254789,estimated,,B,-0.1028422898045413,0.0460806060418579,340.0,adequate,75,266,0.5687527039860766,False,False,C,130,Benjamini-Hochberg,single adjustment over all 130 per-group DiD tests,reportable,False
age_pnad,micro,age_18_24,Age 18-24,ln_salario_real_adm,ols,-0.0511584731259296,0.0110626915005706,5.350968622863661e-06,15616,340,warning,0.8394316569506793,fail,0.0310825044339407,estimated,,B,-0.0729186375280068,-0.0293983087238524,339.0,adequate,75,266,9.223571114880258e-05,True,True,C,130,Benjamini-Hochberg,single adjustment over all 130 per-group DiD tests,reportable,False
age_pnad,micro,age_18_24,Age 18-24,asinh_saldo,ols,-0.0343827391791837,0.1930361797324017,0.8587383303944693,15935,341,fail,2.642009612326551e-06,fail,0.542363219152887,estimated,,B,-0.4140782901523129,0.3453128117939454,340.0,adequate,75,266,0.8721561168068829,False,False,C,130,Benjamini-Hochberg,single adjustment over all 130 per-group DiD tests,reportable,False
age_pnad,micro,age_25_34,Age 25-34,admissoes,ppml,-0.0693030412476858,0.0313728152193658,0.027839925289768,15935,341,fail,1.542496298884872e-41,fail,0.0881464867355528,estimated,,B,-0.1310122937660922,-0.0075937887292793,340.0,adequate,75,266,0.078678049731953,True,False,C,130,Benjamini-Hochberg,single adjustment over all 130 per-group DiD tests,reportable,False
age_pnad,micro,age_25_34,Age 25-34,desligamentos,ppml,-0.060823242473137,0.02579834390841,0.0189574689618974,15935,341,fail,6.343237560815464e-14,fail,0.0724841989225811,estimated,,B,-0.1115677009372297,-0.0100787840090442,340.0,adequate,75,266,0.0586778801201586,True,False,C,130,Benjamini-Hochberg,single adjustment over all 130 per-group DiD tests,reportable,False
age_pnad,micro,age_25_34,Age 25-34,n_movimentacoes,ppml,-0.0643275098511289,0.0261335637938425,0.0143321092274564,15935,341,fail,1.8183790040822537e-27,fail,0.0734260479398963,estimated,,B,-0.1157313343432527,-0.012923685359005,340.0,adequate,75,266,0.0465793549892333,True,True,C,130,Benjamini-Hochberg,single adjustment over all 130 per-group DiD tests,reportable,False
age_pnad,micro,age_25_34,Age 25-34,ln_salario_real_adm,ols,-0.0459819346532859,0.0109583357346832,3.470248872905479e-05,15828,341,fail,6.203606268267087e-06,warning,0.0307890378573591,estimated,,B,-0.0675366055460535,-0.0244272637605182,340.0,adequate,75,266,0.0003647498792158,True,True,C,130,Benjamini-Hochberg,single adjustment over all 130 per-group DiD tests,reportable,False
age_pnad,micro,age_25_34,Age 25-34,asinh_saldo,ols,-0.5068797879694806,0.352874646761956,0.1517994515273251,15935,341,fail,1.1198185358827832e-09,fail,0.9914526367055304,estimated,,B,-1.2009721265790985,0.1872125506401373,340.0,adequate,75,266,0.249796565804459,False,False,C,130,Benjamini-Hochberg,single adjustment over all 130 per-group DiD tests,reportable,False
age_pnad,micro,age_35_44,Age 35-44,admissoes,ppml,-0.0454282877071866,0.0343476831871388,0.1868569560987594,15935,341,fail,6.77992359431089e-22,fail,0.0965048109097715,estimated,,B,-0.1129890035816422,0.022132428167269,340.0,adequate,75,266,0.2857812269745732,False,False,C,130,Benjamini-Hochberg,single adjustment over all 130 per-group DiD tests,reportable,False
age_pnad,micro,age_35_44,Age 35-44,desligamentos,ppml,-0.039796057837934,0.0269584626541,0.1408159836888083,15935,341,fail,1.690690123033963e-20,fail,0.0757437212483144,estimated,,B,-0.0928224301222736,0.0132303144464056,340.0,adequate,75,266,0.2441470915797153,False,False,C,130,Benjamini-Hochberg,single adjustment over all 130 per-group DiD tests,reportable,False
age_pnad,micro,age_35_44,Age 35-44,n_movimentacoes,ppml,-0.0414542704020782,0.0290461956471506,0.154444541244445,15935,341,fail,1.877621948660043e-28,fail,0.0816095106998685,estimated,,B,-0.0985871419456759,0.0156786011415195,340.0,adequate,75,266,0.2509723795222231,False,False,C,130,Benjamini-Hochberg,single adjustment over all 130 per-group DiD tests,reportable,False
age_pnad,micro,age_35_44,Age 35-44,ln_salario_real_adm,ols,-0.054909790269004,0.0128614415919605,2.5484371893869096e-05,15775,340,fail,0.0027652950281741,fail,0.0361363973033474,estimated,,B,-0.0802080717472806,-0.0296115087907273,339.0,adequate,75,266,0.0003011789405639,True,True,C,130,Benjamini-Hochberg,single adjustment over all 130 per-group DiD tests,reportable,False
age_pnad,micro,age_35_44,Age 35-44,asinh_saldo,ols,-0.5497632746296913,0.3050063789444987,0.0723577759116811,15935,341,fail,3.2649226212472606e-08,pass,0.8569597770522843,estimated,,B,-1.1497003706921634,0.0501738214327805,340.0,adequate,75,266,0.162274261228444,False,False,C,130,Benjamini-Hochberg,single adjustment over all 130 per-group DiD tests,reportable,False
age_pnad,micro,age_45_54,Age 45-54,admissoes,ppml,-0.01248872822123,0.0468601165328935,0.7900073816603324,15935,341,fail,1.7032417665169486e-13,fail,0.1316603120093425,estimated,,B,-0.1046609717368609,0.0796835152944009,340.0,adequate,75,266,0.8216076769267456,False,False,C,130,Benjamini-Hochberg,single adjustment over all 130 per-group DiD tests,reportable,False
age_pnad,micro,age_45_54,Age 45-54,desligamentos,ppml,-0.0221088087991933,0.0325476730943039,0.4974260193781419,15935,341,fail,1.0792257909828236e-11,fail,0.0914474207883396,estimated,,B,-0.0861289665000279,0.0419113489016413,340.0,adequate,75,266,0.5932603900840224,False,False,C,130,Benjamini-Hochberg,single adjustment over all 130 per-group DiD tests,reportable,False
age_pnad,micro,age_45_54,Age 45-54,n_movimentacoes,ppml,-0.0160365531934706,0.0386419470288956,0.6784008999257782,15935,341,fail,1.4377642106037146e-20,fail,0.1085701696644659,estimated,,B,-0.0920439388978004,0.0599708325108592,340.0,adequate,75,266,0.7411102268096736,False,False,C,130,Benjamini-Hochberg,single adjustment over all 130 per-group DiD tests,reportable,False
age_pnad,micro,age_45_54,Age 45-54,ln_salario_real_adm,ols,-0.0417124426426873,0.0113611733433001,0.0002801714085478,15478,339,warning,0.1956484882667116,fail,0.0319214123020663,estimated,,B,-0.0640599536667165,-0.0193649316186581,338.0,adequate,75,266,0.0019169622690112,True,True,C,130,Benjamini-Hochberg,single adjustment over all 130 per-group DiD tests,reportable,False
age_pnad,micro,age_45_54,Age 45-54,asinh_saldo,ols,-0.2273902790738228,0.2270277585765298,0.3172506508209349,15935,341,fail,3.656751515124284e-08,fail,0.6378675031246652,estimated,,B,-0.6739461008809453,0.2191655427332996,340.0,adequate,75,266,0.4251812846053767,False,False,C,130,Benjamini-Hochberg,single adjustment over all 130 per-group DiD tests,reportable,False
age_pnad,micro,age_55_65,Age 55-65,admissoes,ppml,-0.0398861467684038,0.0677753861107822,0.5565853342642646,15926,340,fail,1.0903187575266501e-13,fail,0.1904264201159159,estimated,,B,-0.1731994136265469,0.0934271200897393,339.0,adequate,75,266,0.6460365486995928,False,False,C,130,Benjamini-Hochberg,single adjustment over all 130 per-group DiD tests,reportable,False
age_pnad,micro,age_55_65,Age 55-65,desligamentos,ppml,-0.0859547348986299,0.0393804502255399,0.0297434590758103,15935,341,fail,1.2988262946668077e-22,fail,0.1106451017919144,estimated,,B,-0.1634147310852744,-0.0084947387119853,340.0,adequate,75,266,0.0822691421245816,True,False,C,130,Benjamini-Hochberg,single adjustment over all 130 per-group DiD tests,reportable,False
age_pnad,micro,age_55_65,Age 55-65,n_movimentacoes,ppml,-0.0642540922698603,0.049766313682242,0.1975405377558587,15935,341,fail,4.799855759614005e-13,fail,0.1398256955327768,estimated,,B,-0.1621427259947676,0.033634541455047,340.0,adequate,75,266,0.2951755161869153,False,False,C,130,Benjamini-Hochberg,single adjustment over all 130 per-group DiD tests,reportable,False
age_pnad,micro,age_55_65,Age 55-65,ln_salario_real_adm,ols,-0.0448425878334947,0.0128611906604235,0.0005538552538995,14512,338,fail,0.1175490695761859,warning,0.0361363112996827,estimated,,B,-0.0701409136370704,-0.0195442620299189,337.0,adequate,75,266,0.0031304862176928,True,True,C,130,Benjamini-Hochberg,single adjustment over all 130 per-group DiD tests,reportable,False
age_pnad,micro,age_55_65,Age 55-65,asinh_saldo,ols,0.379402218950353,0.1345422181736699,0.0050848394229405,15935,341,fail,8.140291437807087e-12,fail,0.3780159276970674,estimated,,B,0.1147622860143834,0.6440421518863225,340.0,adequate,75,266,0.0200311856055231,True,True,C,130,Benjamini-Hochberg,single adjustment over all 130 per-group DiD tests,reportable,False
