competencia,tipo,url,bytes,data_modificacao_ftp
202101,MOV,ftp://ftp.mtps.gov.br/pdet/microdados/NOVO%20CAGED/2021/202101/CAGEDMOV202101.7z,36186193,2026-06-08T18:26:14Z
202101,FOR,ftp://ftp.mtps.gov.br/pdet/microdados/NOVO%20CAGED/2021/202101/CAGEDFOR202101.7z,2038877,2026-06-08T18:26:13Z
202101,EXC,ftp://ftp.mtps.gov.br/pdet/microdados/NOVO%20CAGED/2021/202101/CAGEDEXC202101.7z,58957,2026-06-08T18:26:13Z
202102,MOV,ftp://ftp.mtps.gov.br/pdet/microdados/NOVO%20CAGED/2021/202102/CAGEDMOV202102.7z,38710316,2026-06-08T18:28:30Z
202102,FOR,ftp://ftp.mtps.gov.br/pdet/microdados/NOVO%20CAGED/2021/202102/CAGEDFOR202102.7z,2225259,2026-06-08T18:28:29Z
202102,EXC,ftp://ftp.mtps.gov.br/pdet/microdados/NOVO%20CAGED/2021/202102/CAGEDEXC202102.7z,49538,2026-06-08T18:28:29Z
202103,MOV,ftp://ftp.mtps.gov.br/pdet/microdados/NOVO%20CAGED/2021/202103/CAGEDMOV202103.7z,39256619,2026-06-08T18:33:50Z
202103,FOR,ftp://ftp.mtps.gov.br/pdet/microdados/NOVO%20CAGED/2021/202103/CAGEDFOR202103.7z,2455750,2026-06-08T18:33:49Z
202103,EXC,ftp://ftp.mtps.gov.br/pdet/microdados/NOVO%20CAGED/2021/202103/CAGEDEXC202103.7z,76550,2026-06-08T18:33:49Z
202104,MOV,ftp://ftp.mtps.gov.br/pdet/microdados/NOVO%20CAGED/2021/202104/CAGEDMOV202104.7z,34216378,2026-06-08T18:35:04Z
202104,FOR,ftp://ftp.mtps.gov.br/pdet/microdados/NOVO%20CAGED/2021/202104/CAGEDFOR202104.7z,2712244,2026-06-08T18:35:02Z
202104,EXC,ftp://ftp.mtps.gov.br/pdet/microdados/NOVO%20CAGED/2021/202104/CAGEDEXC202104.7z,97937,2026-06-08T18:35:02Z
202105,MOV,ftp://ftp.mtps.gov.br/pdet/microdados/NOVO%20CAGED/2021/202105/CAGEDMOV202105.7z,36157691,2026-06-08T18:36:31Z
202105,FOR,ftp://ftp.mtps.gov.br/pdet/microdados/NOVO%20CAGED/2021/202105/CAGEDFOR202105.7z,6371014,2026-06-08T18:36:29Z
202105,EXC,ftp://ftp.mtps.gov.br/pdet/microdados/NOVO%20CAGED/2021/202105/CAGEDEXC202105.7z,382728,2026-06-08T18:36:29Z
202106,MOV,ftp://ftp.mtps.gov.br/pdet/microdados/NOVO%20CAGED/2021/202106/CAGEDMOV202106.7z,37140243,2026-06-08T18:39:56Z
202106,FOR,ftp://ftp.mtps.gov.br/pdet/microdados/NOVO%20CAGED/2021/202106/CAGEDFOR202106.7z,3658901,2026-06-08T18:39:55Z
202106,EXC,ftp://ftp.mtps.gov.br/pdet/microdados/NOVO%20CAGED/2021/202106/CAGEDEXC202106.7z,294813,2026-06-08T18:39:55Z
202107,MOV,ftp://ftp.mtps.gov.br/pdet/microdados/NOVO%20CAGED/2021/202107/CAGEDMOV202107.7z,38493488,2026-06-08T18:41:33Z
202107,FOR,ftp://ftp.mtps.gov.br/pdet/microdados/NOVO%20CAGED/2021/202107/CAGEDFOR202107.7z,1946824,2026-06-08T18:41:32Z
202107,EXC,ftp://ftp.mtps.gov.br/pdet/microdados/NOVO%20CAGED/2021/202107/CAGEDEXC202107.7z,126169,2026-06-08T18:41:32Z
202108,MOV,ftp://ftp.mtps.gov.br/pdet/microdados/NOVO%20CAGED/2021/202108/CAGEDMOV202108.7z,41689836,2026-06-08T18:43:43Z
202108,FOR,ftp://ftp.mtps.gov.br/pdet/microdados/NOVO%20CAGED/2021/202108/CAGEDFOR202108.7z,2774727,2026-06-08T18:43:42Z
202108,EXC,ftp://ftp.mtps.gov.br/pdet/microdados/NOVO%20CAGED/2021/202108/CAGEDEXC202108.7z,144842,2026-06-08T18:43:41Z
202109,MOV,ftp://ftp.mtps.gov.br/pdet/microdados/NOVO%20CAGED/2021/202109/CAGEDMOV202109.7z,41632850,2026-06-08T18:47:36Z
202109,FOR,ftp://ftp.mtps.gov.br/pdet/microdados/NOVO%20CAGED/2021/202109/CAGEDFOR202109.7z,1797951,2026-06-08T18:47:35Z
202109,EXC,ftp://ftp.mtps.gov.br/pdet/microdados/NOVO%20CAGED/2021/202109/CAGEDEXC202109.7z,101268,2026-06-08T18:47:35Z
202110,MOV,ftp://ftp.mtps.gov.br/pdet/microdados/NOVO%20CAGED/2021/202110/CAGEDMOV202110.7z,41620849,2026-06-08T18:49:26Z
202110,FOR,ftp://ftp.mtps.gov.br/pdet/microdados/NOVO%20CAGED/2021/202110/CAGEDFOR202110.7z,3485821,2026-06-08T18:49:24Z
202110,EXC,ftp://ftp.mtps.gov.br/pdet/microdados/NOVO%20CAGED/2021/202110/CAGEDEXC202110.7z,290899,2026-06-08T18:49:24Z
202111,MOV,ftp://ftp.mtps.gov.br/pdet/microdados/NOVO%20CAGED/2021/202111/CAGEDMOV202111.7z,40730397,2026-06-08T18:51:15Z
202111,FOR,ftp://ftp.mtps.gov.br/pdet/microdados/NOVO%20CAGED/2021/202111/CAGEDFOR202111.7z,3566464,2026-06-08T18:51:14Z
202111,EXC,ftp://ftp.mtps.gov.br/pdet/microdados/NOVO%20CAGED/2021/202111/CAGEDEXC202111.7z,166944,2026-06-08T18:51:13Z
202112,MOV,ftp://ftp.mtps.gov.br/pdet/microdados/NOVO%20CAGED/2021/202112/CAGEDMOV202112.7z,39725730,2026-06-08T18:52:37Z
202112,FOR,ftp://ftp.mtps.gov.br/pdet/microdados/NOVO%20CAGED/2021/202112/CAGEDFOR202112.7z,2925872,2026-06-08T18:52:36Z
202112,EXC,ftp://ftp.mtps.gov.br/pdet/microdados/NOVO%20CAGED/2021/202112/CAGEDEXC202112.7z,124948,2026-06-08T18:52:36Z
202201,MOV,ftp://ftp.mtps.gov.br/pdet/microdados/NOVO%20CAGED/2022/202201/CAGEDMOV202201.7z,43217451,2026-06-08T18:55:16Z
202201,FOR,ftp://ftp.mtps.gov.br/pdet/microdados/NOVO%20CAGED/2022/202201/CAGEDFOR202201.7z,2015280,2026-06-08T18:55:14Z
202201,EXC,ftp://ftp.mtps.gov.br/pdet/microdados/NOVO%20CAGED/2022/202201/CAGEDEXC202201.7z,109749,2026-06-08T18:55:14Z
202202,MOV,ftp://ftp.mtps.gov.br/pdet/microdados/NOVO%20CAGED/2022/202202/CAGEDMOV202202.7z,47209395,2026-06-08T18:57:04Z
202202,FOR,ftp://ftp.mtps.gov.br/pdet/microdados/NOVO%20CAGED/2022/202202/CAGEDFOR202202.7z,1777602,2026-06-08T18:57:03Z
202202,EXC,ftp://ftp.mtps.gov.br/pdet/microdados/NOVO%20CAGED/2022/202202/CAGEDEXC202202.7z,115755,2026-06-08T18:57:02Z
202203,MOV,ftp://ftp.mtps.gov.br/pdet/microdados/NOVO%20CAGED/2022/202203/CAGEDMOV202203.7z,48101588,2026-06-08T19:09:27Z
202203,FOR,ftp://ftp.mtps.gov.br/pdet/microdados/NOVO%20CAGED/2022/202203/CAGEDFOR202203.7z,1890410,2026-06-08T19:09:25Z
202203,EXC,ftp://ftp.mtps.gov.br/pdet/microdados/NOVO%20CAGED/2022/202203/CAGEDEXC202203.7z,110010,2026-06-08T19:09:25Z
202204,MOV,ftp://ftp.mtps.gov.br/pdet/microdados/NOVO%20CAGED/2022/202204/CAGEDMOV202204.7z,44867258,2026-06-08T19:11:51Z
202204,FOR,ftp://ftp.mtps.gov.br/pdet/microdados/NOVO%20CAGED/2022/202204/CAGEDFOR202204.7z,1897736,2026-06-08T19:11:49Z
202204,EXC,ftp://ftp.mtps.gov.br/pdet/microdados/NOVO%20CAGED/2022/202204/CAGEDEXC202204.7z,93514,2026-06-08T19:11:49Z
202205,MOV,ftp://ftp.mtps.gov.br/pdet/microdados/NOVO%20CAGED/2022/202205/CAGEDMOV202205.7z,46524124,2026-06-08T19:13:48Z
202205,FOR,ftp://ftp.mtps.gov.br/pdet/microdados/NOVO%20CAGED/2022/202205/CAGEDFOR202205.7z,513923,2026-06-08T19:13:46Z
202205,EXC,ftp://ftp.mtps.gov.br/pdet/microdados/NOVO%20CAGED/2022/202205/CAGEDEXC202205.7z,87117,2026-06-08T19:13:46Z
202206,MOV,ftp://ftp.mtps.gov.br/pdet/microdados/NOVO%20CAGED/2022/202206/CAGEDMOV202206.7z,44999866,2026-06-08T19:17:40Z
202206,FOR,ftp://ftp.mtps.gov.br/pdet/microdados/NOVO%20CAGED/2022/202206/CAGEDFOR202206.7z,1167215,2026-06-08T19:17:39Z
202206,EXC,ftp://ftp.mtps.gov.br/pdet/microdados/NOVO%20CAGED/2022/202206/CAGEDEXC202206.7z,83126,2026-06-08T19:17:38Z
202207,MOV,ftp://ftp.mtps.gov.br/pdet/microdados/NOVO%20CAGED/2022/202207/CAGEDMOV202207.7z,45429180,2026-06-09T12:15:02Z
202207,FOR,ftp://ftp.mtps.gov.br/pdet/microdados/NOVO%20CAGED/2022/202207/CAGEDFOR202207.7z,878601,2026-06-09T12:15:01Z
202207,EXC,ftp://ftp.mtps.gov.br/pdet/microdados/NOVO%20CAGED/2022/202207/CAGEDEXC202207.7z,83399,2026-06-09T12:15:00Z
202208,MOV,ftp://ftp.mtps.gov.br/pdet/microdados/NOVO%20CAGED/2022/202208/CAGEDMOV202208.7z,48975744,2026-06-11T18:33:20Z
202208,FOR,ftp://ftp.mtps.gov.br/pdet/microdados/NOVO%20CAGED/2022/202208/CAGEDFOR202208.7z,1082886,2026-06-11T18:33:18Z
202208,EXC,ftp://ftp.mtps.gov.br/pdet/microdados/NOVO%20CAGED/2022/202208/CAGEDEXC202208.7z,74406,2026-06-11T18:33:18Z
202209,MOV,ftp://ftp.mtps.gov.br/pdet/microdados/NOVO%20CAGED/2022/202209/CAGEDMOV202209.7z,45611759,2026-06-11T18:34:52Z
202209,FOR,ftp://ftp.mtps.gov.br/pdet/microdados/NOVO%20CAGED/2022/202209/CAGEDFOR202209.7z,694910,2026-06-11T18:34:50Z
202209,EXC,ftp://ftp.mtps.gov.br/pdet/microdados/NOVO%20CAGED/2022/202209/CAGEDEXC202209.7z,79439,2026-06-11T18:34:50Z
202210,MOV,ftp://ftp.mtps.gov.br/pdet/microdados/NOVO%20CAGED/2022/202210/CAGEDMOV202210.7z,43580858,2026-06-11T18:36:59Z
202210,FOR,ftp://ftp.mtps.gov.br/pdet/microdados/NOVO%20CAGED/2022/202210/CAGEDFOR202210.7z,883978,2026-06-11T18:36:57Z
202210,EXC,ftp://ftp.mtps.gov.br/pdet/microdados/NOVO%20CAGED/2022/202210/CAGEDEXC202210.7z,81823,2026-06-11T18:36:57Z
202211,MOV,ftp://ftp.mtps.gov.br/pdet/microdados/NOVO%20CAGED/2022/202211/CAGEDMOV202211.7z,42601431,2026-06-11T18:38:44Z
202211,FOR,ftp://ftp.mtps.gov.br/pdet/microdados/NOVO%20CAGED/2022/202211/CAGEDFOR202211.7z,840717,2026-06-11T18:38:42Z
202211,EXC,ftp://ftp.mtps.gov.br/pdet/microdados/NOVO%20CAGED/2022/202211/CAGEDEXC202211.7z,84279,2026-06-11T18:38:42Z
202212,MOV,ftp://ftp.mtps.gov.br/pdet/microdados/NOVO%20CAGED/2022/202212/CAGEDMOV202212.7z,40425035,2026-06-11T18:42:14Z
202212,FOR,ftp://ftp.mtps.gov.br/pdet/microdados/NOVO%20CAGED/2022/202212/CAGEDFOR202212.7z,849822,2026-06-11T18:42:12Z
202212,EXC,ftp://ftp.mtps.gov.br/pdet/microdados/NOVO%20CAGED/2022/202212/CAGEDEXC202212.7z,90099,2026-06-11T18:42:12Z
202301,MOV,ftp://ftp.mtps.gov.br/pdet/microdados/NOVO%20CAGED/2023/202301/CAGEDMOV202301.7z,46719858,2026-06-11T18:45:45Z
202301,FOR,ftp://ftp.mtps.gov.br/pdet/microdados/NOVO%20CAGED/2023/202301/CAGEDFOR202301.7z,1016110,2026-06-11T18:45:43Z
202301,EXC,ftp://ftp.mtps.gov.br/pdet/microdados/NOVO%20CAGED/2023/202301/CAGEDEXC202301.7z,102254,2026-06-11T18:45:43Z
202302,MOV,ftp://ftp.mtps.gov.br/pdet/microdados/NOVO%20CAGED/2023/202302/CAGEDMOV202302.7z,46755851,2026-06-11T18:47:01Z
202302,FOR,ftp://ftp.mtps.gov.br/pdet/microdados/NOVO%20CAGED/2023/202302/CAGEDFOR202302.7z,900906,2026-06-11T18:46:59Z
202302,EXC,ftp://ftp.mtps.gov.br/pdet/microdados/NOVO%20CAGED/2023/202302/CAGEDEXC202302.7z,82080,2026-06-11T18:46:59Z
202303,MOV,ftp://ftp.mtps.gov.br/pdet/microdados/NOVO%20CAGED/2023/202303/CAGEDMOV202303.7z,52898207,2026-06-11T18:48:27Z
202303,FOR,ftp://ftp.mtps.gov.br/pdet/microdados/NOVO%20CAGED/2023/202303/CAGEDFOR202303.7z,787292,2026-06-11T18:48:25Z
202303,EXC,ftp://ftp.mtps.gov.br/pdet/microdados/NOVO%20CAGED/2023/202303/CAGEDEXC202303.7z,107254,2026-06-11T18:48:25Z
202304,MOV,ftp://ftp.mtps.gov.br/pdet/microdados/NOVO%20CAGED/2023/202304/CAGEDMOV202304.7z,45282290,2026-06-11T18:55:54Z
202304,FOR,ftp://ftp.mtps.gov.br/pdet/microdados/NOVO%20CAGED/2023/202304/CAGEDFOR202304.7z,895379,2026-06-11T18:55:53Z
202304,EXC,ftp://ftp.mtps.gov.br/pdet/microdados/NOVO%20CAGED/2023/202304/CAGEDEXC202304.7z,90599,2026-06-11T18:55:53Z
202305,MOV,ftp://ftp.mtps.gov.br/pdet/microdados/NOVO%20CAGED/2023/202305/CAGEDMOV202305.7z,49004467,2026-06-11T18:58:05Z
202305,FOR,ftp://ftp.mtps.gov.br/pdet/microdados/NOVO%20CAGED/2023/202305/CAGEDFOR202305.7z,960433,2026-06-11T18:58:03Z
202305,EXC,ftp://ftp.mtps.gov.br/pdet/microdados/NOVO%20CAGED/2023/202305/CAGEDEXC202305.7z,109689,2026-06-11T18:58:03Z
202306,MOV,ftp://ftp.mtps.gov.br/pdet/microdados/NOVO%20CAGED/2023/202306/CAGEDMOV202306.7z,46886297,2026-06-12T17:47:30Z
202306,FOR,ftp://ftp.mtps.gov.br/pdet/microdados/NOVO%20CAGED/2023/202306/CAGEDFOR202306.7z,783722,2026-06-12T17:47:28Z
202306,EXC,ftp://ftp.mtps.gov.br/pdet/microdados/NOVO%20CAGED/2023/202306/CAGEDEXC202306.7z,109477,2026-06-12T17:47:28Z
202307,MOV,ftp://ftp.mtps.gov.br/pdet/microdados/NOVO%20CAGED/2023/202307/CAGEDMOV202307.7z,46260497,2026-06-12T18:07:20Z
202307,FOR,ftp://ftp.mtps.gov.br/pdet/microdados/NOVO%20CAGED/2023/202307/CAGEDFOR202307.7z,764043,2026-06-12T18:07:19Z
202307,EXC,ftp://ftp.mtps.gov.br/pdet/microdados/NOVO%20CAGED/2023/202307/CAGEDEXC202307.7z,101733,2026-06-12T18:07:19Z
202308,MOV,ftp://ftp.mtps.gov.br/pdet/microdados/NOVO%20CAGED/2023/202308/CAGEDMOV202308.7z,50031370,2026-06-12T18:08:32Z
202308,FOR,ftp://ftp.mtps.gov.br/pdet/microdados/NOVO%20CAGED/2023/202308/CAGEDFOR202308.7z,621330,2026-06-12T18:08:30Z
202308,EXC,ftp://ftp.mtps.gov.br/pdet/microdados/NOVO%20CAGED/2023/202308/CAGEDEXC202308.7z,98717,2026-06-12T18:08:30Z
202309,MOV,ftp://ftp.mtps.gov.br/pdet/microdados/NOVO%20CAGED/2023/202309/CAGEDMOV202309.7z,45365331,2026-06-12T18:12:12Z
202309,FOR,ftp://ftp.mtps.gov.br/pdet/microdados/NOVO%20CAGED/2023/202309/CAGEDFOR202309.7z,509217,2026-06-12T18:12:10Z
202309,EXC,ftp://ftp.mtps.gov.br/pdet/microdados/NOVO%20CAGED/2023/202309/CAGEDEXC202309.7z,95591,2026-06-12T18:12:10Z
202310,MOV,ftp://ftp.mtps.gov.br/pdet/microdados/NOVO%20CAGED/2023/202310/CAGEDMOV202310.7z,46890697,2026-06-12T18:13:14Z
202310,FOR,ftp://ftp.mtps.gov.br/pdet/microdados/NOVO%20CAGED/2023/202310/CAGEDFOR202310.7z,824791,2026-06-12T18:13:12Z
202310,EXC,ftp://ftp.mtps.gov.br/pdet/microdados/NOVO%20CAGED/2023/202310/CAGEDEXC202310.7z,111626,2026-06-12T18:13:12Z
202311,MOV,ftp://ftp.mtps.gov.br/pdet/microdados/NOVO%20CAGED/2023/202311/CAGEDMOV202311.7z,45657398,2026-06-12T18:15:48Z
202311,FOR,ftp://ftp.mtps.gov.br/pdet/microdados/NOVO%20CAGED/2023/202311/CAGEDFOR202311.7z,722655,2026-06-12T18:15:46Z
202311,EXC,ftp://ftp.mtps.gov.br/pdet/microdados/NOVO%20CAGED/2023/202311/CAGEDEXC202311.7z,100584,2026-06-12T18:15:46Z
202312,MOV,ftp://ftp.mtps.gov.br/pdet/microdados/NOVO%20CAGED/2023/202312/CAGEDMOV202312.7z,43449338,2026-06-12T18:17:00Z
202312,FOR,ftp://ftp.mtps.gov.br/pdet/microdados/NOVO%20CAGED/2023/202312/CAGEDFOR202312.7z,588448,2026-06-12T18:16:58Z
202312,EXC,ftp://ftp.mtps.gov.br/pdet/microdados/NOVO%20CAGED/2023/202312/CAGEDEXC202312.7z,96710,2026-06-12T18:16:58Z
202401,MOV,ftp://ftp.mtps.gov.br/pdet/microdados/NOVO%20CAGED/2024/202401/CAGEDMOV202401.7z,50252445,2026-06-12T18:19:06Z
202401,FOR,ftp://ftp.mtps.gov.br/pdet/microdados/NOVO%20CAGED/2024/202401/CAGEDFOR202401.7z,574052,2026-06-12T18:19:05Z
202401,EXC,ftp://ftp.mtps.gov.br/pdet/microdados/NOVO%20CAGED/2024/202401/CAGEDEXC202401.7z,93559,2026-06-12T18:19:04Z
202402,MOV,ftp://ftp.mtps.gov.br/pdet/microdados/NOVO%20CAGED/2024/202402/CAGEDMOV202402.7z,53343727,2026-06-12T18:21:36Z
202402,FOR,ftp://ftp.mtps.gov.br/pdet/microdados/NOVO%20CAGED/2024/202402/CAGEDFOR202402.7z,1037816,2026-06-12T18:21:34Z
202402,EXC,ftp://ftp.mtps.gov.br/pdet/microdados/NOVO%20CAGED/2024/202402/CAGEDEXC202402.7z,102846,2026-06-12T18:21:33Z
202403,MOV,ftp://ftp.mtps.gov.br/pdet/microdados/NOVO%20CAGED/2024/202403/CAGEDMOV202403.7z,54276556,2026-06-16T16:56:23Z
202403,FOR,ftp://ftp.mtps.gov.br/pdet/microdados/NOVO%20CAGED/2024/202403/CAGEDFOR202403.7z,665608,2026-06-16T16:56:22Z
202403,EXC,ftp://ftp.mtps.gov.br/pdet/microdados/NOVO%20CAGED/2024/202403/CAGEDEXC202403.7z,116349,2026-06-16T16:56:22Z
202404,MOV,ftp://ftp.mtps.gov.br/pdet/microdados/NOVO%20CAGED/2024/202404/CAGEDMOV202404.7z,54334120,2026-06-16T16:59:46Z
202404,FOR,ftp://ftp.mtps.gov.br/pdet/microdados/NOVO%20CAGED/2024/202404/CAGEDFOR202404.7z,700503,2026-06-16T16:59:44Z
202404,EXC,ftp://ftp.mtps.gov.br/pdet/microdados/NOVO%20CAGED/2024/202404/CAGEDEXC202404.7z,120261,2026-06-16T16:59:44Z
202405,MOV,ftp://ftp.mtps.gov.br/pdet/microdados/NOVO%20CAGED/2024/202405/CAGEDMOV202405.7z,52013075,2026-06-16T17:01:58Z
202405,FOR,ftp://ftp.mtps.gov.br/pdet/microdados/NOVO%20CAGED/2024/202405/CAGEDFOR202405.7z,618522,2026-06-16T17:01:56Z
202405,EXC,ftp://ftp.mtps.gov.br/pdet/microdados/NOVO%20CAGED/2024/202405/CAGEDEXC202405.7z,122725,2026-06-16T17:01:56Z
202406,MOV,ftp://ftp.mtps.gov.br/pdet/microdados/NOVO%20CAGED/2024/202406/CAGEDMOV202406.7z,50057151,2026-06-16T17:03:05Z
202406,FOR,ftp://ftp.mtps.gov.br/pdet/microdados/NOVO%20CAGED/2024/202406/CAGEDFOR202406.7z,657045,2026-06-16T17:03:03Z
202406,EXC,ftp://ftp.mtps.gov.br/pdet/microdados/NOVO%20CAGED/2024/202406/CAGEDEXC202406.7z,112635,2026-06-16T17:03:03Z
202407,MOV,ftp://ftp.mtps.gov.br/pdet/microdados/NOVO%20CAGED/2024/202407/CAGEDMOV202407.7z,53309299,2026-06-16T17:04:02Z
202407,FOR,ftp://ftp.mtps.gov.br/pdet/microdados/NOVO%20CAGED/2024/202407/CAGEDFOR202407.7z,588539,2026-06-16T17:04:01Z
202407,EXC,ftp://ftp.mtps.gov.br/pdet/microdados/NOVO%20CAGED/2024/202407/CAGEDEXC202407.7z,109634,2026-06-16T17:04:01Z
202408,MOV,ftp://ftp.mtps.gov.br/pdet/microdados/NOVO%20CAGED/2024/202408/CAGEDMOV202408.7z,53870229,2026-06-16T17:06:01Z
202408,FOR,ftp://ftp.mtps.gov.br/pdet/microdados/NOVO%20CAGED/2024/202408/CAGEDFOR202408.7z,523329,2026-06-16T17:05:59Z
202408,EXC,ftp://ftp.mtps.gov.br/pdet/microdados/NOVO%20CAGED/2024/202408/CAGEDEXC202408.7z,99861,2026-06-16T17:05:59Z
202409,MOV,ftp://ftp.mtps.gov.br/pdet/microdados/NOVO%20CAGED/2024/202409/CAGEDMOV202409.7z,51790288,2026-06-16T17:08:06Z
202409,FOR,ftp://ftp.mtps.gov.br/pdet/microdados/NOVO%20CAGED/2024/202409/CAGEDFOR202409.7z,586593,2026-06-16T17:08:05Z
202409,EXC,ftp://ftp.mtps.gov.br/pdet/microdados/NOVO%20CAGED/2024/202409/CAGEDEXC202409.7z,104037,2026-06-16T17:08:05Z
202410,MOV,ftp://ftp.mtps.gov.br/pdet/microdados/NOVO%20CAGED/2024/202410/CAGEDMOV202410.7z,54686311,2026-06-16T17:09:02Z
202410,FOR,ftp://ftp.mtps.gov.br/pdet/microdados/NOVO%20CAGED/2024/202410/CAGEDFOR202410.7z,554962,2026-06-16T17:09:01Z
202410,EXC,ftp://ftp.mtps.gov.br/pdet/microdados/NOVO%20CAGED/2024/202410/CAGEDEXC202410.7z,105951,2026-06-16T17:09:00Z
202411,MOV,ftp://ftp.mtps.gov.br/pdet/microdados/NOVO%20CAGED/2024/202411/CAGEDMOV202411.7z,48630492,2026-06-16T17:10:34Z
202411,FOR,ftp://ftp.mtps.gov.br/pdet/microdados/NOVO%20CAGED/2024/202411/CAGEDFOR202411.7z,455124,2026-06-16T17:10:33Z
202411,EXC,ftp://ftp.mtps.gov.br/pdet/microdados/NOVO%20CAGED/2024/202411/CAGEDEXC202411.7z,88855,2026-06-16T17:10:33Z
202412,MOV,ftp://ftp.mtps.gov.br/pdet/microdados/NOVO%20CAGED/2024/202412/CAGEDMOV202412.7z,45136741,2026-06-16T17:11:38Z
202412,FOR,ftp://ftp.mtps.gov.br/pdet/microdados/NOVO%20CAGED/2024/202412/CAGEDFOR202412.7z,533176,2026-06-16T17:11:36Z
202412,EXC,ftp://ftp.mtps.gov.br/pdet/microdados/NOVO%20CAGED/2024/202412/CAGEDEXC202412.7z,71107,2026-06-16T17:11:36Z
202501,MOV,ftp://ftp.mtps.gov.br/pdet/microdados/NOVO%20CAGED/2025/202501/CAGEDMOV202501.7z,55719173,2026-06-16T17:14:04Z
202501,FOR,ftp://ftp.mtps.gov.br/pdet/microdados/NOVO%20CAGED/2025/202501/CAGEDFOR202501.7z,544766,2026-06-16T17:14:03Z
202501,EXC,ftp://ftp.mtps.gov.br/pdet/microdados/NOVO%20CAGED/2025/202501/CAGEDEXC202501.7z,104511,2026-06-16T17:14:03Z
202502,MOV,ftp://ftp.mtps.gov.br/pdet/microdados/NOVO%20CAGED/2025/202502/CAGEDMOV202502.7z,60011810,2026-06-16T17:15:22Z
202502,FOR,ftp://ftp.mtps.gov.br/pdet/microdados/NOVO%20CAGED/2025/202502/CAGEDFOR202502.7z,762643,2026-06-16T17:15:20Z
202502,EXC,ftp://ftp.mtps.gov.br/pdet/microdados/NOVO%20CAGED/2025/202502/CAGEDEXC202502.7z,101816,2026-06-16T17:15:20Z
202503,MOV,ftp://ftp.mtps.gov.br/pdet/microdados/NOVO%20CAGED/2025/202503/CAGEDMOV202503.7z,55662990,2026-06-16T17:18:00Z
202503,FOR,ftp://ftp.mtps.gov.br/pdet/microdados/NOVO%20CAGED/2025/202503/CAGEDFOR202503.7z,858550,2026-06-16T17:17:58Z
202503,EXC,ftp://ftp.mtps.gov.br/pdet/microdados/NOVO%20CAGED/2025/202503/CAGEDEXC202503.7z,142490,2026-06-16T17:17:58Z
202504,MOV,ftp://ftp.mtps.gov.br/pdet/microdados/NOVO%20CAGED/2025/202504/CAGEDMOV202504.7z,54571341,2026-06-16T17:19:05Z
202504,FOR,ftp://ftp.mtps.gov.br/pdet/microdados/NOVO%20CAGED/2025/202504/CAGEDFOR202504.7z,496301,2026-06-16T17:19:03Z
202504,EXC,ftp://ftp.mtps.gov.br/pdet/microdados/NOVO%20CAGED/2025/202504/CAGEDEXC202504.7z,80318,2026-06-16T17:19:03Z
202505,MOV,ftp://ftp.mtps.gov.br/pdet/microdados/NOVO%20CAGED/2025/202505/CAGEDMOV202505.7z,53785854,2026-06-16T17:20:00Z
202505,FOR,ftp://ftp.mtps.gov.br/pdet/microdados/NOVO%20CAGED/2025/202505/CAGEDFOR202505.7z,1445949,2026-06-16T17:19:58Z
202505,EXC,ftp://ftp.mtps.gov.br/pdet/microdados/NOVO%20CAGED/2025/202505/CAGEDEXC202505.7z,168980,2026-06-16T17:19:58Z
202506,MOV,ftp://ftp.mtps.gov.br/pdet/microdados/NOVO%20CAGED/2025/202506/CAGEDMOV202506.7z,50842824,2026-06-16T17:22:31Z
202506,FOR,ftp://ftp.mtps.gov.br/pdet/microdados/NOVO%20CAGED/2025/202506/CAGEDFOR202506.7z,667427,2026-06-16T17:22:30Z
202506,EXC,ftp://ftp.mtps.gov.br/pdet/microdados/NOVO%20CAGED/2025/202506/CAGEDEXC202506.7z,105966,2026-06-16T17:22:30Z
202507,MOV,ftp://ftp.mtps.gov.br/pdet/microdados/NOVO%20CAGED/2025/202507/CAGEDMOV202507.7z,54073599,2026-06-16T17:24:51Z
202507,FOR,ftp://ftp.mtps.gov.br/pdet/microdados/NOVO%20CAGED/2025/202507/CAGEDFOR202507.7z,933977,2026-06-16T17:24:49Z
202507,EXC,ftp://ftp.mtps.gov.br/pdet/microdados/NOVO%20CAGED/2025/202507/CAGEDEXC202507.7z,126064,2026-06-16T17:24:49Z
202508,MOV,ftp://ftp.mtps.gov.br/pdet/microdados/NOVO%20CAGED/2025/202508/CAGEDMOV202508.7z,53665905,2026-06-16T17:25:52Z
202508,FOR,ftp://ftp.mtps.gov.br/pdet/microdados/NOVO%20CAGED/2025/202508/CAGEDFOR202508.7z,561394,2026-06-16T17:25:51Z
202508,EXC,ftp://ftp.mtps.gov.br/pdet/microdados/NOVO%20CAGED/2025/202508/CAGEDEXC202508.7z,111149,2026-06-16T17:25:51Z
202509,MOV,ftp://ftp.mtps.gov.br/pdet/microdados/NOVO%20CAGED/2025/202509/CAGEDMOV202509.7z,53975596,2026-06-16T17:27:34Z
202509,FOR,ftp://ftp.mtps.gov.br/pdet/microdados/NOVO%20CAGED/2025/202509/CAGEDFOR202509.7z,655984,2026-06-16T17:27:32Z
202509,EXC,ftp://ftp.mtps.gov.br/pdet/microdados/NOVO%20CAGED/2025/202509/CAGEDEXC202509.7z,119675,2026-06-16T17:27:32Z
202510,MOV,ftp://ftp.mtps.gov.br/pdet/microdados/NOVO%20CAGED/2025/202510/CAGEDMOV202510.7z,54992736,2025-11-27T17:27:50Z
202510,FOR,ftp://ftp.mtps.gov.br/pdet/microdados/NOVO%20CAGED/2025/202510/CAGEDFOR202510.7z,490615,2025-11-27T17:27:34Z
202510,EXC,ftp://ftp.mtps.gov.br/pdet/microdados/NOVO%20CAGED/2025/202510/CAGEDEXC202510.7z,125209,2025-11-27T17:27:33Z
202511,MOV,ftp://ftp.mtps.gov.br/pdet/microdados/NOVO%20CAGED/2025/202511/CAGEDMOV202511.7z,47598690,2026-06-16T17:48:53Z
202511,FOR,ftp://ftp.mtps.gov.br/pdet/microdados/NOVO%20CAGED/2025/202511/CAGEDFOR202511.7z,595004,2026-06-16T17:48:52Z
202511,EXC,ftp://ftp.mtps.gov.br/pdet/microdados/NOVO%20CAGED/2025/202511/CAGEDEXC202511.7z,103360,2026-06-16T17:48:51Z
202512,MOV,ftp://ftp.mtps.gov.br/pdet/microdados/NOVO%20CAGED/2025/202512/CAGEDMOV202512.7z,44879645,2026-06-16T17:50:21Z
202512,FOR,ftp://ftp.mtps.gov.br/pdet/microdados/NOVO%20CAGED/2025/202512/CAGEDFOR202512.7z,543024,2026-06-16T17:50:20Z
202512,EXC,ftp://ftp.mtps.gov.br/pdet/microdados/NOVO%20CAGED/2025/202512/CAGEDEXC202512.7z,92412,2026-06-16T17:50:20Z
202601,MOV,ftp://ftp.mtps.gov.br/pdet/microdados/NOVO%20CAGED/2026/202601/CAGEDMOV202601.7z,52965302,2026-06-16T17:51:42Z
202601,FOR,ftp://ftp.mtps.gov.br/pdet/microdados/NOVO%20CAGED/2026/202601/CAGEDFOR202601.7z,633384,2026-06-16T17:51:41Z
202601,EXC,ftp://ftp.mtps.gov.br/pdet/microdados/NOVO%20CAGED/2026/202601/CAGEDEXC202601.7z,124303,2026-06-16T17:51:40Z
202602,MOV,ftp://ftp.mtps.gov.br/pdet/microdados/NOVO%20CAGED/2026/202602/CAGEDMOV202602.7z,55543328,2026-06-16T17:52:36Z
202602,FOR,ftp://ftp.mtps.gov.br/pdet/microdados/NOVO%20CAGED/2026/202602/CAGEDFOR202602.7z,945794,2026-06-16T17:52:34Z
202602,EXC,ftp://ftp.mtps.gov.br/pdet/microdados/NOVO%20CAGED/2026/202602/CAGEDEXC202602.7z,137469,2026-06-16T17:52:34Z
202603,MOV,ftp://ftp.mtps.gov.br/pdet/microdados/NOVO%20CAGED/2026/202603/CAGEDMOV202603.7z,59393453,2026-06-16T17:53:39Z
202603,FOR,ftp://ftp.mtps.gov.br/pdet/microdados/NOVO%20CAGED/2026/202603/CAGEDFOR202603.7z,915687,2026-06-16T17:53:37Z
202603,EXC,ftp://ftp.mtps.gov.br/pdet/microdados/NOVO%20CAGED/2026/202603/CAGEDEXC202603.7z,156026,2026-06-16T17:53:37Z
202604,MOV,ftp://ftp.mtps.gov.br/pdet/microdados/NOVO%20CAGED/2026/202604/CAGEDMOV202604.7z,54955632,2026-06-16T17:54:32Z
202604,FOR,ftp://ftp.mtps.gov.br/pdet/microdados/NOVO%20CAGED/2026/202604/CAGEDFOR202604.7z,783837,2026-06-16T17:54:30Z
202604,EXC,ftp://ftp.mtps.gov.br/pdet/microdados/NOVO%20CAGED/2026/202604/CAGEDEXC202604.7z,140967,2026-06-16T17:54:32Z
202605,MOV,ftp://ftp.mtps.gov.br/pdet/microdados/NOVO%20CAGED/2026/202605/CAGEDMOV202605.7z,53576799,2026-06-30T17:21:57Z
202605,FOR,ftp://ftp.mtps.gov.br/pdet/microdados/NOVO%20CAGED/2026/202605/CAGEDFOR202605.7z,969575,2026-06-30T17:21:59Z
202605,EXC,ftp://ftp.mtps.gov.br/pdet/microdados/NOVO%20CAGED/2026/202605/CAGEDEXC202605.7z,135734,2026-06-30T17:21:58Z
