outcome,outcome_label,t,is_reference,is_pre,n_obs,n_cbo,coef,se,p_value,ci_low,ci_high,coefficient_status
asinh_saldo,Saldo líquido (asinh),-12,False,True,18307,341,-2.563885599345692,0.6329518033418396,6.331118373137379e-05,-3.8044711338956976,-1.3233000647956865,estimated
asinh_saldo,Saldo líquido (asinh),-11,False,True,18307,341,-4.015144042326024,0.8541842275799517,3.7752770638554978e-06,-5.68934512838273,-2.3409429562693185,estimated
asinh_saldo,Saldo líquido (asinh),-10,False,True,18307,341,-3.2582032209959704,0.8242271503952631,9.389307531426638e-05,-4.873688435770686,-1.6427180062212547,estimated
asinh_saldo,Saldo líquido (asinh),-9,False,True,18307,341,-2.7748914956831725,0.8293158119899299,0.0009115130147343553,-4.400350487183435,-1.1494325041829099,estimated
asinh_saldo,Saldo líquido (asinh),-8,False,True,18307,341,-2.615446810371194,0.7320730341023197,0.00040439424088156706,-4.0503099572117405,-1.1805836635306475,estimated
asinh_saldo,Saldo líquido (asinh),-7,False,True,18307,341,-3.586278784936426,0.7073660513515582,6.552358149392035e-07,-4.97271624558548,-2.1998413242873722,estimated
asinh_saldo,Saldo líquido (asinh),-6,False,True,18307,341,-3.3942157347560253,0.7196466482258423,3.5080917761831643e-06,-4.804723165278676,-1.9837083042333743,estimated
asinh_saldo,Saldo líquido (asinh),-5,False,True,18307,341,-3.689226369904904,0.7649935276458945,2.1419955542612e-06,-5.188613684090857,-2.1898390557189513,estimated
asinh_saldo,Saldo líquido (asinh),-4,False,True,18307,341,-3.3324509821002817,0.7919299986570304,3.3004958933657846e-05,-4.884633779468061,-1.7802681847325021,estimated
asinh_saldo,Saldo líquido (asinh),-3,False,True,18307,341,-3.3974517135131967,0.7780245142397634,1.6760443565022598e-05,-4.922379761423133,-1.8725236656032607,estimated
asinh_saldo,Saldo líquido (asinh),-2,False,True,18307,341,-1.9628043476040884,0.6459680721559551,0.0025613039056817666,-3.2289017690297603,-0.6967069261784165,estimated
asinh_saldo,Saldo líquido (asinh),-1,True,False,18307,341,0.0,0.0,,0.0,0.0,reference
asinh_saldo,Saldo líquido (asinh),0,False,False,18307,341,-3.4340311589771493,0.7479719518560387,6.214625120071204e-06,-4.900056184614985,-1.9680061333393135,estimated
asinh_saldo,Saldo líquido (asinh),1,False,False,18307,341,-3.860940777201742,0.7973462859847256,1.952733601040535e-06,-5.423739497731804,-2.2981420566716797,estimated
asinh_saldo,Saldo líquido (asinh),2,False,False,18307,341,-5.8375177807562375,0.8552312962152638,4.0310865756509884e-11,-7.513771121338155,-4.16126444017432,estimated
asinh_saldo,Saldo líquido (asinh),3,False,False,18307,341,-4.465561865161291,0.8972068547824694,1.0271664354633003e-06,-6.224087300534931,-2.7070364297876512,estimated
asinh_saldo,Saldo líquido (asinh),4,False,False,18307,341,-3.234548532098354,0.8499789889272527,0.0001678368022453025,-4.9005073503957695,-1.5685897138009388,estimated
asinh_saldo,Saldo líquido (asinh),5,False,False,18307,341,-4.215197892298601,0.8717953357791242,2.0196557131146875e-06,-5.923916750425684,-2.5064790341715177,estimated
asinh_saldo,Saldo líquido (asinh),6,False,False,18307,341,-3.149726650128134,0.9164516917061403,0.000661465108524828,-4.945971965872168,-1.353481334384099,estimated
asinh_saldo,Saldo líquido (asinh),7,False,False,18307,341,-3.7446431334295434,0.8532719592772847,1.5246869802698626e-05,-5.417056173613021,-2.0722300932460653,estimated
asinh_saldo,Saldo líquido (asinh),8,False,False,18307,341,-3.126434175636156,0.8788812465559733,0.00042788856783415596,-4.8490414188858635,-1.4038269323864483,estimated
asinh_saldo,Saldo líquido (asinh),9,False,False,18307,341,-3.6565465109674933,0.9028199199509037,6.345100543247995e-05,-5.426073554071264,-1.887019467863722,estimated
asinh_saldo,Saldo líquido (asinh),10,False,False,18307,341,-2.273433420693424,0.8098975279330352,0.0052878752313265664,-3.860832575442173,-0.686034265944675,estimated
asinh_saldo,Saldo líquido (asinh),11,False,False,18307,341,-1.3763770945818097,0.7889933081339248,0.08198036277485388,-2.9228039785243025,0.17004978936068293,estimated
asinh_saldo,Saldo líquido (asinh),12,False,False,18307,341,-2.6445214350200987,0.8411598332319199,0.0018139578599121187,-4.293194708154662,-0.9958481618855357,estimated
asinh_saldo,Saldo líquido (asinh),13,False,False,18307,341,-3.6110630601955775,0.9394691500793291,0.00014461389225695065,-5.452422594351063,-1.7697035260400926,estimated
asinh_saldo,Saldo líquido (asinh),14,False,False,18307,341,-4.652931786832964,0.9346478486724911,1.021788873734053e-06,-6.484841570231046,-2.8210220034348814,estimated
asinh_saldo,Saldo líquido (asinh),15,False,False,18307,341,-3.796499974515456,0.8805312177178141,2.125931926255653e-05,-5.522341161242371,-2.070658787788541,estimated
asinh_saldo,Saldo líquido (asinh),16,False,False,18307,341,-2.820069672215684,0.8941961731938514,0.0017555370101705048,-4.572694171675633,-1.0674451727557355,estimated
asinh_saldo,Saldo líquido (asinh),17,False,False,18307,341,-2.6179428145788095,0.8914008759238624,0.003541292236886484,-4.3650885313895795,-0.8707970977680393,estimated
asinh_saldo,Saldo líquido (asinh),18,False,False,18307,341,-3.7156780208926214,0.8331656844293174,1.1166182240396338e-05,-5.348682762374084,-2.0826732794111593,estimated
asinh_saldo,Saldo líquido (asinh),19,False,False,18307,341,-3.429891487181809,0.8526702394476148,7.098620024259539e-05,-5.101125156499134,-1.7586578178644843,estimated
asinh_saldo,Saldo líquido (asinh),20,False,False,18307,341,-4.016071830515735,0.9046443905265258,1.2210089562314508e-05,-5.789174835947725,-2.242968825083744,estimated
asinh_saldo,Saldo líquido (asinh),21,False,False,18307,341,-3.1818968688369873,0.832093381292284,0.00015619316743209488,-4.812799896169864,-1.5509938415041107,estimated
asinh_saldo,Saldo líquido (asinh),22,False,False,18307,341,-2.5980592060996077,0.8421253242018961,0.0022015369551757757,-4.2486248415353245,-0.9474935706638914,estimated
asinh_saldo,Saldo líquido (asinh),23,False,False,18307,341,-1.5454937530678492,0.7989980985998679,0.053906993143932436,-3.1115300263235905,0.020542520187891933,estimated
asinh_saldo,Saldo líquido (asinh),24,False,False,18307,341,-3.4317591841347106,0.7604219983972794,8.820419901134358e-06,-4.922186300993378,-1.941332067276043,estimated
saldo_per_pre_adm,Saldo líquido / admissões pré,-12,False,True,18299,340,-0.12575418269802716,0.04825402034026172,0.009562368018595668,-0.22033206256494015,-0.03117630283111418,estimated
saldo_per_pre_adm,Saldo líquido / admissões pré,-11,False,True,18299,340,-0.16709989744343634,0.06184651172453439,0.00724229689107414,-0.28831906042352373,-0.045880734463348935,estimated
saldo_per_pre_adm,Saldo líquido / admissões pré,-10,False,True,18299,340,-0.20140130042039336,0.064133108791398,0.0018358057428997654,-0.3271021936515334,-0.0757004071892533,estimated
saldo_per_pre_adm,Saldo líquido / admissões pré,-9,False,True,18299,340,-0.14274413117070733,0.05544750294271497,0.010465264880362923,-0.25142123693842866,-0.03406702540298599,estimated
saldo_per_pre_adm,Saldo líquido / admissões pré,-8,False,True,18299,340,-0.10914126378972508,0.053530531495684756,0.04223937446730086,-0.2140611055212672,-0.004221422058182961,estimated
saldo_per_pre_adm,Saldo líquido / admissões pré,-7,False,True,18299,340,-0.26237616170998485,0.05709827132165643,6.108163231655084e-06,-0.37428877350043144,-0.15046354991953825,estimated
saldo_per_pre_adm,Saldo líquido / admissões pré,-6,False,True,18299,340,-0.25812511745579525,0.0609880701559545,2.980450834688675e-05,-0.37766173496146604,-0.13858849995012446,estimated
saldo_per_pre_adm,Saldo líquido / admissões pré,-5,False,True,18299,340,-0.17292403097293366,0.05598359567903029,0.0021754640236539835,-0.282651878503833,-0.0631961834420343,estimated
saldo_per_pre_adm,Saldo líquido / admissões pré,-4,False,True,18299,340,-0.12864540229945068,0.08325986480966356,0.12325335278355998,-0.29183473732639126,0.0345439327274899,estimated
saldo_per_pre_adm,Saldo líquido / admissões pré,-3,False,True,18299,340,-0.15712105721339062,0.06873774762901556,0.02288235005208894,-0.29184704256626115,-0.022395071860520116,estimated
saldo_per_pre_adm,Saldo líquido / admissões pré,-2,False,True,18299,340,-0.10524127077160735,0.05661676643354667,0.06391683830127826,-0.21621013298135883,0.005727591438144122,estimated
saldo_per_pre_adm,Saldo líquido / admissões pré,-1,True,False,18299,340,0.0,0.0,,0.0,0.0,reference
saldo_per_pre_adm,Saldo líquido / admissões pré,0,False,False,18299,340,0.0018038538036252772,0.07132564926635575,0.9798382159862686,-0.137994418758432,0.14160212636568253,estimated
saldo_per_pre_adm,Saldo líquido / admissões pré,1,False,False,18299,340,-0.15694638168915276,0.05482479019881588,0.004461838935470697,-0.2644029704788319,-0.04948979289947364,estimated
saldo_per_pre_adm,Saldo líquido / admissões pré,2,False,False,18299,340,-0.26261264632301223,0.061841036915263554,2.806865707660755e-05,-0.38382107867692883,-0.14140421396909567,estimated
saldo_per_pre_adm,Saldo líquido / admissões pré,3,False,False,18299,340,-0.2035379942592792,0.06118960854843841,0.0009763638113342576,-0.3234696270142185,-0.08360636150433992,estimated
saldo_per_pre_adm,Saldo líquido / admissões pré,4,False,False,18299,340,-0.1575495359418395,0.06216881995988514,0.011719368684621978,-0.2794004230632144,-0.035698648820464654,estimated
saldo_per_pre_adm,Saldo líquido / admissões pré,5,False,False,18299,340,-0.16844948871104762,0.0669739941582202,0.012360261208316237,-0.29971851726115917,-0.03718046016093604,estimated
saldo_per_pre_adm,Saldo líquido / admissões pré,6,False,False,18299,340,-0.18848836686121664,0.06306203789349069,0.003003930756167117,-0.3120899611324584,-0.0648867725899749,estimated
saldo_per_pre_adm,Saldo líquido / admissões pré,7,False,False,18299,340,-0.2088818892293828,0.06003543951252002,0.0005683186890945713,-0.32655135067392205,-0.09121242778484356,estimated
saldo_per_pre_adm,Saldo líquido / admissões pré,8,False,False,18299,340,-0.11930450781213117,0.062390864040565396,0.05669172920255794,-0.24159060133163934,0.002981585707376999,estimated
saldo_per_pre_adm,Saldo líquido / admissões pré,9,False,False,18299,340,-0.14098092333131212,0.057485787971712186,0.01469228362318642,-0.253653067755868,-0.028308778906756246,estimated
saldo_per_pre_adm,Saldo líquido / admissões pré,10,False,False,18299,340,-0.12903870171501589,0.05035484844366094,0.010820937576053957,-0.22773420466459132,-0.030343198765440435,estimated
saldo_per_pre_adm,Saldo líquido / admissões pré,11,False,False,18299,340,-0.012079308002959543,0.05227023366081676,0.8173816245906984,-0.1145289659781604,0.0903703499722413,estimated
saldo_per_pre_adm,Saldo líquido / admissões pré,12,False,False,18299,340,0.10763228399303801,0.07185705526317597,0.13509844274584526,-0.033207544322786886,0.2484721123088629,estimated
saldo_per_pre_adm,Saldo líquido / admissões pré,13,False,False,18299,340,-0.15510523286522016,0.056838901871086374,0.006686857817123526,-0.2665094805325494,-0.04370098519789087,estimated
saldo_per_pre_adm,Saldo líquido / admissões pré,14,False,False,18299,340,-0.21695469696738393,0.06225446279172624,0.0005568487863099048,-0.33897344403916735,-0.0949359498956005,estimated
saldo_per_pre_adm,Saldo líquido / admissões pré,15,False,False,18299,340,-0.12450244060582319,0.06377660969402921,0.0517415783066113,-0.24950459560612043,0.000499714394474049,estimated
saldo_per_pre_adm,Saldo líquido / admissões pré,16,False,False,18299,340,-0.08816436777604196,0.061744190615057634,0.15424196753987207,-0.20918298138155492,0.032854245829470996,estimated
saldo_per_pre_adm,Saldo líquido / admissões pré,17,False,False,18299,340,-0.11017216914220253,0.06862797247595485,0.1093470975488855,-0.24468299519507403,0.024338656910668985,estimated
saldo_per_pre_adm,Saldo líquido / admissões pré,18,False,False,18299,340,-0.1645496506525316,0.057065409335666804,0.004183698338094732,-0.2763978529504385,-0.052701448354624675,estimated
saldo_per_pre_adm,Saldo líquido / admissões pré,19,False,False,18299,340,-0.17789773405587686,0.06614695900973956,0.007511333871808912,-0.3075457737149664,-0.048249694396787335,estimated
saldo_per_pre_adm,Saldo líquido / admissões pré,20,False,False,18299,340,-0.1173551933659361,0.0630540601436229,0.06358366527702586,-0.24094115124743698,0.006230764515564785,estimated
saldo_per_pre_adm,Saldo líquido / admissões pré,21,False,False,18299,340,-0.14623274040767334,0.06237259426308171,0.019629107989235894,-0.26848302516331346,-0.02398245565203319,estimated
saldo_per_pre_adm,Saldo líquido / admissões pré,22,False,False,18299,340,-0.06356449670078008,0.06752861484956987,0.3472228426066728,-0.19592058180593702,0.06879158840437687,estimated
saldo_per_pre_adm,Saldo líquido / admissões pré,23,False,False,18299,340,-0.016501003528979572,0.05281731073857566,0.7549160368543419,-0.12002293257658786,0.08702092551862872,estimated
saldo_per_pre_adm,Saldo líquido / admissões pré,24,False,False,18299,340,-0.13420658812961725,0.05354376610505246,0.012661540314520492,-0.23915236969552006,-0.029260806563714437,estimated
